epoch_s,timestamp,power_draw_w,clocks_sm_mhz,temperature_gpu_c,clocks_event_reasons_active,acpitz_max_c
# start 1790689891 2026-09-29T13:51:31Z host=spark-def3 driver=580.178.04 interval_s=10
1790689891,2026/09/29 13:51:31.218,63.61,1976,75,0x0000000000000000,83.4
1790689901,2026/09/29 13:51:41.280,63.80,1976,74,0x0000000000000000,83.4
1790689911,2026/09/29 13:51:51.338,63.81,1976,75,0x0000000000000000,83.4
1790689921,2026/09/29 13:52:01.396,69.56,1976,76,0x0000000000000000,85.0
1790689931,2026/09/29 13:52:11.450,70.41,1976,77,0x0000000000000000,85.4
1790689941,2026/09/29 13:52:21.506,71.41,1976,77,0x0000000000000000,86.6
1790689951,2026/09/29 13:52:31.562,71.46,1976,77,0x0000000000000000,86.7
1790689961,2026/09/29 13:52:41.615,71.77,1976,77,0x0000000000000000,86.9
1790689971,2026/09/29 13:52:51.669,71.78,1976,78,0x0000000000000000,87.2
1790689981,2026/09/29 13:53:01.723,71.70,1976,78,0x0000000000000000,87.4
1790689991,2026/09/29 13:53:11.774,71.56,1976,78,0x0000000000000000,87.7
1790690001,2026/09/29 13:53:21.826,71.57,1976,78,0x0000000000000000,87.1
1790690011,2026/09/29 13:53:31.881,71.82,1976,78,0x0000000000000000,87.5
1790690021,2026/09/29 13:53:41.937,71.92,1976,78,0x0000000000000000,87.7
1790690032,2026/09/29 13:53:51.993,71.86,1976,78,0x0000000000000000,87.8
1790690042,2026/09/29 13:54:02.051,71.83,1976,78,0x0000000000000000,87.8
1790690052,2026/09/29 13:54:12.106,70.15,1976,77,0x0000000000000000,87.3
1790690062,2026/09/29 13:54:22.162,71.78,1976,78,0x0000000000000000,87.9
1790690072,2026/09/29 13:54:32.215,71.05,1976,78,0x0000000000000000,87.2
1790690082,2026/09/29 13:54:42.270,70.04,1976,77,0x0000000000000000,87.1
1790690092,2026/09/29 13:54:52.324,71.79,1976,78,0x0000000000000000,87.7
1790690102,2026/09/29 13:55:02.380,71.93,1976,78,0x0000000000000000,88.0
1790690112,2026/09/29 13:55:12.437,69.04,1976,78,0x0000000000000000,87.4
1790690122,2026/09/29 13:55:22.491,71.76,1976,78,0x0000000000000000,88.1
1790690132,2026/09/29 13:55:32.544,69.28,1976,78,0x0000000000000000,87.4
1790690142,2026/09/29 13:55:42.600,72.01,1976,78,0x0000000000000000,88.2
1790690152,2026/09/29 13:55:52.651,69.57,1976,78,0x0000000000000000,87.4
1790690162,2026/09/29 13:56:02.707,69.63,1976,78,0x0000000000000000,87.3
1790690172,2026/09/29 13:56:12.762,72.00,1976,78,0x0000000000000000,88.0
1790690182,2026/09/29 13:56:22.825,68.34,1976,77,0x0000000000000000,87.3
1790690192,2026/09/29 13:56:32.879,71.38,1976,78,0x0000000000000000,87.6
1790690202,2026/09/29 13:56:42.933,67.98,1976,78,0x0000000000000000,87.5
1790690213,2026/09/29 13:56:52.986,71.65,1976,78,0x0000000000000000,88.0
1790690223,2026/09/29 13:57:03.041,71.98,1976,78,0x0000000000000000,87.8
1790690233,2026/09/29 13:57:13.095,67.74,1976,78,0x0000000000000000,87.5
1790690243,2026/09/29 13:57:23.149,68.42,1976,77,0x0000000000000000,86.7
1790690253,2026/09/29 13:57:33.205,70.86,1976,78,0x0000000000000000,87.6
1790690263,2026/09/29 13:57:43.262,72.04,1976,78,0x0000000000000000,88.3
1790690273,2026/09/29 13:57:53.319,69.14,1976,77,0x0000000000000000,87.3
1790690283,2026/09/29 13:58:03.373,70.42,1976,78,0x0000000000000000,87.3
1790690293,2026/09/29 13:58:13.426,65.24,1976,78,0x0000000000000000,86.5
1790690303,2026/09/29 13:58:23.480,70.37,1976,78,0x0000000000000000,87.3
1790690313,2026/09/29 13:58:33.535,71.79,1976,78,0x0000000000000000,87.9
1790690323,2026/09/29 13:58:43.589,71.18,1976,78,0x0000000000000000,87.2
1790690333,2026/09/29 13:58:53.645,71.80,1976,78,0x0000000000000000,88.1
1790690343,2026/09/29 13:59:03.699,71.10,1976,78,0x0000000000000000,87.8
1790690353,2026/09/29 13:59:13.751,70.86,1976,78,0x0000000000000000,87.4
1790690363,2026/09/29 13:59:23.804,70.71,1976,78,0x0000000000000000,87.3
1790690373,2026/09/29 13:59:33.861,71.74,1976,78,0x0000000000000000,87.3
1790690383,2026/09/29 13:59:43.913,70.00,1976,78,0x0000000000000000,87.3
1790690393,2026/09/29 13:59:53.966,71.68,1976,78,0x0000000000000000,87.8
1790690404,2026/09/29 14:00:04.018,68.64,1976,78,0x0000000000000000,87.3
1790690414,2026/09/29 14:00:14.073,71.61,1976,78,0x0000000000000000,88.0
1790690424,2026/09/29 14:00:24.130,71.24,1976,78,0x0000000000000000,87.4
1790690434,2026/09/29 14:00:34.186,70.88,1976,78,0x0000000000000000,87.7
1790690444,2026/09/29 14:00:44.237,68.76,1976,78,0x0000000000000000,87.4
1790690454,2026/09/29 14:00:54.291,68.94,1976,78,0x0000000000000000,87.4
1790690464,2026/09/29 14:01:04.345,71.63,1976,78,0x0000000000000000,87.9
1790690474,2026/09/29 14:01:14.397,68.14,1976,78,0x0000000000000000,87.2
1790690484,2026/09/29 14:01:24.450,68.89,1976,77,0x0000000000000000,87.7
1790690494,2026/09/29 14:01:34.508,71.82,1976,78,0x0000000000000000,87.7
1790690504,2026/09/29 14:01:44.563,71.20,1976,78,0x0000000000000000,87.7
1790690514,2026/09/29 14:01:54.619,69.63,1976,78,0x0000000000000000,87.4
1790690524,2026/09/29 14:02:04.676,68.28,1976,77,0x0000000000000000,87.2
1790690534,2026/09/29 14:02:14.730,71.67,1976,78,0x0000000000000000,87.1
1790690544,2026/09/29 14:02:24.786,68.80,1976,76,0x0000000000000000,86.7
1790690554,2026/09/29 14:02:34.843,71.54,1976,78,0x0000000000000000,86.8
1790690564,2026/09/29 14:02:44.893,71.67,1976,78,0x0000000000000000,87.7
1790690574,2026/09/29 14:02:54.950,71.84,1976,78,0x0000000000000000,87.9
1790690585,2026/09/29 14:03:05.002,67.59,1976,78,0x0000000000000000,87.3
1790690595,2026/09/29 14:03:15.055,70.36,1976,78,0x0000000000000000,87.3
1790690605,2026/09/29 14:03:25.114,69.28,1976,78,0x0000000000000000,86.8
1790690615,2026/09/29 14:03:35.166,71.09,1976,78,0x0000000000000000,87.2
1790690625,2026/09/29 14:03:45.225,71.64,1976,78,0x0000000000000000,87.6
1790690635,2026/09/29 14:03:55.286,72.06,1976,78,0x0000000000000000,87.9
1790690645,2026/09/29 14:04:05.338,71.15,1976,78,0x0000000000000000,87.0
1790690655,2026/09/29 14:04:15.392,71.89,1976,78,0x0000000000000000,88.1
1790690665,2026/09/29 14:04:25.449,68.44,1976,77,0x0000000000000000,86.7
1790690675,2026/09/29 14:04:35.508,71.71,1976,78,0x0000000000000000,87.8
1790690685,2026/09/29 14:04:45.561,71.50,1976,78,0x0000000000000000,87.4
1790690695,2026/09/29 14:04:55.617,60.64,1976,78,0x0000000000000000,86.0
1790690705,2026/09/29 14:05:05.670,71.66,1976,78,0x0000000000000000,87.6
1790690715,2026/09/29 14:05:15.722,71.86,1976,78,0x0000000000000000,88.1
1790690725,2026/09/29 14:05:25.783,70.93,1976,78,0x0000000000000000,87.4
1790690735,2026/09/29 14:05:35.839,70.77,1976,78,0x0000000000000000,87.6
1790690745,2026/09/29 14:05:45.892,71.82,1976,78,0x0000000000000000,88.2
1790690755,2026/09/29 14:05:55.942,68.03,1976,78,0x0000000000000000,87.1
1790690766,2026/09/29 14:06:05.995,63.13,1976,78,0x0000000000000000,86.5
1790690776,2026/09/29 14:06:16.047,71.72,1976,78,0x0000000000000000,87.7
1790690786,2026/09/29 14:06:26.099,71.60,1976,78,0x0000000000000000,87.8
1790690796,2026/09/29 14:06:36.152,71.57,1976,78,0x0000000000000000,87.6
1790690806,2026/09/29 14:06:46.204,71.92,1976,78,0x0000000000000000,88.3
1790690816,2026/09/29 14:06:56.257,69.61,1976,78,0x0000000000000000,87.5
1790690826,2026/09/29 14:07:06.312,71.82,1976,78,0x0000000000000000,87.8
1790690836,2026/09/29 14:07:16.365,67.75,1976,78,0x0000000000000000,87.4
1790690846,2026/09/29 14:07:26.421,69.28,1976,78,0x0000000000000000,87.3
1790690856,2026/09/29 14:07:36.476,70.96,1976,78,0x0000000000000000,87.6
1790690866,2026/09/29 14:07:46.529,67.98,1976,78,0x0000000000000000,87.2
1790690876,2026/09/29 14:07:56.584,70.88,1976,78,0x0000000000000000,87.3
1790690886,2026/09/29 14:08:06.637,67.55,1976,78,0x0000000000000000,86.8
1790690896,2026/09/29 14:08:16.690,68.86,1976,77,0x0000000000000000,86.8
1790690906,2026/09/29 14:08:26.742,70.80,1976,78,0x0000000000000000,87.2
1790690916,2026/09/29 14:08:36.800,66.49,1976,78,0x0000000000000000,86.8
1790690926,2026/09/29 14:08:46.854,71.10,1976,78,0x0000000000000000,86.6
1790690936,2026/09/29 14:08:56.908,67.88,1976,78,0x0000000000000000,86.7
1790690946,2026/09/29 14:09:06.959,68.92,1976,77,0x0000000000000000,86.9
1790690957,2026/09/29 14:09:17.011,68.90,1976,76,0x0000000000000000,86.6
1790690967,2026/09/29 14:09:27.073,71.60,1976,78,0x0000000000000000,87.6
1790690977,2026/09/29 14:09:37.123,71.94,1976,78,0x0000000000000000,87.7
1790690987,2026/09/29 14:09:47.175,69.38,1976,78,0x0000000000000000,85.3
1790690997,2026/09/29 14:09:57.227,71.47,1976,78,0x0000000000000000,87.7
1790691007,2026/09/29 14:10:07.282,70.99,1976,78,0x0000000000000000,87.0
1790691017,2026/09/29 14:10:17.333,71.62,1976,78,0x0000000000000000,87.7
1790691027,2026/09/29 14:10:27.386,71.61,1976,78,0x0000000000000000,87.7
1790691037,2026/09/29 14:10:37.441,72.03,1976,78,0x0000000000000000,87.8
1790691047,2026/09/29 14:10:47.492,71.70,1976,78,0x0000000000000000,87.9
1790691057,2026/09/29 14:10:57.546,71.86,1976,78,0x0000000000000000,87.9
1790691067,2026/09/29 14:11:07.595,69.01,1976,77,0x0000000000000000,87.0
1790691077,2026/09/29 14:11:17.649,68.47,1976,78,0x0000000000000000,87.2
1790691087,2026/09/29 14:11:27.707,68.52,1976,76,0x0000000000000000,86.7
1790691097,2026/09/29 14:11:37.762,71.79,1976,78,0x0000000000000000,87.3
1790691107,2026/09/29 14:11:47.823,71.67,1976,78,0x0000000000000000,87.6
1790691117,2026/09/29 14:11:57.877,71.59,1976,78,0x0000000000000000,87.5
1790691127,2026/09/29 14:12:07.940,71.60,1976,78,0x0000000000000000,87.7
1790691138,2026/09/29 14:12:17.995,71.53,1976,78,0x0000000000000000,87.8
1790691148,2026/09/29 14:12:28.047,69.10,1976,78,0x0000000000000000,87.0
1790691158,2026/09/29 14:12:38.113,70.83,1976,78,0x0000000000000000,87.4
1790691168,2026/09/29 14:12:48.167,71.64,1976,78,0x0000000000000000,87.8
1790691178,2026/09/29 14:12:58.222,71.43,1976,78,0x0000000000000000,87.4
1790691188,2026/09/29 14:13:08.283,67.90,1976,78,0x0000000000000000,87.2
1790691198,2026/09/29 14:13:18.335,71.84,1976,78,0x0000000000000000,87.7
1790691208,2026/09/29 14:13:28.388,71.90,1976,78,0x0000000000000000,87.6
1790691218,2026/09/29 14:13:38.440,71.67,1976,78,0x0000000000000000,87.9
1790691228,2026/09/29 14:13:48.493,67.92,1976,78,0x0000000000000000,87.1
1790691238,2026/09/29 14:13:58.548,71.13,1976,78,0x0000000000000000,86.2
1790691248,2026/09/29 14:14:08.604,71.80,1976,78,0x0000000000000000,87.7
1790691258,2026/09/29 14:14:18.660,68.22,1976,77,0x0000000000000000,86.5
1790691268,2026/09/29 14:14:28.715,71.22,1976,78,0x0000000000000000,87.0
1790691278,2026/09/29 14:14:38.774,70.90,1976,78,0x0000000000000000,87.3
1790691288,2026/09/29 14:14:48.839,71.77,1976,78,0x0000000000000000,87.5
1790691298,2026/09/29 14:14:58.895,68.77,1976,78,0x0000000000000000,87.0
1790691308,2026/09/29 14:15:08.952,68.58,1976,77,0x0000000000000000,86.5
1790691319,2026/09/29 14:15:19.005,71.87,1976,78,0x0000000000000000,87.6
1790691329,2026/09/29 14:15:29.063,71.02,1976,77,0x0000000000000000,86.6
1790691339,2026/09/29 14:15:39.125,67.38,1976,77,0x0000000000000000,86.2
1790691349,2026/09/29 14:15:49.181,71.85,1976,78,0x0000000000000000,87.7
1790691359,2026/09/29 14:15:59.232,71.75,1976,78,0x0000000000000000,87.6
1790691369,2026/09/29 14:16:09.285,71.90,1976,78,0x0000000000000000,87.7
1790691379,2026/09/29 14:16:19.341,71.75,1976,78,0x0000000000000000,87.9
1790691389,2026/09/29 14:16:29.398,63.12,1976,77,0x0000000000000000,85.9
1790691399,2026/09/29 14:16:39.451,68.19,1976,77,0x0000000000000000,86.8
1790691409,2026/09/29 14:16:49.507,71.76,1976,78,0x0000000000000000,87.7
1790691419,2026/09/29 14:16:59.559,71.79,1976,78,0x0000000000000000,87.7
1790691429,2026/09/29 14:17:09.611,71.40,1976,78,0x0000000000000000,87.7
1790691439,2026/09/29 14:17:19.665,71.76,1976,78,0x0000000000000000,87.8
1790691449,2026/09/29 14:17:29.719,71.65,1976,78,0x0000000000000000,87.8
1790691459,2026/09/29 14:17:39.773,65.40,1976,78,0x0000000000000000,86.7
1790691469,2026/09/29 14:17:49.829,71.96,1976,78,0x0000000000000000,87.7
1790691479,2026/09/29 14:17:59.883,71.55,1976,78,0x0000000000000000,87.8
1790691489,2026/09/29 14:18:09.933,71.62,1976,79,0x0000000000000000,87.8
1790691499,2026/09/29 14:18:19.985,68.73,1976,78,0x0000000000000000,87.3
1790691510,2026/09/29 14:18:30.036,71.54,1976,78,0x0000000000000000,87.7
1790691520,2026/09/29 14:18:40.088,67.84,1976,77,0x0000000000000000,86.5
1790691530,2026/09/29 14:18:50.143,69.07,1976,77,0x0000000000000000,86.8
1790691540,2026/09/29 14:19:00.202,71.61,1976,78,0x0000000000000000,87.9
1790691550,2026/09/29 14:19:10.255,69.17,1976,78,0x0000000000000000,87.4
1790691560,2026/09/29 14:19:20.308,68.52,1976,78,0x0000000000000000,87.4
1790691570,2026/09/29 14:19:30.363,69.34,1976,78,0x0000000000000000,87.2
1790691580,2026/09/29 14:19:40.419,71.68,1976,78,0x0000000000000000,88.2
1790691590,2026/09/29 14:19:50.474,68.17,1976,78,0x0000000000000000,87.6
1790691600,2026/09/29 14:20:00.529,70.50,1976,78,0x0000000000000000,86.8
1790691610,2026/09/29 14:20:10.584,70.56,1976,78,0x0000000000000000,87.7
1790691620,2026/09/29 14:20:20.640,71.82,1976,78,0x0000000000000000,87.6
1790691630,2026/09/29 14:20:30.690,71.67,1976,78,0x0000000000000000,87.7
1790691640,2026/09/29 14:20:40.743,72.07,1976,79,0x0000000000000000,88.4
1790691650,2026/09/29 14:20:50.797,67.98,1976,78,0x0000000000000000,87.4
1790691660,2026/09/29 14:21:00.853,67.04,1976,78,0x0000000000000000,87.2
1790691670,2026/09/29 14:21:10.909,71.48,1976,79,0x0000000000000000,87.5
1790691680,2026/09/29 14:21:20.965,69.26,1976,78,0x0000000000000000,87.5
1790691691,2026/09/29 14:21:31.017,68.41,1976,77,0x0000000000000000,86.9
1790691701,2026/09/29 14:21:41.072,71.85,1976,78,0x0000000000000000,86.9
1790691711,2026/09/29 14:21:51.126,71.89,1976,78,0x0000000000000000,87.7
1790691721,2026/09/29 14:22:01.191,71.82,1976,78,0x0000000000000000,88.0
1790691731,2026/09/29 14:22:11.249,68.72,1976,78,0x0000000000000000,86.9
1790691741,2026/09/29 14:22:21.303,71.76,1976,78,0x0000000000000000,87.8
1790691751,2026/09/29 14:22:31.358,72.00,1976,78,0x0000000000000000,88.3
1790691761,2026/09/29 14:22:41.413,72.02,1976,78,0x0000000000000000,87.7
1790691771,2026/09/29 14:22:51.468,70.91,1976,78,0x0000000000000000,87.5
1790691781,2026/09/29 14:23:01.521,71.77,1976,78,0x0000000000000000,88.1
1790691791,2026/09/29 14:23:11.574,69.71,1976,78,0x0000000000000000,86.7
1790691801,2026/09/29 14:23:21.629,67.50,1976,78,0x0000000000000000,87.3
1790691811,2026/09/29 14:23:31.684,71.67,1976,78,0x0000000000000000,87.9
1790691821,2026/09/29 14:23:41.740,67.70,1976,78,0x0000000000000000,87.6
1790691831,2026/09/29 14:23:51.795,70.13,1976,78,0x0000000000000000,87.3
1790691841,2026/09/29 14:24:01.848,71.72,1976,78,0x0000000000000000,87.9
1790691851,2026/09/29 14:24:11.899,67.98,1976,78,0x0000000000000000,87.4
1790691861,2026/09/29 14:24:21.953,71.47,1976,78,0x0000000000000000,87.7
1790691872,2026/09/29 14:24:32.008,71.51,1976,78,0x0000000000000000,87.9
1790691882,2026/09/29 14:24:42.066,70.72,1976,78,0x0000000000000000,87.3
1790691892,2026/09/29 14:24:52.121,71.46,1976,78,0x0000000000000000,87.9
1790691902,2026/09/29 14:25:02.174,71.45,1976,78,0x0000000000000000,87.8
1790691912,2026/09/29 14:25:12.226,69.59,1976,78,0x0000000000000000,87.4
1790691922,2026/09/29 14:25:22.281,69.92,1976,78,0x0000000000000000,87.2
1790691932,2026/09/29 14:25:32.337,69.05,1976,78,0x0000000000000000,87.2
1790691942,2026/09/29 14:25:42.393,71.83,1976,78,0x0000000000000000,87.8
1790691952,2026/09/29 14:25:52.449,71.74,1976,78,0x0000000000000000,88.2
1790691962,2026/09/29 14:26:02.503,71.92,1976,78,0x0000000000000000,87.7
1790691972,2026/09/29 14:26:12.558,71.65,1976,78,0x0000000000000000,87.9
1790691982,2026/09/29 14:26:22.610,71.57,1976,78,0x0000000000000000,88.3
1790691992,2026/09/29 14:26:32.663,69.13,1976,78,0x0000000000000000,87.5
1790692002,2026/09/29 14:26:42.718,72.06,1976,78,0x0000000000000000,88.2
1790692012,2026/09/29 14:26:52.772,71.93,1976,78,0x0000000000000000,87.6
1790692022,2026/09/29 14:27:02.829,71.60,1976,78,0x0000000000000000,87.3
1790692032,2026/09/29 14:27:12.889,70.93,1976,78,0x0000000000000000,87.3
1790692042,2026/09/29 14:27:22.944,71.98,1976,78,0x0000000000000000,87.7
1790692053,2026/09/29 14:27:32.997,71.88,1976,78,0x0000000000000000,87.7
1790692063,2026/09/29 14:27:43.050,72.01,1976,78,0x0000000000000000,88.0
1790692073,2026/09/29 14:27:53.102,71.75,1976,78,0x0000000000000000,87.9
1790692083,2026/09/29 14:28:03.154,72.04,1976,78,0x0000000000000000,88.1
1790692093,2026/09/29 14:28:13.207,68.49,1976,78,0x0000000000000000,86.9
1790692103,2026/09/29 14:28:23.272,71.73,1976,78,0x0000000000000000,87.6
1790692113,2026/09/29 14:28:33.333,68.52,1976,77,0x0000000000000000,87.1
1790692123,2026/09/29 14:28:43.388,71.14,1976,78,0x0000000000000000,87.3
1790692133,2026/09/29 14:28:53.442,71.55,1976,78,0x0000000000000000,87.7
1790692143,2026/09/29 14:29:03.496,71.61,1976,78,0x0000000000000000,88.0
1790692153,2026/09/29 14:29:13.549,69.48,1976,78,0x0000000000000000,85.8
1790692163,2026/09/29 14:29:23.602,72.14,1976,78,0x0000000000000000,87.8
1790692173,2026/09/29 14:29:33.657,68.74,1976,78,0x0000000000000000,87.1
1790692183,2026/09/29 14:29:43.711,71.15,1976,78,0x0000000000000000,86.5
1790692193,2026/09/29 14:29:53.767,71.78,1976,78,0x0000000000000000,87.6
1790692203,2026/09/29 14:30:03.820,71.81,1976,78,0x0000000000000000,87.5
1790692213,2026/09/29 14:30:13.873,71.67,1976,78,0x0000000000000000,87.7
1790692223,2026/09/29 14:30:23.927,71.76,1976,78,0x0000000000000000,87.6
1790692233,2026/09/29 14:30:33.980,71.21,1976,78,0x0000000000000000,87.3
1790692244,2026/09/29 14:30:44.035,70.37,1976,78,0x0000000000000000,87.3
1790692254,2026/09/29 14:30:54.090,71.99,1976,78,0x0000000000000000,87.7
1790692264,2026/09/29 14:31:04.144,71.60,1976,78,0x0000000000000000,87.9
1790692274,2026/09/29 14:31:14.199,69.98,1976,78,0x0000000000000000,87.5
1790692284,2026/09/29 14:31:24.256,71.94,1976,78,0x0000000000000000,88.2
1790692294,2026/09/29 14:31:34.313,70.10,1976,78,0x0000000000000000,87.2
1790692304,2026/09/29 14:31:44.370,71.81,1976,78,0x0000000000000000,88.2
1790692314,2026/09/29 14:31:54.428,71.79,1976,78,0x0000000000000000,88.2
1790692324,2026/09/29 14:32:04.484,71.81,1976,78,0x0000000000000000,87.9
1790692334,2026/09/29 14:32:14.537,67.99,1976,78,0x0000000000000000,87.3
1790692344,2026/09/29 14:32:24.587,68.89,1976,76,0x0000000000000000,86.9
1790692354,2026/09/29 14:32:34.638,71.75,1976,78,0x0000000000000000,87.6
1790692364,2026/09/29 14:32:44.689,71.74,1976,78,0x0000000000000000,87.6
1790692374,2026/09/29 14:32:54.742,71.78,1976,78,0x0000000000000000,87.4
1790692384,2026/09/29 14:33:04.797,71.67,1976,78,0x0000000000000000,87.6
1790692394,2026/09/29 14:33:14.848,71.89,1976,78,0x0000000000000000,87.6
1790692404,2026/09/29 14:33:24.898,71.93,1976,78,0x0000000000000000,87.9
1790692414,2026/09/29 14:33:34.951,71.88,1976,78,0x0000000000000000,88.0
1790692425,2026/09/29 14:33:45.007,72.13,1976,78,0x0000000000000000,88.3
1790692435,2026/09/29 14:33:55.059,68.70,1976,78,0x0000000000000000,87.4
1790692445,2026/09/29 14:34:05.111,69.54,1976,78,0x0000000000000000,87.3
1790692455,2026/09/29 14:34:15.171,71.96,1976,78,0x0000000000000000,87.0
1790692465,2026/09/29 14:34:25.228,71.06,1976,78,0x0000000000000000,87.5
1790692475,2026/09/29 14:34:35.280,71.72,1976,78,0x0000000000000000,87.7
1790692485,2026/09/29 14:34:45.345,72.00,1976,78,0x0000000000000000,87.7
1790692495,2026/09/29 14:34:55.400,71.77,1976,78,0x0000000000000000,87.8
1790692505,2026/09/29 14:35:05.452,71.96,1976,78,0x0000000000000000,87.8
1790692515,2026/09/29 14:35:15.503,72.10,1976,78,0x0000000000000000,88.2
1790692525,2026/09/29 14:35:25.557,68.84,1976,77,0x0000000000000000,87.0
1790692535,2026/09/29 14:35:35.613,71.84,1976,78,0x0000000000000000,87.6
1790692545,2026/09/29 14:35:45.668,71.97,1976,78,0x0000000000000000,87.7
1790692555,2026/09/29 14:35:55.737,69.44,1976,78,0x0000000000000000,87.3
1790692565,2026/09/29 14:36:05.803,72.01,1976,78,0x0000000000000000,87.6
1790692575,2026/09/29 14:36:15.855,71.79,1976,78,0x0000000000000000,87.7
1790692585,2026/09/29 14:36:25.909,67.90,1976,78,0x0000000000000000,86.9
1790692595,2026/09/29 14:36:35.959,71.90,1976,78,0x0000000000000000,87.7
1790692606,2026/09/29 14:36:46.014,71.80,1976,78,0x0000000000000000,87.7
1790692616,2026/09/29 14:36:56.069,71.57,1976,78,0x0000000000000000,87.9
1790692626,2026/09/29 14:37:06.123,71.81,1976,78,0x0000000000000000,87.2
1790692636,2026/09/29 14:37:16.175,68.47,1976,78,0x0000000000000000,87.2
1790692646,2026/09/29 14:37:26.230,68.37,1976,77,0x0000000000000000,86.4
1790692656,2026/09/29 14:37:36.283,69.36,1976,77,0x0000000000000000,86.6
1790692666,2026/09/29 14:37:46.340,71.45,1976,78,0x0000000000000000,87.2
1790692676,2026/09/29 14:37:56.394,71.71,1976,78,0x0000000000000000,87.6
1790692686,2026/09/29 14:38:06.450,71.54,1976,78,0x0000000000000000,87.7
1790692696,2026/09/29 14:38:16.507,71.38,1976,78,0x0000000000000000,87.6
1790692706,2026/09/29 14:38:26.561,71.65,1976,78,0x0000000000000000,87.6
1790692716,2026/09/29 14:38:36.616,71.84,1976,78,0x0000000000000000,87.8
1790692726,2026/09/29 14:38:46.667,68.17,1976,77,0x0000000000000000,86.9
1790692736,2026/09/29 14:38:56.719,70.98,1976,78,0x0000000000000000,87.1
1790692746,2026/09/29 14:39:06.772,71.68,1976,78,0x0000000000000000,87.8
1790692756,2026/09/29 14:39:16.821,71.69,1976,78,0x0000000000000000,88.1
1790692766,2026/09/29 14:39:26.872,69.54,1976,77,0x0000000000000000,87.1
1790692776,2026/09/29 14:39:36.931,71.94,1976,78,0x0000000000000000,87.7
1790692786,2026/09/29 14:39:46.982,71.86,1976,78,0x0000000000000000,88.4
1790692797,2026/09/29 14:39:57.033,71.55,1976,78,0x0000000000000000,87.8
1790692807,2026/09/29 14:40:07.088,71.79,1976,78,0x0000000000000000,88.2
1790692817,2026/09/29 14:40:17.139,69.84,1976,77,0x0000000000000000,87.2
1790692827,2026/09/29 14:40:27.193,71.86,1976,78,0x0000000000000000,87.8
1790692837,2026/09/29 14:40:37.249,71.70,1976,78,0x0000000000000000,88.2
1790692847,2026/09/29 14:40:47.304,69.94,1976,77,0x0000000000000000,87.2
1790692857,2026/09/29 14:40:57.357,71.61,1976,78,0x0000000000000000,87.8
1790692867,2026/09/29 14:41:07.412,71.74,1976,78,0x0000000000000000,88.3
1790692877,2026/09/29 14:41:17.467,68.94,1976,78,0x0000000000000000,87.2
1790692887,2026/09/29 14:41:27.526,71.83,1976,79,0x0000000000000000,87.7
1790692897,2026/09/29 14:41:37.586,69.43,1976,78,0x0000000000000000,87.0
1790692907,2026/09/29 14:41:47.639,71.62,1976,78,0x0000000000000000,87.9
1790692917,2026/09/29 14:41:57.692,68.68,1976,77,0x0000000000000000,87.6
1790692927,2026/09/29 14:42:07.744,71.32,1976,78,0x0000000000000000,87.8
1790692937,2026/09/29 14:42:17.796,71.69,1976,78,0x0000000000000000,88.0
1790692947,2026/09/29 14:42:27.853,68.52,1976,77,0x0000000000000000,87.4
1790692957,2026/09/29 14:42:37.905,67.56,1976,78,0x0000000000000000,86.9
1790692967,2026/09/29 14:42:47.962,71.42,1976,78,0x0000000000000000,87.7
1790692978,2026/09/29 14:42:58.016,71.71,1976,78,0x0000000000000000,87.5
1790692988,2026/09/29 14:43:08.075,71.51,1976,78,0x0000000000000000,87.8
1790692998,2026/09/29 14:43:18.129,71.57,1976,78,0x0000000000000000,87.1
1790693008,2026/09/29 14:43:28.188,71.66,1976,78,0x0000000000000000,88.1
1790693018,2026/09/29 14:43:38.240,71.42,1976,78,0x0000000000000000,87.7
1790693028,2026/09/29 14:43:48.295,71.39,1976,78,0x0000000000000000,88.2
1790693038,2026/09/29 14:43:58.349,68.48,1976,78,0x0000000000000000,87.3
1790693048,2026/09/29 14:44:08.403,71.30,1976,78,0x0000000000000000,87.5
1790693058,2026/09/29 14:44:18.455,71.87,1976,78,0x0000000000000000,88.1
1790693068,2026/09/29 14:44:28.510,67.42,1976,78,0x0000000000000000,87.3
1790693078,2026/09/29 14:44:38.563,70.00,1976,78,0x0000000000000000,87.3
1790693088,2026/09/29 14:44:48.617,71.57,1976,78,0x0000000000000000,88.1
1790693098,2026/09/29 14:44:58.672,69.79,1976,78,0x0000000000000000,87.2
1790693108,2026/09/29 14:45:08.728,66.83,1976,78,0x0000000000000000,86.3
1790693118,2026/09/29 14:45:18.786,67.97,1976,78,0x0000000000000000,87.1
1790693128,2026/09/29 14:45:28.840,71.51,1976,78,0x0000000000000000,87.6
1790693138,2026/09/29 14:45:38.892,71.51,1976,78,0x0000000000000000,87.7
1790693148,2026/09/29 14:45:48.943,72.03,1976,78,0x0000000000000000,87.8
1790693159,2026/09/29 14:45:58.993,71.59,1976,78,0x0000000000000000,87.8
1790693169,2026/09/29 14:46:09.048,71.99,1976,78,0x0000000000000000,87.9
1790693179,2026/09/29 14:46:19.102,71.11,1976,78,0x0000000000000000,87.6
1790693189,2026/09/29 14:46:29.155,71.57,1976,78,0x0000000000000000,87.8
1790693199,2026/09/29 14:46:39.207,71.84,1976,78,0x0000000000000000,87.8
1790693209,2026/09/29 14:46:49.258,67.79,1976,76,0x0000000000000000,86.5
1790693219,2026/09/29 14:46:59.310,71.59,1976,78,0x0000000000000000,87.7
1790693229,2026/09/29 14:47:09.363,71.71,1976,78,0x0000000000000000,88.2
1790693239,2026/09/29 14:47:19.419,70.96,1976,78,0x0000000000000000,87.1
1790693249,2026/09/29 14:47:29.476,69.62,1976,78,0x0000000000000000,87.2
1790693259,2026/09/29 14:47:39.527,71.61,1976,78,0x0000000000000000,87.7
1790693269,2026/09/29 14:47:49.580,71.56,1976,78,0x0000000000000000,87.8
1790693279,2026/09/29 14:47:59.634,67.58,1976,78,0x0000000000000000,87.0
1790693289,2026/09/29 14:48:09.686,68.46,1976,77,0x0000000000000000,86.8
1790693299,2026/09/29 14:48:19.738,71.87,1976,78,0x0000000000000000,87.6
1790693309,2026/09/29 14:48:29.795,71.88,1976,78,0x0000000000000000,87.7
1790693319,2026/09/29 14:48:39.851,71.88,1976,78,0x0000000000000000,87.7
1790693329,2026/09/29 14:48:49.902,68.07,1976,77,0x0000000000000000,86.9
1790693339,2026/09/29 14:48:59.955,71.28,1976,78,0x0000000000000000,86.6
1790693350,2026/09/29 14:49:10.010,71.74,1976,78,0x0000000000000000,87.1
1790693360,2026/09/29 14:49:20.068,68.58,1976,78,0x0000000000000000,86.8
1790693370,2026/09/29 14:49:30.122,68.81,1976,77,0x0000000000000000,86.4
1790693380,2026/09/29 14:49:40.178,70.92,1976,77,0x0000000000000000,86.3
1790693390,2026/09/29 14:49:50.234,68.30,1976,77,0x0000000000000000,86.3
1790693400,2026/09/29 14:50:00.290,71.29,1976,77,0x0000000000000000,86.7
1790693410,2026/09/29 14:50:10.343,71.78,1976,78,0x0000000000000000,87.3
1790693420,2026/09/29 14:50:20.397,71.15,1976,78,0x0000000000000000,86.6
1790693430,2026/09/29 14:50:30.453,71.42,1976,78,0x0000000000000000,87.6
1790693440,2026/09/29 14:50:40.508,71.75,1976,78,0x0000000000000000,87.7
1790693450,2026/09/29 14:50:50.559,71.85,1976,78,0x0000000000000000,87.7
1790693460,2026/09/29 14:51:00.613,71.92,1976,78,0x0000000000000000,87.7
1790693470,2026/09/29 14:51:10.666,72.05,1976,78,0x0000000000000000,87.8
1790693480,2026/09/29 14:51:20.722,68.04,1976,78,0x0000000000000000,87.1
1790693490,2026/09/29 14:51:30.777,70.23,1976,78,0x0000000000000000,87.1
1790693500,2026/09/29 14:51:40.834,71.82,1976,78,0x0000000000000000,87.7
1790693510,2026/09/29 14:51:50.889,71.97,1976,78,0x0000000000000000,87.7
1790693520,2026/09/29 14:52:00.946,71.56,1976,78,0x0000000000000000,87.8
1790693531,2026/09/29 14:52:11.001,72.03,1976,78,0x0000000000000000,88.0
1790693541,2026/09/29 14:52:21.059,71.89,1976,78,0x0000000000000000,88.0
1790693551,2026/09/29 14:52:31.115,71.82,1976,78,0x0000000000000000,87.6
1790693561,2026/09/29 14:52:41.167,67.95,1976,78,0x0000000000000000,87.0
1790693571,2026/09/29 14:52:51.215,68.61,1976,78,0x0000000000000000,87.0
1790693581,2026/09/29 14:53:01.265,71.90,1976,78,0x0000000000000000,87.4
1790693591,2026/09/29 14:53:11.320,71.91,1976,78,0x0000000000000000,87.7
1790693601,2026/09/29 14:53:21.374,71.68,1976,78,0x0000000000000000,87.7
1790693611,2026/09/29 14:53:31.428,72.30,1976,78,0x0000000000000000,87.8
1790693621,2026/09/29 14:53:41.484,71.91,1976,78,0x0000000000000000,87.7
1790693631,2026/09/29 14:53:51.542,69.66,1976,76,0x0000000000000000,87.1
1790693641,2026/09/29 14:54:01.592,72.05,1976,78,0x0000000000000000,87.6
1790693651,2026/09/29 14:54:11.643,71.98,1976,78,0x0000000000000000,87.7
1790693661,2026/09/29 14:54:21.698,72.07,1976,78,0x0000000000000000,87.7
1790693671,2026/09/29 14:54:31.751,72.29,1976,78,0x0000000000000000,87.9
1790693681,2026/09/29 14:54:41.805,71.94,1976,78,0x0000000000000000,88.1
1790693691,2026/09/29 14:54:51.859,71.85,1976,78,0x0000000000000000,87.6
1790693701,2026/09/29 14:55:01.916,72.22,1976,78,0x0000000000000000,88.0
1790693711,2026/09/29 14:55:11.968,71.31,1976,78,0x0000000000000000,87.1
1790693722,2026/09/29 14:55:22.021,68.99,1976,77,0x0000000000000000,87.3
1790693732,2026/09/29 14:55:32.076,69.52,1976,78,0x0000000000000000,86.7
1790693742,2026/09/29 14:55:42.128,71.73,1976,78,0x0000000000000000,87.4
1790693752,2026/09/29 14:55:52.182,71.76,1976,78,0x0000000000000000,87.1
1790693762,2026/09/29 14:56:02.237,71.90,1976,78,0x0000000000000000,87.4
1790693772,2026/09/29 14:56:12.291,63.24,1976,78,0x0000000000000000,87.1
1790693782,2026/09/29 14:56:22.342,69.67,1976,76,0x0000000000000000,86.7
1790693792,2026/09/29 14:56:32.394,71.45,1976,78,0x0000000000000000,87.5
1790693802,2026/09/29 14:56:42.446,71.56,1976,78,0x0000000000000000,87.9
1790693812,2026/09/29 14:56:52.500,71.83,1976,78,0x0000000000000000,87.7
1790693822,2026/09/29 14:57:02.553,70.71,1976,78,0x0000000000000000,87.4
1790693832,2026/09/29 14:57:12.609,71.66,1976,78,0x0000000000000000,87.5
1790693842,2026/09/29 14:57:22.662,71.84,1976,78,0x0000000000000000,87.8
1790693852,2026/09/29 14:57:32.717,71.39,1976,78,0x0000000000000000,87.8
1790693862,2026/09/29 14:57:42.768,71.57,1976,78,0x0000000000000000,87.9
1790693872,2026/09/29 14:57:52.822,71.87,1976,78,0x0000000000000000,87.9
1790693882,2026/09/29 14:58:02.874,71.57,1976,78,0x0000000000000000,86.6
1790693892,2026/09/29 14:58:12.924,71.87,1976,78,0x0000000000000000,87.7
1790693902,2026/09/29 14:58:22.979,71.80,1976,78,0x0000000000000000,87.7
1790693913,2026/09/29 14:58:33.033,71.57,1976,78,0x0000000000000000,87.7
1790693923,2026/09/29 14:58:43.084,71.83,1976,78,0x0000000000000000,87.8
1790693933,2026/09/29 14:58:53.137,72.07,1976,78,0x0000000000000000,87.9
1790693943,2026/09/29 14:59:03.190,72.05,1976,78,0x0000000000000000,88.2
1790693953,2026/09/29 14:59:13.241,71.32,1976,78,0x0000000000000000,87.8
1790693963,2026/09/29 14:59:23.292,72.01,1976,78,0x0000000000000000,87.3
1790693973,2026/09/29 14:59:33.347,71.78,1976,78,0x0000000000000000,88.0
1790693983,2026/09/29 14:59:43.398,71.94,1976,78,0x0000000000000000,88.2
1790693993,2026/09/29 14:59:53.451,68.38,1976,77,0x0000000000000000,86.8
1790694003,2026/09/29 15:00:03.504,70.97,1976,78,0x0000000000000000,86.9
1790694013,2026/09/29 15:00:13.558,66.45,1976,77,0x0000000000000000,85.9
1790694023,2026/09/29 15:00:23.614,70.80,1976,78,0x0000000000000000,87.1
1790694033,2026/09/29 15:00:33.670,72.02,1976,78,0x0000000000000000,87.4
1790694043,2026/09/29 15:00:43.728,71.61,1976,78,0x0000000000000000,86.8
1790694053,2026/09/29 15:00:53.788,68.52,1976,76,0x0000000000000000,86.1
1790694063,2026/09/29 15:01:03.845,71.61,1976,77,0x0000000000000000,86.7
1790694073,2026/09/29 15:01:13.900,67.65,1976,77,0x0000000000000000,86.5
1790694083,2026/09/29 15:01:23.953,68.48,1976,76,0x0000000000000000,85.9
1790694094,2026/09/29 15:01:34.008,71.72,1976,77,0x0000000000000000,87.2
1790694104,2026/09/29 15:01:44.057,71.97,1976,78,0x0000000000000000,87.6
1790694114,2026/09/29 15:01:54.110,71.70,1976,78,0x0000000000000000,87.5
1790694124,2026/09/29 15:02:04.161,71.62,1976,78,0x0000000000000000,87.7
1790694134,2026/09/29 15:02:14.214,68.26,1976,77,0x0000000000000000,86.5
1790694144,2026/09/29 15:02:24.274,71.10,1976,78,0x0000000000000000,86.8
1790694154,2026/09/29 15:02:34.321,69.35,1976,77,0x0000000000000000,86.6
1790694164,2026/09/29 15:02:44.373,72.05,1976,78,0x0000000000000000,87.7
1790694174,2026/09/29 15:02:54.425,71.83,1976,78,0x0000000000000000,87.7
1790694184,2026/09/29 15:03:04.478,64.81,1976,77,0x0000000000000000,86.5
1790694194,2026/09/29 15:03:14.531,68.95,1976,77,0x0000000000000000,86.5
1790694204,2026/09/29 15:03:24.590,71.57,1976,78,0x0000000000000000,86.7
1790694214,2026/09/29 15:03:34.658,71.64,1976,78,0x0000000000000000,87.2
1790694224,2026/09/29 15:03:44.707,67.97,1976,78,0x0000000000000000,86.5
1790694234,2026/09/29 15:03:54.760,69.88,1976,77,0x0000000000000000,86.7
1790694244,2026/09/29 15:04:04.813,71.87,1976,78,0x0000000000000000,87.5
1790694254,2026/09/29 15:04:14.869,71.80,1976,78,0x0000000000000000,87.6
1790694264,2026/09/29 15:04:24.922,71.78,1976,78,0x0000000000000000,87.6
1790694274,2026/09/29 15:04:34.978,69.14,1976,78,0x0000000000000000,87.2
1790694285,2026/09/29 15:04:45.033,68.40,1976,76,0x0000000000000000,86.8
1790694295,2026/09/29 15:04:55.087,71.79,1976,78,0x0000000000000000,86.8
1790694305,2026/09/29 15:05:05.140,71.24,1976,77,0x0000000000000000,86.8
1790694315,2026/09/29 15:05:15.194,70.21,1976,78,0x0000000000000000,87.0
1790694325,2026/09/29 15:05:25.250,71.59,1976,78,0x0000000000000000,87.6
1790694335,2026/09/29 15:05:35.304,72.09,1976,78,0x0000000000000000,87.7
1790694345,2026/09/29 15:05:45.357,71.82,1976,78,0x0000000000000000,87.7
1790694355,2026/09/29 15:05:55.413,71.83,1976,78,0x0000000000000000,87.7
1790694365,2026/09/29 15:06:05.466,68.68,1976,76,0x0000000000000000,86.6
1790694375,2026/09/29 15:06:15.519,71.83,1976,78,0x0000000000000000,87.6
1790694385,2026/09/29 15:06:25.573,71.88,1976,78,0x0000000000000000,87.6
1790694395,2026/09/29 15:06:35.630,72.14,1976,78,0x0000000000000000,87.7
1790694405,2026/09/29 15:06:45.689,71.93,1976,78,0x0000000000000000,87.7
1790694415,2026/09/29 15:06:55.744,71.91,1976,78,0x0000000000000000,88.1
1790694425,2026/09/29 15:07:05.798,71.97,1976,78,0x0000000000000000,88.2
1790694435,2026/09/29 15:07:15.855,71.74,1976,78,0x0000000000000000,87.7
1790694445,2026/09/29 15:07:25.911,71.61,1976,77,0x0000000000000000,87.8
1790694455,2026/09/29 15:07:35.962,71.98,1976,78,0x0000000000000000,88.0
1790694466,2026/09/29 15:07:46.012,71.65,1976,78,0x0000000000000000,87.9
1790694476,2026/09/29 15:07:56.069,68.90,1976,76,0x0000000000000000,86.7
1790694486,2026/09/29 15:08:06.125,72.01,1976,78,0x0000000000000000,87.7
1790694496,2026/09/29 15:08:16.182,71.91,1976,78,0x0000000000000000,87.9
1790694506,2026/09/29 15:08:26.241,71.75,1976,78,0x0000000000000000,87.5
1790694516,2026/09/29 15:08:36.300,71.96,1976,78,0x0000000000000000,87.8
1790694526,2026/09/29 15:08:46.353,68.17,1976,78,0x0000000000000000,87.3
1790694536,2026/09/29 15:08:56.410,68.46,1976,78,0x0000000000000000,87.1
1790694546,2026/09/29 15:09:06.467,68.19,1976,77,0x0000000000000000,86.6
1790694556,2026/09/29 15:09:16.522,71.56,1976,78,0x0000000000000000,87.7
1790694566,2026/09/29 15:09:26.575,71.97,1976,78,0x0000000000000000,87.0
1790694576,2026/09/29 15:09:36.629,71.12,1976,78,0x0000000000000000,86.8
1790694586,2026/09/29 15:09:46.680,71.65,1976,78,0x0000000000000000,87.3
1790694596,2026/09/29 15:09:56.733,71.88,1976,78,0x0000000000000000,87.6
1790694606,2026/09/29 15:10:06.787,71.82,1976,78,0x0000000000000000,87.7
1790694616,2026/09/29 15:10:16.841,71.68,1976,78,0x0000000000000000,87.5
1790694626,2026/09/29 15:10:26.897,71.71,1976,78,0x0000000000000000,87.7
1790694636,2026/09/29 15:10:36.948,70.16,1976,77,0x0000000000000000,87.1
1790694647,2026/09/29 15:10:46.998,66.56,1976,78,0x0000000000000000,86.6
1790694657,2026/09/29 15:10:57.052,69.52,1976,77,0x0000000000000000,86.9
1790694667,2026/09/29 15:11:07.106,71.09,1976,78,0x0000000000000000,86.4
1790694677,2026/09/29 15:11:17.165,71.54,1976,77,0x0000000000000000,86.3
1790694687,2026/09/29 15:11:27.226,71.75,1976,78,0x0000000000000000,87.3
1790694697,2026/09/29 15:11:37.277,71.61,1976,78,0x0000000000000000,87.5
1790694707,2026/09/29 15:11:47.328,68.35,1976,76,0x0000000000000000,86.2
1790694717,2026/09/29 15:11:57.384,68.53,1976,76,0x0000000000000000,86.2
1790694727,2026/09/29 15:12:07.442,71.82,1976,77,0x0000000000000000,87.3
1790694737,2026/09/29 15:12:17.497,72.20,1976,78,0x0000000000000000,87.7
1790694747,2026/09/29 15:12:27.551,72.12,1976,78,0x0000000000000000,87.7
1790694757,2026/09/29 15:12:37.604,72.10,1976,78,0x0000000000000000,87.7
1790694767,2026/09/29 15:12:47.655,72.21,1976,78,0x0000000000000000,87.8
1790694777,2026/09/29 15:12:57.707,72.32,1976,78,0x0000000000000000,88.0
1790694787,2026/09/29 15:13:07.772,68.27,1976,76,0x0000000000000000,86.6
1790694797,2026/09/29 15:13:17.827,71.03,1976,78,0x0000000000000000,87.2
1790694807,2026/09/29 15:13:27.881,71.75,1976,78,0x0000000000000000,86.9
1790694817,2026/09/29 15:13:37.932,67.64,1976,77,0x0000000000000000,86.5
1790694827,2026/09/29 15:13:47.985,72.01,1976,77,0x0000000000000000,87.3
1790694838,2026/09/29 15:13:58.038,72.04,1976,78,0x0000000000000000,87.7
1790694848,2026/09/29 15:14:08.094,71.94,1976,78,0x0000000000000000,87.6
1790694858,2026/09/29 15:14:18.146,71.95,1976,78,0x0000000000000000,87.6
1790694868,2026/09/29 15:14:28.201,71.76,1976,78,0x0000000000000000,87.8
1790694878,2026/09/29 15:14:38.255,65.58,1976,77,0x0000000000000000,86.4
1790694888,2026/09/29 15:14:48.308,70.73,1976,78,0x0000000000000000,87.4
1790694898,2026/09/29 15:14:58.361,71.91,1976,78,0x0000000000000000,87.7
1790694908,2026/09/29 15:15:08.416,71.55,1976,78,0x0000000000000000,87.6
1790694918,2026/09/29 15:15:18.472,71.98,1976,78,0x0000000000000000,87.7
1790694928,2026/09/29 15:15:28.529,71.80,1976,78,0x0000000000000000,87.7
1790694938,2026/09/29 15:15:38.585,71.73,1976,77,0x0000000000000000,87.9
1790694948,2026/09/29 15:15:48.637,68.36,1976,76,0x0000000000000000,87.0
1790694958,2026/09/29 15:15:58.688,70.88,1976,78,0x0000000000000000,86.4
1790694968,2026/09/29 15:16:08.744,71.85,1976,78,0x0000000000000000,87.4
1790694978,2026/09/29 15:16:18.798,71.72,1976,78,0x0000000000000000,87.6
1790694988,2026/09/29 15:16:28.851,71.76,1976,78,0x0000000000000000,87.5
1790694998,2026/09/29 15:16:38.905,71.41,1976,78,0x0000000000000000,87.1
1790695008,2026/09/29 15:16:48.960,69.49,1976,78,0x0000000000000000,87.1
1790695019,2026/09/29 15:16:59.014,69.72,1976,77,0x0000000000000000,86.8
1790695029,2026/09/29 15:17:09.068,72.03,1976,78,0x0000000000000000,87.5
1790695039,2026/09/29 15:17:19.123,71.76,1976,78,0x0000000000000000,87.7
1790695049,2026/09/29 15:17:29.177,71.72,1976,78,0x0000000000000000,87.7
1790695059,2026/09/29 15:17:39.234,72.03,1976,78,0x0000000000000000,86.1
1790695069,2026/09/29 15:17:49.288,71.78,1976,78,0x0000000000000000,87.5
1790695079,2026/09/29 15:17:59.345,72.03,1976,78,0x0000000000000000,87.6
1790695089,2026/09/29 15:18:09.398,72.16,1976,78,0x0000000000000000,87.7
1790695099,2026/09/29 15:18:19.456,72.19,1976,78,0x0000000000000000,87.8
1790695109,2026/09/29 15:18:29.510,71.82,1976,78,0x0000000000000000,87.8
1790695119,2026/09/29 15:18:39.564,68.47,1976,74,0x0000000000000000,85.2
1790695129,2026/09/29 15:18:49.619,68.87,1976,78,0x0000000000000000,87.1
1790695139,2026/09/29 15:18:59.671,72.00,1976,78,0x0000000000000000,87.7
1790695149,2026/09/29 15:19:09.726,72.11,1976,78,0x0000000000000000,87.8
1790695159,2026/09/29 15:19:19.781,71.95,1976,78,0x0000000000000000,88.1
1790695169,2026/09/29 15:19:29.847,68.58,1976,77,0x0000000000000000,87.2
1790695179,2026/09/29 15:19:39.904,71.75,1976,78,0x0000000000000000,87.4
1790695189,2026/09/29 15:19:49.953,71.75,1976,78,0x0000000000000000,87.8
1790695200,2026/09/29 15:20:00.004,71.54,1976,78,0x0000000000000000,86.9
1790695210,2026/09/29 15:20:10.060,71.84,1976,78,0x0000000000000000,87.7
1790695220,2026/09/29 15:20:20.113,71.92,1976,78,0x0000000000000000,87.8
1790695230,2026/09/29 15:20:30.167,72.00,1976,78,0x0000000000000000,88.0
1790695240,2026/09/29 15:20:40.220,71.77,1976,79,0x0000000000000000,88.0
1790695250,2026/09/29 15:20:50.270,70.25,1976,79,0x0000000000000000,87.8
1790695260,2026/09/29 15:21:00.324,69.18,1976,78,0x0000000000000000,87.7
1790695270,2026/09/29 15:21:10.383,70.89,1976,78,0x0000000000000000,87.6
1790695280,2026/09/29 15:21:20.437,68.08,1976,78,0x0000000000000000,87.1
1790695290,2026/09/29 15:21:30.494,68.70,1976,77,0x0000000000000000,86.8
1790695300,2026/09/29 15:21:40.549,69.38,1976,78,0x0000000000000000,87.1
1790695310,2026/09/29 15:21:50.602,68.38,1976,76,0x0000000000000000,86.5
1790695320,2026/09/29 15:22:00.658,71.85,1976,78,0x0000000000000000,87.6
1790695330,2026/09/29 15:22:10.710,71.79,1976,78,0x0000000000000000,87.7
1790695340,2026/09/29 15:22:20.763,71.79,1976,78,0x0000000000000000,87.7
1790695350,2026/09/29 15:22:30.816,71.91,1976,78,0x0000000000000000,87.7
1790695360,2026/09/29 15:22:40.868,71.74,1976,78,0x0000000000000000,87.9
1790695370,2026/09/29 15:22:50.921,68.09,1976,78,0x0000000000000000,87.1
1790695380,2026/09/29 15:23:00.975,71.58,1976,78,0x0000000000000000,87.7
1790695391,2026/09/29 15:23:11.030,71.54,1976,78,0x0000000000000000,87.6
1790695401,2026/09/29 15:23:21.081,71.94,1976,78,0x0000000000000000,87.6
1790695411,2026/09/29 15:23:31.134,71.55,1976,78,0x0000000000000000,87.7
1790695421,2026/09/29 15:23:41.188,71.99,1976,78,0x0000000000000000,87.6
1790695431,2026/09/29 15:23:51.241,71.76,1976,78,0x0000000000000000,87.7
1790695441,2026/09/29 15:24:01.292,71.89,1976,78,0x0000000000000000,87.9
1790695451,2026/09/29 15:24:11.343,71.79,1976,78,0x0000000000000000,87.6
1790695461,2026/09/29 15:24:21.397,69.85,1976,78,0x0000000000000000,87.3
1790695471,2026/09/29 15:24:31.450,72.14,1976,78,0x0000000000000000,87.8
1790695481,2026/09/29 15:24:41.510,72.10,1976,78,0x0000000000000000,87.9
1790695491,2026/09/29 15:24:51.564,72.04,1976,78,0x0000000000000000,87.6
1790695501,2026/09/29 15:25:01.618,71.94,1976,78,0x0000000000000000,88.2
1790695511,2026/09/29 15:25:11.669,68.75,1976,77,0x0000000000000000,86.9
1790695521,2026/09/29 15:25:21.721,71.12,1976,78,0x0000000000000000,87.1
1790695531,2026/09/29 15:25:31.776,71.75,1976,78,0x0000000000000000,87.7
1790695541,2026/09/29 15:25:41.837,71.91,1976,78,0x0000000000000000,87.6
1790695551,2026/09/29 15:25:51.895,72.04,1976,78,0x0000000000000000,87.7
1790695561,2026/09/29 15:26:01.950,72.06,1976,78,0x0000000000000000,87.8
1790695572,2026/09/29 15:26:12.005,71.92,1976,78,0x0000000000000000,87.6
1790695582,2026/09/29 15:26:22.057,72.09,1976,78,0x0000000000000000,87.9
1790695592,2026/09/29 15:26:32.105,71.65,1976,77,0x0000000000000000,87.7
1790695602,2026/09/29 15:26:42.159,70.43,1976,76,0x0000000000000000,87.2
1790695612,2026/09/29 15:26:52.216,71.98,1976,78,0x0000000000000000,87.7
1790695622,2026/09/29 15:27:02.269,72.10,1976,78,0x0000000000000000,87.8
1790695632,2026/09/29 15:27:12.323,72.17,1976,78,0x0000000000000000,87.8
1790695642,2026/09/29 15:27:22.378,72.18,1976,78,0x0000000000000000,87.8
1790695652,2026/09/29 15:27:32.430,71.63,1976,78,0x0000000000000000,88.0
1790695662,2026/09/29 15:27:42.485,71.64,1976,78,0x0000000000000000,87.6
1790695672,2026/09/29 15:27:52.540,68.19,1976,77,0x0000000000000000,86.2
1790695682,2026/09/29 15:28:02.595,71.93,1976,78,0x0000000000000000,87.7
1790695692,2026/09/29 15:28:12.649,71.77,1976,78,0x0000000000000000,87.8
1790695702,2026/09/29 15:28:22.701,71.93,1976,78,0x0000000000000000,87.7
1790695712,2026/09/29 15:28:32.755,71.55,1976,78,0x0000000000000000,87.9
1790695722,2026/09/29 15:28:42.808,71.88,1976,78,0x0000000000000000,88.0
1790695732,2026/09/29 15:28:52.863,71.60,1976,78,0x0000000000000000,88.0
1790695742,2026/09/29 15:29:02.916,68.94,1976,78,0x0000000000000000,87.4
1790695752,2026/09/29 15:29:12.969,68.35,1976,78,0x0000000000000000,87.0
1790695763,2026/09/29 15:29:23.021,69.69,1976,78,0x0000000000000000,87.2
1790695773,2026/09/29 15:29:33.072,71.67,1976,78,0x0000000000000000,87.7
1790695783,2026/09/29 15:29:43.125,71.75,1976,78,0x0000000000000000,87.7
1790695793,2026/09/29 15:29:53.172,71.90,1976,78,0x0000000000000000,87.7
1790695803,2026/09/29 15:30:03.223,71.83,1976,78,0x0000000000000000,87.9
1790695813,2026/09/29 15:30:13.276,72.00,1976,78,0x0000000000000000,87.9
1790695823,2026/09/29 15:30:23.328,71.68,1976,78,0x0000000000000000,87.7
1790695833,2026/09/29 15:30:33.384,67.99,1976,78,0x0000000000000000,87.2
1790695843,2026/09/29 15:30:43.439,69.46,1976,78,0x0000000000000000,87.1
1790695853,2026/09/29 15:30:53.495,70.19,1976,78,0x0000000000000000,87.0
1790695863,2026/09/29 15:31:03.551,71.54,1976,78,0x0000000000000000,87.5
1790695873,2026/09/29 15:31:13.603,71.78,1976,78,0x0000000000000000,87.6
1790695883,2026/09/29 15:31:23.655,71.69,1976,78,0x0000000000000000,87.7
1790695893,2026/09/29 15:31:33.710,71.78,1976,78,0x0000000000000000,87.1
1790695903,2026/09/29 15:31:43.763,71.91,1976,78,0x0000000000000000,87.5
1790695913,2026/09/29 15:31:53.815,72.08,1976,78,0x0000000000000000,87.7
1790695923,2026/09/29 15:32:03.867,72.00,1976,78,0x0000000000000000,87.9
1790695933,2026/09/29 15:32:13.920,72.04,1976,78,0x0000000000000000,88.0
1790695943,2026/09/29 15:32:23.975,72.03,1976,78,0x0000000000000000,88.0
1790695954,2026/09/29 15:32:34.030,71.87,1976,78,0x0000000000000000,88.1
1790695964,2026/09/29 15:32:44.084,70.50,1976,78,0x0000000000000000,87.6
1790695974,2026/09/29 15:32:54.133,68.76,1976,78,0x0000000000000000,86.8
1790695984,2026/09/29 15:33:04.189,70.85,1976,78,0x0000000000000000,87.0
1790695994,2026/09/29 15:33:14.241,70.09,1976,78,0x0000000000000000,87.4
1790696004,2026/09/29 15:33:24.293,71.89,1976,78,0x0000000000000000,87.8
1790696014,2026/09/29 15:33:34.344,72.08,1976,78,0x0000000000000000,87.8
1790696024,2026/09/29 15:33:44.395,71.80,1976,78,0x0000000000000000,88.0
1790696034,2026/09/29 15:33:54.455,68.68,1976,77,0x0000000000000000,87.0
1790696044,2026/09/29 15:34:04.510,71.81,1976,78,0x0000000000000000,86.8
1790696054,2026/09/29 15:34:14.561,71.76,1976,78,0x0000000000000000,87.7
1790696064,2026/09/29 15:34:24.616,71.67,1976,78,0x0000000000000000,87.7
1790696074,2026/09/29 15:34:34.669,71.87,1976,78,0x0000000000000000,87.8
1790696084,2026/09/29 15:34:44.724,63.26,1976,78,0x0000000000000000,87.0
1790696094,2026/09/29 15:34:54.775,71.62,1976,78,0x0000000000000000,87.9
1790696104,2026/09/29 15:35:04.824,71.72,1976,78,0x0000000000000000,88.1
1790696114,2026/09/29 15:35:14.886,71.70,1976,78,0x0000000000000000,88.5
1790696124,2026/09/29 15:35:24.942,69.54,1976,78,0x0000000000000000,87.5
1790696135,2026/09/29 15:35:34.994,71.62,1976,78,0x0000000000000000,87.0
1790696145,2026/09/29 15:35:45.045,71.53,1976,78,0x0000000000000000,87.3
1790696155,2026/09/29 15:35:55.098,68.65,1976,78,0x0000000000000000,87.0
1790696165,2026/09/29 15:36:05.151,71.57,1976,78,0x0000000000000000,87.7
1790696175,2026/09/29 15:36:15.204,71.80,1976,78,0x0000000000000000,87.7
1790696185,2026/09/29 15:36:25.257,71.87,1976,78,0x0000000000000000,87.5
1790696195,2026/09/29 15:36:35.309,71.74,1976,78,0x0000000000000000,87.7
1790696205,2026/09/29 15:36:45.359,71.72,1976,78,0x0000000000000000,87.7
1790696215,2026/09/29 15:36:55.410,72.10,1976,78,0x0000000000000000,86.9
1790696225,2026/09/29 15:37:05.468,71.63,1976,78,0x0000000000000000,87.9
1790696235,2026/09/29 15:37:15.522,71.69,1976,78,0x0000000000000000,88.3
1790696245,2026/09/29 15:37:25.575,68.75,1976,78,0x0000000000000000,87.1
1790696255,2026/09/29 15:37:35.630,68.53,1976,77,0x0000000000000000,86.6
1790696265,2026/09/29 15:37:45.682,72.08,1976,78,0x0000000000000000,87.7
1790696275,2026/09/29 15:37:55.734,68.79,1976,78,0x0000000000000000,86.0
1790696285,2026/09/29 15:38:05.788,68.64,1976,78,0x0000000000000000,87.2
1790696295,2026/09/29 15:38:15.844,68.11,1976,75,0x0000000000000000,86.3
1790696305,2026/09/29 15:38:25.899,71.97,1976,78,0x0000000000000000,87.6
1790696315,2026/09/29 15:38:35.953,71.77,1976,78,0x0000000000000000,87.5
1790696326,2026/09/29 15:38:46.004,71.64,1976,78,0x0000000000000000,87.6
1790696336,2026/09/29 15:38:56.062,72.05,1976,78,0x0000000000000000,87.6
1790696346,2026/09/29 15:39:06.120,71.79,1976,77,0x0000000000000000,87.7
1790696356,2026/09/29 15:39:16.169,71.77,1976,78,0x0000000000000000,87.6
1790696366,2026/09/29 15:39:26.221,69.04,1976,77,0x0000000000000000,87.0
1790696376,2026/09/29 15:39:36.272,71.43,1976,78,0x0000000000000000,86.8
1790696386,2026/09/29 15:39:46.328,67.61,1976,77,0x0000000000000000,86.8
1790696396,2026/09/29 15:39:56.382,70.17,1976,77,0x0000000000000000,86.7
1790696406,2026/09/29 15:40:06.438,71.67,1976,78,0x0000000000000000,87.6
1790696416,2026/09/29 15:40:16.490,72.10,1976,78,0x0000000000000000,87.6
1790696426,2026/09/29 15:40:26.541,72.21,1976,78,0x0000000000000000,87.7
1790696436,2026/09/29 15:40:36.591,71.13,1976,78,0x0000000000000000,87.0
1790696446,2026/09/29 15:40:46.644,69.60,1976,77,0x0000000000000000,86.4
1790696456,2026/09/29 15:40:56.695,71.61,1976,78,0x0000000000000000,86.9
1790696466,2026/09/29 15:41:06.751,71.63,1976,78,0x0000000000000000,87.6
1790696476,2026/09/29 15:41:16.800,71.87,1976,78,0x0000000000000000,87.7
1790696486,2026/09/29 15:41:26.854,71.31,1976,78,0x0000000000000000,87.6
1790696496,2026/09/29 15:41:36.906,71.95,1976,78,0x0000000000000000,87.7
1790696506,2026/09/29 15:41:46.958,71.32,1976,78,0x0000000000000000,87.1
1790696517,2026/09/29 15:41:57.015,71.72,1976,78,0x0000000000000000,87.7
1790696527,2026/09/29 15:42:07.068,71.49,1976,76,0x0000000000000000,87.7
1790696537,2026/09/29 15:42:17.121,72.10,1976,78,0x0000000000000000,87.7
1790696547,2026/09/29 15:42:27.175,71.58,1976,78,0x0000000000000000,87.7
1790696557,2026/09/29 15:42:37.230,71.87,1976,78,0x0000000000000000,87.6
1790696567,2026/09/29 15:42:47.283,72.04,1976,78,0x0000000000000000,87.7
1790696577,2026/09/29 15:42:57.334,71.87,1976,78,0x0000000000000000,87.8
1790696587,2026/09/29 15:43:07.388,66.18,1976,77,0x0000000000000000,86.9
1790696597,2026/09/29 15:43:17.443,68.88,1976,77,0x0000000000000000,86.8
1790696607,2026/09/29 15:43:27.495,70.78,1976,78,0x0000000000000000,86.7
1790696617,2026/09/29 15:43:37.550,68.67,1976,77,0x0000000000000000,86.8
1790696627,2026/09/29 15:43:47.604,68.19,1976,78,0x0000000000000000,86.3
1790696637,2026/09/29 15:43:57.658,68.81,1976,77,0x0000000000000000,86.6
1790696647,2026/09/29 15:44:07.712,72.30,1976,78,0x0000000000000000,87.4
1790696657,2026/09/29 15:44:17.764,71.96,1976,78,0x0000000000000000,87.5
1790696667,2026/09/29 15:44:27.818,70.60,1976,78,0x0000000000000000,87.1
1790696677,2026/09/29 15:44:37.871,72.03,1976,78,0x0000000000000000,87.3
1790696687,2026/09/29 15:44:47.922,72.03,1976,78,0x0000000000000000,87.5
1790696697,2026/09/29 15:44:57.975,72.14,1976,78,0x0000000000000000,87.7
1790696708,2026/09/29 15:45:08.028,72.17,1976,78,0x0000000000000000,87.7
1790696718,2026/09/29 15:45:18.080,72.31,1976,78,0x0000000000000000,87.8
1790696728,2026/09/29 15:45:28.133,69.13,1976,77,0x0000000000000000,86.5
1790696738,2026/09/29 15:45:38.191,71.84,1976,78,0x0000000000000000,87.2
1790696748,2026/09/29 15:45:48.252,68.55,1976,78,0x0000000000000000,86.7
1790696758,2026/09/29 15:45:58.306,71.84,1976,78,0x0000000000000000,87.5
1790696768,2026/09/29 15:46:08.359,72.01,1976,78,0x0000000000000000,87.7
1790696778,2026/09/29 15:46:18.412,72.15,1976,78,0x0000000000000000,87.7
1790696788,2026/09/29 15:46:28.466,72.14,1976,78,0x0000000000000000,88.2
1790696798,2026/09/29 15:46:38.520,72.04,1976,78,0x0000000000000000,86.9
1790696808,2026/09/29 15:46:48.577,66.82,1976,78,0x0000000000000000,86.8
1790696818,2026/09/29 15:46:58.631,69.95,1976,77,0x0000000000000000,86.9
1790696828,2026/09/29 15:47:08.685,71.68,1976,78,0x0000000000000000,87.6
1790696838,2026/09/29 15:47:18.739,71.72,1976,78,0x0000000000000000,87.7
1790696848,2026/09/29 15:47:28.794,71.91,1976,78,0x0000000000000000,87.7
1790696858,2026/09/29 15:47:38.848,72.00,1976,78,0x0000000000000000,88.0
1790696868,2026/09/29 15:47:48.904,72.22,1976,78,0x0000000000000000,88.3
1790696878,2026/09/29 15:47:58.957,71.15,1976,78,0x0000000000000000,87.1
1790696889,2026/09/29 15:48:09.008,68.94,1976,78,0x0000000000000000,87.2
1790696899,2026/09/29 15:48:19.060,69.50,1976,78,0x0000000000000000,86.5
1790696909,2026/09/29 15:48:29.118,69.97,1976,77,0x0000000000000000,87.0
1790696919,2026/09/29 15:48:39.170,71.57,1976,78,0x0000000000000000,87.7
1790696929,2026/09/29 15:48:49.221,71.62,1976,78,0x0000000000000000,87.7
1790696939,2026/09/29 15:48:59.270,72.03,1976,78,0x0000000000000000,87.7
1790696949,2026/09/29 15:49:09.321,71.73,1976,78,0x0000000000000000,87.7
1790696959,2026/09/29 15:49:19.373,71.84,1976,78,0x0000000000000000,87.7
1790696969,2026/09/29 15:49:29.424,71.76,1976,78,0x0000000000000000,87.8
1790696979,2026/09/29 15:49:39.478,67.93,1976,78,0x0000000000000000,87.1
1790696989,2026/09/29 15:49:49.531,68.34,1976,76,0x0000000000000000,86.6
1790696999,2026/09/29 15:49:59.586,71.51,1976,78,0x0000000000000000,86.7
1790697009,2026/09/29 15:50:09.643,70.92,1976,78,0x0000000000000000,87.6
1790697019,2026/09/29 15:50:19.700,71.91,1976,78,0x0000000000000000,87.6
1790697029,2026/09/29 15:50:29.754,71.34,1976,78,0x0000000000000000,87.2
1790697039,2026/09/29 15:50:39.810,68.87,1976,76,0x0000000000000000,86.5
1790697049,2026/09/29 15:50:49.868,71.84,1976,78,0x0000000000000000,86.9
1790697059,2026/09/29 15:50:59.931,67.86,1976,78,0x0000000000000000,86.4
1790697069,2026/09/29 15:51:09.986,68.80,1976,76,0x0000000000000000,86.4
1790697080,2026/09/29 15:51:20.037,71.82,1976,78,0x0000000000000000,87.4
1790697090,2026/09/29 15:51:30.092,71.83,1976,78,0x0000000000000000,86.5
1790697100,2026/09/29 15:51:40.151,67.62,1976,77,0x0000000000000000,86.8
# end 1790697100 clean
# start 1790697432 2026-09-29T15:57:12Z host=spark-def3 driver=580.178.04 interval_s=10
1790697432,2026/09/29 15:57:12.924,63.46,1976,75,0x0000000000000000,84.2
1790697442,2026/09/29 15:57:22.979,64.08,1976,76,0x0000000000000000,84.1
1790697453,2026/09/29 15:57:33.033,63.82,1976,75,0x0000000000000000,84.3
1790697463,2026/09/29 15:57:43.085,63.89,1976,76,0x0000000000000000,84.0
1790697473,2026/09/29 15:57:53.140,69.63,1976,77,0x0000000000000000,86.4
1790697483,2026/09/29 15:58:03.193,68.34,1976,77,0x0000000000000000,86.2
1790697493,2026/09/29 15:58:13.245,69.26,1976,77,0x0000000000000000,86.4
1790697503,2026/09/29 15:58:23.305,69.74,1976,77,0x0000000000000000,86.4
1790697513,2026/09/29 15:58:33.361,71.28,1976,78,0x0000000000000000,87.0
1790697523,2026/09/29 15:58:43.419,66.42,1976,77,0x0000000000000000,86.0
1790697533,2026/09/29 15:58:53.475,69.86,1976,77,0x0000000000000000,86.5
1790697543,2026/09/29 15:59:03.529,71.40,1976,78,0x0000000000000000,87.4
1790697553,2026/09/29 15:59:13.580,68.72,1976,77,0x0000000000000000,86.5
1790697563,2026/09/29 15:59:23.634,69.73,1976,77,0x0000000000000000,86.3
1790697573,2026/09/29 15:59:33.690,71.56,1976,78,0x0000000000000000,87.3
1790697583,2026/09/29 15:59:43.743,71.74,1976,78,0x0000000000000000,87.7
1790697593,2026/09/29 15:59:53.805,72.07,1976,78,0x0000000000000000,87.7
1790697603,2026/09/29 16:00:03.859,71.65,1976,78,0x0000000000000000,86.8
1790697613,2026/09/29 16:00:13.914,68.09,1976,76,0x0000000000000000,86.7
1790697623,2026/09/29 16:00:23.970,71.35,1976,78,0x0000000000000000,86.9
1790697634,2026/09/29 16:00:34.040,70.96,1976,78,0x0000000000000000,86.9
1790697644,2026/09/29 16:00:44.091,72.04,1976,78,0x0000000000000000,87.7
1790697654,2026/09/29 16:00:54.142,71.82,1976,76,0x0000000000000000,87.6
1790697664,2026/09/29 16:01:04.196,71.61,1976,78,0x0000000000000000,87.4
1790697674,2026/09/29 16:01:14.247,71.77,1976,78,0x0000000000000000,87.6
1790697684,2026/09/29 16:01:24.301,68.46,1976,77,0x0000000000000000,87.0
1790697694,2026/09/29 16:01:34.442,69.20,1976,77,0x0000000000000000,85.4
1790697704,2026/09/29 16:01:44.501,67.99,1976,77,0x0000000000000000,86.3
1790697714,2026/09/29 16:01:54.559,68.88,1976,76,0x0000000000000000,86.0
1790697724,2026/09/29 16:02:04.611,71.58,1976,77,0x0000000000000000,86.5
1790697734,2026/09/29 16:02:14.663,72.09,1976,78,0x0000000000000000,87.5
1790697744,2026/09/29 16:02:24.715,68.86,1976,77,0x0000000000000000,86.6
1790697754,2026/09/29 16:02:34.765,71.88,1976,78,0x0000000000000000,86.2
1790697764,2026/09/29 16:02:44.821,69.00,1976,77,0x0000000000000000,86.5
1790697774,2026/09/29 16:02:54.876,67.93,1976,77,0x0000000000000000,86.1
1790697784,2026/09/29 16:03:04.931,71.72,1976,77,0x0000000000000000,86.7
1790697794,2026/09/29 16:03:14.981,71.85,1976,78,0x0000000000000000,87.5
1790697805,2026/09/29 16:03:25.033,64.09,1976,77,0x0000000000000000,86.1
1790697815,2026/09/29 16:03:35.088,68.86,1976,77,0x0000000000000000,86.5
1790697825,2026/09/29 16:03:45.144,71.14,1976,77,0x0000000000000000,86.2
1790697835,2026/09/29 16:03:55.200,71.69,1976,78,0x0000000000000000,87.3
1790697845,2026/09/29 16:04:05.255,71.72,1976,78,0x0000000000000000,87.6
1790697855,2026/09/29 16:04:15.309,71.80,1976,78,0x0000000000000000,87.7
1790697865,2026/09/29 16:04:25.364,69.53,1976,78,0x0000000000000000,86.8
1790697875,2026/09/29 16:04:35.416,71.79,1976,78,0x0000000000000000,87.7
1790697885,2026/09/29 16:04:45.466,71.89,1976,78,0x0000000000000000,87.8
1790697895,2026/09/29 16:04:55.529,71.85,1976,78,0x0000000000000000,87.7
1790697905,2026/09/29 16:05:05.580,71.97,1976,78,0x0000000000000000,87.9
1790697915,2026/09/29 16:05:15.632,71.83,1976,78,0x0000000000000000,87.7
1790697925,2026/09/29 16:05:25.694,71.92,1976,78,0x0000000000000000,87.8
1790697935,2026/09/29 16:05:35.749,71.79,1976,78,0x0000000000000000,87.7
1790697945,2026/09/29 16:05:45.803,72.07,1976,78,0x0000000000000000,88.1
1790697955,2026/09/29 16:05:55.861,71.97,1976,78,0x0000000000000000,88.0
1790697965,2026/09/29 16:06:05.920,72.15,1976,78,0x0000000000000000,87.9
1790697975,2026/09/29 16:06:15.973,71.82,1976,78,0x0000000000000000,87.7
1790697986,2026/09/29 16:06:26.023,72.00,1976,78,0x0000000000000000,87.8
1790697996,2026/09/29 16:06:36.082,72.11,1976,78,0x0000000000000000,88.0
1790698006,2026/09/29 16:06:46.133,68.59,1976,78,0x0000000000000000,87.1
1790698016,2026/09/29 16:06:56.187,72.11,1976,78,0x0000000000000000,87.7
1790698026,2026/09/29 16:07:06.242,71.98,1976,78,0x0000000000000000,87.8
1790698036,2026/09/29 16:07:16.294,68.23,1976,77,0x0000000000000000,87.4
1790698046,2026/09/29 16:07:26.344,71.77,1976,78,0x0000000000000000,87.7
1790698056,2026/09/29 16:07:36.401,72.01,1976,78,0x0000000000000000,87.6
1790698066,2026/09/29 16:07:46.454,63.75,1976,78,0x0000000000000000,86.4
1790698076,2026/09/29 16:07:56.506,67.91,1976,78,0x0000000000000000,86.8
1790698086,2026/09/29 16:08:06.557,72.14,1976,78,0x0000000000000000,87.6
1790698096,2026/09/29 16:08:16.612,72.01,1976,78,0x0000000000000000,87.7
1790698106,2026/09/29 16:08:26.667,72.11,1976,78,0x0000000000000000,87.7
1790698116,2026/09/29 16:08:36.720,71.93,1976,78,0x0000000000000000,87.2
1790698126,2026/09/29 16:08:46.770,71.84,1976,78,0x0000000000000000,87.4
1790698136,2026/09/29 16:08:56.822,67.80,1976,78,0x0000000000000000,87.1
1790698146,2026/09/29 16:09:06.872,72.11,1976,78,0x0000000000000000,87.6
1790698156,2026/09/29 16:09:16.923,71.71,1976,78,0x0000000000000000,87.7
1790698166,2026/09/29 16:09:26.976,71.92,1976,78,0x0000000000000000,87.6
1790698177,2026/09/29 16:09:37.031,71.81,1976,78,0x0000000000000000,87.7
1790698187,2026/09/29 16:09:47.089,71.80,1976,78,0x0000000000000000,87.8
1790698197,2026/09/29 16:09:57.141,71.73,1976,78,0x0000000000000000,87.7
1790698207,2026/09/29 16:10:07.203,71.97,1976,78,0x0000000000000000,87.8
1790698217,2026/09/29 16:10:17.257,71.04,1976,78,0x0000000000000000,87.3
1790698227,2026/09/29 16:10:27.317,68.07,1976,78,0x0000000000000000,86.7
1790698237,2026/09/29 16:10:37.371,72.18,1976,78,0x0000000000000000,87.7
1790698247,2026/09/29 16:10:47.424,71.90,1976,78,0x0000000000000000,87.8
1790698257,2026/09/29 16:10:57.477,72.27,1976,78,0x0000000000000000,87.7
1790698267,2026/09/29 16:11:07.531,71.81,1976,78,0x0000000000000000,87.8
1790698277,2026/09/29 16:11:17.585,71.34,1976,78,0x0000000000000000,87.4
1790698287,2026/09/29 16:11:27.636,69.36,1976,78,0x0000000000000000,87.3
1790698297,2026/09/29 16:11:37.690,68.40,1976,77,0x0000000000000000,86.8
1790698307,2026/09/29 16:11:47.743,72.03,1976,78,0x0000000000000000,87.7
1790698317,2026/09/29 16:11:57.797,71.77,1976,78,0x0000000000000000,87.7
1790698327,2026/09/29 16:12:07.852,71.97,1976,78,0x0000000000000000,87.8
1790698337,2026/09/29 16:12:17.905,69.29,1976,78,0x0000000000000000,87.5
1790698347,2026/09/29 16:12:27.960,68.35,1976,78,0x0000000000000000,87.2
1790698358,2026/09/29 16:12:38.018,71.83,1976,78,0x0000000000000000,87.7
1790698368,2026/09/29 16:12:48.070,71.66,1976,78,0x0000000000000000,87.5
1790698378,2026/09/29 16:12:58.125,72.20,1976,78,0x0000000000000000,87.7
1790698388,2026/09/29 16:13:08.179,72.04,1976,78,0x0000000000000000,87.8
1790698398,2026/09/29 16:13:18.234,68.64,1976,77,0x0000000000000000,87.0
1790698408,2026/09/29 16:13:28.288,71.62,1976,78,0x0000000000000000,87.4
1790698418,2026/09/29 16:13:38.342,71.81,1976,78,0x0000000000000000,87.7
1790698428,2026/09/29 16:13:48.395,71.67,1976,78,0x0000000000000000,87.7
1790698438,2026/09/29 16:13:58.446,72.04,1976,78,0x0000000000000000,87.8
1790698448,2026/09/29 16:14:08.501,71.48,1976,78,0x0000000000000000,87.8
1790698458,2026/09/29 16:14:18.552,68.75,1976,78,0x0000000000000000,87.1
1790698468,2026/09/29 16:14:28.607,70.25,1976,78,0x0000000000000000,87.0
1790698478,2026/09/29 16:14:38.665,72.02,1976,78,0x0000000000000000,87.4
1790698488,2026/09/29 16:14:48.722,71.99,1976,78,0x0000000000000000,87.7
1790698498,2026/09/29 16:14:58.779,72.01,1976,78,0x0000000000000000,87.9
1790698508,2026/09/29 16:15:08.834,70.42,1976,78,0x0000000000000000,87.4
1790698518,2026/09/29 16:15:18.888,71.92,1976,78,0x0000000000000000,87.7
1790698528,2026/09/29 16:15:28.943,71.18,1976,78,0x0000000000000000,86.5
1790698539,2026/09/29 16:15:38.999,71.53,1976,77,0x0000000000000000,87.5
1790698549,2026/09/29 16:15:49.053,71.87,1976,78,0x0000000000000000,87.6
1790698559,2026/09/29 16:15:59.106,71.65,1976,78,0x0000000000000000,87.1
1790698569,2026/09/29 16:16:09.161,67.64,1976,77,0x0000000000000000,86.1
1790698579,2026/09/29 16:16:19.220,71.44,1976,78,0x0000000000000000,86.9
1790698589,2026/09/29 16:16:29.279,70.18,1976,78,0x0000000000000000,87.0
1790698599,2026/09/29 16:16:39.332,71.63,1976,78,0x0000000000000000,87.6
1790698609,2026/09/29 16:16:49.385,72.05,1976,78,0x0000000000000000,87.7
1790698619,2026/09/29 16:16:59.440,71.64,1976,78,0x0000000000000000,87.7
1790698629,2026/09/29 16:17:09.490,71.64,1976,78,0x0000000000000000,85.4
1790698639,2026/09/29 16:17:19.546,71.61,1976,78,0x0000000000000000,87.6
1790698649,2026/09/29 16:17:29.601,71.72,1976,78,0x0000000000000000,87.8
1790698659,2026/09/29 16:17:39.654,71.65,1976,78,0x0000000000000000,87.9
1790698669,2026/09/29 16:17:49.706,72.10,1976,78,0x0000000000000000,88.1
1790698679,2026/09/29 16:17:59.758,69.57,1976,78,0x0000000000000000,87.3
1790698689,2026/09/29 16:18:09.814,71.74,1976,78,0x0000000000000000,87.7
1790698699,2026/09/29 16:18:19.868,68.82,1976,77,0x0000000000000000,87.2
1790698709,2026/09/29 16:18:29.923,63.24,1976,78,0x0000000000000000,86.8
1790698719,2026/09/29 16:18:39.978,68.08,1976,77,0x0000000000000000,86.7
1790698730,2026/09/29 16:18:50.033,71.98,1976,78,0x0000000000000000,87.6
1790698740,2026/09/29 16:19:00.088,71.66,1976,78,0x0000000000000000,87.7
1790698750,2026/09/29 16:19:10.141,71.32,1976,77,0x0000000000000000,87.1
1790698760,2026/09/29 16:19:20.197,71.89,1976,78,0x0000000000000000,87.7
1790698770,2026/09/29 16:19:30.257,72.02,1976,78,0x0000000000000000,87.7
1790698780,2026/09/29 16:19:40.310,72.07,1976,78,0x0000000000000000,87.7
1790698790,2026/09/29 16:19:50.363,72.04,1976,78,0x0000000000000000,87.8
1790698800,2026/09/29 16:20:00.418,72.07,1976,78,0x0000000000000000,88.0
1790698810,2026/09/29 16:20:10.471,71.61,1976,78,0x0000000000000000,86.9
1790698820,2026/09/29 16:20:20.530,68.85,1976,78,0x0000000000000000,87.3
1790698830,2026/09/29 16:20:30.591,68.89,1976,78,0x0000000000000000,87.1
1790698840,2026/09/29 16:20:40.645,69.40,1976,78,0x0000000000000000,87.0
1790698850,2026/09/29 16:20:50.713,70.31,1976,78,0x0000000000000000,87.3
1790698860,2026/09/29 16:21:00.768,67.97,1976,78,0x0000000000000000,87.3
1790698870,2026/09/29 16:21:10.825,71.32,1976,79,0x0000000000000000,87.5
1790698880,2026/09/29 16:21:20.880,71.43,1976,78,0x0000000000000000,86.8
1790698890,2026/09/29 16:21:30.937,70.65,1976,78,0x0000000000000000,87.5
1790698901,2026/09/29 16:21:40.990,72.05,1976,78,0x0000000000000000,87.6
1790698911,2026/09/29 16:21:51.043,65.50,1976,77,0x0000000000000000,86.8
1790698921,2026/09/29 16:22:01.095,71.67,1976,78,0x0000000000000000,87.4
1790698931,2026/09/29 16:22:11.148,71.77,1976,78,0x0000000000000000,87.5
1790698941,2026/09/29 16:22:21.199,71.99,1976,78,0x0000000000000000,87.8
1790698951,2026/09/29 16:22:31.251,68.20,1976,78,0x0000000000000000,87.1
1790698961,2026/09/29 16:22:41.302,71.95,1976,78,0x0000000000000000,87.8
1790698971,2026/09/29 16:22:51.356,66.84,1976,71,0x0000000000000000,83.9
1790698981,2026/09/29 16:23:01.415,68.11,1976,78,0x0000000000000000,86.6
1790698991,2026/09/29 16:23:11.468,71.55,1976,78,0x0000000000000000,87.5
1790699001,2026/09/29 16:23:21.518,71.58,1976,78,0x0000000000000000,87.7
1790699011,2026/09/29 16:23:31.574,71.71,1976,77,0x0000000000000000,87.7
1790699021,2026/09/29 16:23:41.628,71.68,1976,78,0x0000000000000000,87.8
1790699031,2026/09/29 16:23:51.683,71.74,1976,78,0x0000000000000000,87.8
1790699041,2026/09/29 16:24:01.736,71.99,1976,78,0x0000000000000000,88.1
1790699051,2026/09/29 16:24:11.787,63.47,1976,78,0x0000000000000000,86.7
1790699061,2026/09/29 16:24:21.843,70.42,1976,78,0x0000000000000000,87.3
1790699071,2026/09/29 16:24:31.899,71.99,1976,78,0x0000000000000000,87.7
1790699081,2026/09/29 16:24:41.950,71.87,1976,78,0x0000000000000000,87.8
1790699092,2026/09/29 16:24:52.002,72.12,1976,78,0x0000000000000000,88.0
1790699102,2026/09/29 16:25:02.055,68.47,1976,77,0x0000000000000000,87.1
1790699112,2026/09/29 16:25:12.108,69.29,1976,77,0x0000000000000000,86.8
1790699122,2026/09/29 16:25:22.163,71.66,1976,78,0x0000000000000000,87.2
1790699132,2026/09/29 16:25:32.226,70.21,1976,78,0x0000000000000000,87.2
1790699142,2026/09/29 16:25:42.280,71.93,1976,78,0x0000000000000000,87.7
1790699152,2026/09/29 16:25:52.335,72.08,1976,78,0x0000000000000000,87.7
1790699162,2026/09/29 16:26:02.389,63.84,1976,78,0x0000000000000000,86.7
1790699172,2026/09/29 16:26:12.443,69.53,1976,77,0x0000000000000000,86.7
1790699182,2026/09/29 16:26:22.498,71.26,1976,77,0x0000000000000000,86.9
1790699192,2026/09/29 16:26:32.556,71.67,1976,78,0x0000000000000000,87.7
1790699202,2026/09/29 16:26:42.619,72.04,1976,78,0x0000000000000000,87.7
1790699212,2026/09/29 16:26:52.673,72.14,1976,78,0x0000000000000000,87.7
1790699222,2026/09/29 16:27:02.727,71.61,1976,78,0x0000000000000000,87.8
1790699232,2026/09/29 16:27:12.776,71.76,1976,78,0x0000000000000000,87.7
1790699242,2026/09/29 16:27:22.830,63.56,1976,78,0x0000000000000000,86.9
1790699252,2026/09/29 16:27:32.883,64.09,1976,77,0x0000000000000000,85.3
1790699262,2026/09/29 16:27:42.938,64.15,1976,77,0x0000000000000000,84.8
1790699273,2026/09/29 16:27:52.994,71.43,1976,78,0x0000000000000000,86.8
1790699283,2026/09/29 16:28:03.048,71.70,1976,78,0x0000000000000000,87.7
1790699293,2026/09/29 16:28:13.102,69.27,1976,78,0x0000000000000000,86.8
1790699303,2026/09/29 16:28:23.160,63.31,1976,78,0x0000000000000000,85.8
1790699313,2026/09/29 16:28:33.216,71.88,1976,78,0x0000000000000000,87.7
1790699323,2026/09/29 16:28:43.270,71.70,1976,78,0x0000000000000000,87.6
1790699333,2026/09/29 16:28:53.327,72.00,1976,78,0x0000000000000000,87.8
1790699343,2026/09/29 16:29:03.379,71.99,1976,78,0x0000000000000000,87.7
1790699353,2026/09/29 16:29:13.434,68.21,1976,78,0x0000000000000000,87.0
1790699363,2026/09/29 16:29:23.490,68.52,1976,76,0x0000000000000000,86.5
1790699373,2026/09/29 16:29:33.545,71.40,1976,78,0x0000000000000000,86.6
1790699383,2026/09/29 16:29:43.602,68.11,1976,77,0x0000000000000000,87.2
1790699393,2026/09/29 16:29:53.659,59.85,1976,69,0x0000000000000000,85.5
1790699403,2026/09/29 16:30:03.708,70.67,1976,77,0x0000000000000000,86.5
1790699413,2026/09/29 16:30:13.763,68.04,1976,77,0x0000000000000000,86.2
1790699423,2026/09/29 16:30:23.815,68.50,1976,76,0x0000000000000000,85.9
1790699433,2026/09/29 16:30:33.867,71.77,1976,78,0x0000000000000000,87.4
1790699443,2026/09/29 16:30:43.923,71.98,1976,78,0x0000000000000000,87.6
1790699453,2026/09/29 16:30:53.978,71.88,1976,78,0x0000000000000000,87.7
1790699464,2026/09/29 16:31:04.029,71.63,1976,78,0x0000000000000000,87.7
1790699474,2026/09/29 16:31:14.084,72.05,1976,78,0x0000000000000000,87.8
1790699484,2026/09/29 16:31:24.137,67.55,1976,78,0x0000000000000000,87.3
1790699494,2026/09/29 16:31:34.188,63.05,1976,77,0x0000000000000000,85.2
1790699504,2026/09/29 16:31:44.242,71.52,1976,78,0x0000000000000000,87.0
1790699514,2026/09/29 16:31:54.299,68.60,1976,78,0x0000000000000000,86.5
1790699524,2026/09/29 16:32:04.354,68.99,1976,76,0x0000000000000000,85.9
1790699534,2026/09/29 16:32:14.406,71.37,1976,77,0x0000000000000000,86.4
1790699544,2026/09/29 16:32:24.461,69.48,1976,77,0x0000000000000000,86.5
1790699554,2026/09/29 16:32:34.516,71.89,1976,78,0x0000000000000000,87.3
1790699564,2026/09/29 16:32:44.570,72.04,1976,78,0x0000000000000000,87.6
1790699574,2026/09/29 16:32:54.627,71.98,1976,78,0x0000000000000000,87.7
1790699584,2026/09/29 16:33:04.686,69.03,1976,77,0x0000000000000000,86.8
1790699594,2026/09/29 16:33:14.744,67.58,1976,77,0x0000000000000000,86.5
1790699604,2026/09/29 16:33:24.796,68.48,1976,76,0x0000000000000000,86.2
1790699614,2026/09/29 16:33:34.848,71.47,1976,77,0x0000000000000000,86.5
1790699624,2026/09/29 16:33:44.895,67.67,1976,77,0x0000000000000000,86.2
1790699634,2026/09/29 16:33:54.948,71.65,1976,77,0x0000000000000000,86.8
1790699645,2026/09/29 16:34:05.010,71.74,1976,77,0x0000000000000000,86.5
1790699655,2026/09/29 16:34:15.069,68.30,1976,77,0x0000000000000000,86.4
1790699665,2026/09/29 16:34:25.122,71.81,1976,78,0x0000000000000000,87.3
1790699675,2026/09/29 16:34:35.174,71.87,1976,77,0x0000000000000000,87.6
1790699685,2026/09/29 16:34:45.235,71.83,1976,78,0x0000000000000000,87.6
1790699695,2026/09/29 16:34:55.288,71.67,1976,78,0x0000000000000000,87.7
1790699705,2026/09/29 16:35:05.342,71.91,1976,78,0x0000000000000000,87.6
1790699715,2026/09/29 16:35:15.394,71.57,1976,78,0x0000000000000000,87.7
1790699725,2026/09/29 16:35:25.446,71.68,1976,78,0x0000000000000000,87.6
1790699735,2026/09/29 16:35:35.501,71.94,1976,78,0x0000000000000000,87.4
1790699745,2026/09/29 16:35:45.553,69.35,1976,78,0x0000000000000000,87.0
1790699755,2026/09/29 16:35:55.608,71.06,1976,78,0x0000000000000000,86.6
1790699765,2026/09/29 16:36:05.659,70.23,1976,78,0x0000000000000000,87.1
1790699775,2026/09/29 16:36:15.710,71.50,1976,78,0x0000000000000000,87.5
1790699785,2026/09/29 16:36:25.765,71.62,1976,78,0x0000000000000000,87.3
1790699795,2026/09/29 16:36:35.817,71.77,1976,78,0x0000000000000000,87.4
1790699805,2026/09/29 16:36:45.874,71.66,1976,78,0x0000000000000000,87.5
1790699815,2026/09/29 16:36:55.924,71.80,1976,77,0x0000000000000000,87.6
1790699825,2026/09/29 16:37:05.975,71.92,1976,78,0x0000000000000000,87.7
1790699836,2026/09/29 16:37:16.027,71.77,1976,78,0x0000000000000000,87.7
1790699846,2026/09/29 16:37:26.079,68.72,1976,78,0x0000000000000000,87.2
1790699856,2026/09/29 16:37:36.129,68.26,1976,77,0x0000000000000000,86.9
1790699866,2026/09/29 16:37:46.183,67.70,1976,78,0x0000000000000000,86.9
1790699876,2026/09/29 16:37:56.235,72.28,1976,78,0x0000000000000000,87.6
1790699886,2026/09/29 16:38:06.292,71.73,1976,78,0x0000000000000000,87.7
1790699896,2026/09/29 16:38:16.346,71.78,1976,78,0x0000000000000000,87.8
1790699906,2026/09/29 16:38:26.400,68.25,1976,78,0x0000000000000000,87.0
1790699916,2026/09/29 16:38:36.458,69.44,1976,78,0x0000000000000000,86.9
1790699926,2026/09/29 16:38:46.510,71.80,1976,78,0x0000000000000000,87.7
1790699936,2026/09/29 16:38:56.561,68.00,1976,78,0x0000000000000000,87.2
1790699946,2026/09/29 16:39:06.614,68.86,1976,76,0x0000000000000000,86.4
1790699956,2026/09/29 16:39:16.672,71.41,1976,78,0x0000000000000000,86.4
1790699966,2026/09/29 16:39:26.727,67.70,1976,77,0x0000000000000000,86.4
1790699976,2026/09/29 16:39:36.778,71.74,1976,78,0x0000000000000000,87.3
1790699986,2026/09/29 16:39:46.830,71.74,1976,78,0x0000000000000000,87.7
1790699996,2026/09/29 16:39:56.881,72.18,1976,78,0x0000000000000000,87.7
1790700006,2026/09/29 16:40:06.935,70.19,1976,78,0x0000000000000000,87.4
1790700016,2026/09/29 16:40:16.986,71.49,1976,77,0x0000000000000000,87.7
1790700027,2026/09/29 16:40:27.039,71.77,1976,78,0x0000000000000000,87.7
1790700037,2026/09/29 16:40:37.089,71.54,1976,78,0x0000000000000000,87.8
1790700047,2026/09/29 16:40:47.140,72.01,1976,78,0x0000000000000000,87.7
1790700057,2026/09/29 16:40:57.196,71.94,1976,78,0x0000000000000000,87.6
1790700067,2026/09/29 16:41:07.252,71.63,1976,78,0x0000000000000000,87.8
1790700077,2026/09/29 16:41:17.305,69.97,1976,78,0x0000000000000000,87.3
1790700087,2026/09/29 16:41:27.357,66.84,1976,77,0x0000000000000000,86.1
1790700097,2026/09/29 16:41:37.413,68.04,1976,78,0x0000000000000000,86.4
1790700107,2026/09/29 16:41:47.469,71.91,1976,78,0x0000000000000000,87.7
1790700117,2026/09/29 16:41:57.526,68.56,1976,78,0x0000000000000000,87.5
1790700127,2026/09/29 16:42:07.580,68.83,1976,77,0x0000000000000000,86.6
1790700137,2026/09/29 16:42:17.636,71.80,1976,78,0x0000000000000000,87.6
1790700147,2026/09/29 16:42:27.689,68.29,1976,77,0x0000000000000000,87.3
1790700157,2026/09/29 16:42:37.746,71.13,1976,78,0x0000000000000000,86.9
1790700167,2026/09/29 16:42:47.801,71.82,1976,78,0x0000000000000000,87.2
1790700177,2026/09/29 16:42:57.848,67.82,1976,78,0x0000000000000000,86.7
1790700187,2026/09/29 16:43:07.902,68.78,1976,76,0x0000000000000000,86.3
1790700197,2026/09/29 16:43:17.954,69.03,1976,78,0x0000000000000000,86.3
1790700208,2026/09/29 16:43:28.008,67.79,1976,78,0x0000000000000000,86.4
1790700218,2026/09/29 16:43:38.066,68.32,1976,77,0x0000000000000000,86.2
1790700228,2026/09/29 16:43:48.116,68.72,1976,76,0x0000000000000000,86.0
1790700238,2026/09/29 16:43:58.171,71.25,1976,78,0x0000000000000000,85.9
1790700248,2026/09/29 16:44:08.227,67.94,1976,77,0x0000000000000000,86.2
1790700258,2026/09/29 16:44:18.280,68.64,1976,77,0x0000000000000000,86.2
1790700268,2026/09/29 16:44:28.344,68.64,1976,77,0x0000000000000000,85.9
1790700278,2026/09/29 16:44:38.399,71.01,1976,77,0x0000000000000000,86.4
1790700288,2026/09/29 16:44:48.451,67.93,1976,77,0x0000000000000000,86.1
1790700298,2026/09/29 16:44:58.504,68.51,1976,76,0x0000000000000000,85.5
1790700308,2026/09/29 16:45:08.561,67.46,1976,76,0x0000000000000000,85.0
1790700318,2026/09/29 16:45:18.609,71.69,1976,78,0x0000000000000000,86.8
1790700328,2026/09/29 16:45:28.662,71.63,1976,78,0x0000000000000000,87.5
1790700338,2026/09/29 16:45:38.712,71.91,1976,78,0x0000000000000000,87.7
1790700348,2026/09/29 16:45:48.762,71.99,1976,78,0x0000000000000000,87.7
1790700358,2026/09/29 16:45:58.818,72.13,1976,78,0x0000000000000000,87.6
1790700368,2026/09/29 16:46:08.877,72.14,1976,78,0x0000000000000000,87.7
1790700378,2026/09/29 16:46:18.931,71.82,1976,78,0x0000000000000000,87.7
1790700388,2026/09/29 16:46:28.982,71.84,1976,78,0x0000000000000000,87.9
1790700399,2026/09/29 16:46:39.037,71.90,1976,78,0x0000000000000000,87.3
1790700409,2026/09/29 16:46:49.097,72.00,1976,78,0x0000000000000000,87.6
1790700419,2026/09/29 16:46:59.147,71.48,1976,78,0x0000000000000000,86.7
1790700429,2026/09/29 16:47:09.201,69.82,1976,78,0x0000000000000000,87.3
1790700439,2026/09/29 16:47:19.256,71.89,1976,78,0x0000000000000000,87.6
1790700449,2026/09/29 16:47:29.312,71.97,1976,78,0x0000000000000000,87.8
1790700459,2026/09/29 16:47:39.367,71.86,1976,78,0x0000000000000000,87.5
1790700469,2026/09/29 16:47:49.422,71.53,1976,78,0x0000000000000000,87.7
1790700479,2026/09/29 16:47:59.474,68.24,1976,76,0x0000000000000000,86.7
1790700489,2026/09/29 16:48:09.528,71.68,1976,78,0x0000000000000000,86.6
1790700499,2026/09/29 16:48:19.588,71.74,1976,78,0x0000000000000000,87.6
1790700509,2026/09/29 16:48:29.642,68.74,1976,77,0x0000000000000000,87.1
1790700519,2026/09/29 16:48:39.698,71.80,1976,78,0x0000000000000000,87.2
1790700529,2026/09/29 16:48:49.756,67.84,1976,78,0x0000000000000000,87.1
1790700539,2026/09/29 16:48:59.810,71.72,1976,78,0x0000000000000000,87.8
1790700549,2026/09/29 16:49:09.862,68.81,1976,78,0x0000000000000000,87.2
1790700559,2026/09/29 16:49:19.914,68.69,1976,77,0x0000000000000000,86.7
1790700569,2026/09/29 16:49:29.970,71.26,1976,78,0x0000000000000000,86.9
1790700580,2026/09/29 16:49:40.028,70.40,1976,78,0x0000000000000000,87.0
1790700590,2026/09/29 16:49:50.082,71.47,1976,78,0x0000000000000000,87.5
1790700600,2026/09/29 16:50:00.137,71.83,1976,78,0x0000000000000000,87.5
1790700610,2026/09/29 16:50:10.190,63.70,1976,76,0x0000000000000000,85.8
1790700620,2026/09/29 16:50:20.247,67.71,1976,78,0x0000000000000000,86.9
1790700630,2026/09/29 16:50:30.300,71.98,1976,78,0x0000000000000000,87.5
1790700640,2026/09/29 16:50:40.354,71.97,1976,78,0x0000000000000000,87.7
1790700650,2026/09/29 16:50:50.409,68.65,1976,76,0x0000000000000000,86.4
1790700660,2026/09/29 16:51:00.466,72.04,1976,78,0x0000000000000000,87.6
1790700670,2026/09/29 16:51:10.523,71.71,1976,78,0x0000000000000000,86.9
1790700680,2026/09/29 16:51:20.578,68.09,1976,77,0x0000000000000000,86.9
1790700690,2026/09/29 16:51:30.633,68.98,1976,76,0x0000000000000000,86.3
1790700700,2026/09/29 16:51:40.687,71.99,1976,78,0x0000000000000000,87.5
1790700710,2026/09/29 16:51:50.742,68.06,1976,77,0x0000000000000000,86.3
1790700720,2026/09/29 16:52:00.798,71.28,1976,78,0x0000000000000000,86.4
1790700730,2026/09/29 16:52:10.857,71.04,1976,78,0x0000000000000000,87.5
1790700740,2026/09/29 16:52:20.919,72.10,1976,78,0x0000000000000000,87.6
1790700750,2026/09/29 16:52:30.973,72.04,1976,78,0x0000000000000000,87.7
1790700761,2026/09/29 16:52:41.027,72.17,1976,78,0x0000000000000000,87.6
1790700771,2026/09/29 16:52:51.082,71.97,1976,78,0x0000000000000000,87.7
1790700781,2026/09/29 16:53:01.137,68.66,1976,76,0x0000000000000000,86.9
1790700791,2026/09/29 16:53:11.188,71.95,1976,78,0x0000000000000000,87.3
1790700801,2026/09/29 16:53:21.243,71.89,1976,78,0x0000000000000000,87.7
1790700811,2026/09/29 16:53:31.292,71.74,1976,78,0x0000000000000000,87.3
1790700821,2026/09/29 16:53:41.345,67.66,1976,78,0x0000000000000000,87.2
1790700831,2026/09/29 16:53:51.398,71.01,1976,78,0x0000000000000000,87.2
1790700841,2026/09/29 16:54:01.456,72.00,1976,78,0x0000000000000000,87.7
1790700851,2026/09/29 16:54:11.512,71.71,1976,78,0x0000000000000000,87.8
1790700861,2026/09/29 16:54:21.569,71.56,1976,78,0x0000000000000000,87.3
1790700871,2026/09/29 16:54:31.629,71.86,1976,78,0x0000000000000000,87.7
1790700881,2026/09/29 16:54:41.689,68.25,1976,76,0x0000000000000000,86.8
1790700891,2026/09/29 16:54:51.745,71.67,1976,78,0x0000000000000000,87.1
1790700901,2026/09/29 16:55:01.799,71.74,1976,78,0x0000000000000000,87.7
1790700911,2026/09/29 16:55:11.852,71.30,1976,78,0x0000000000000000,87.0
1790700921,2026/09/29 16:55:21.908,68.02,1976,77,0x0000000000000000,86.5
1790700931,2026/09/29 16:55:31.961,69.66,1976,77,0x0000000000000000,86.8
1790700942,2026/09/29 16:55:42.012,71.88,1976,78,0x0000000000000000,87.7
1790700952,2026/09/29 16:55:52.065,71.89,1976,78,0x0000000000000000,87.8
1790700962,2026/09/29 16:56:02.121,70.08,1976,78,0x0000000000000000,87.2
1790700972,2026/09/29 16:56:12.207,71.77,1976,78,0x0000000000000000,87.1
1790700982,2026/09/29 16:56:22.272,71.89,1976,79,0x0000000000000000,87.5
1790700992,2026/09/29 16:56:32.327,71.29,1976,78,0x0000000000000000,87.6
1790701002,2026/09/29 16:56:42.380,69.61,1976,78,0x0000000000000000,87.6
1790701012,2026/09/29 16:56:52.432,70.36,1976,78,0x0000000000000000,87.4
1790701022,2026/09/29 16:57:02.486,71.98,1976,78,0x0000000000000000,87.7
1790701032,2026/09/29 16:57:12.541,72.25,1976,78,0x0000000000000000,87.6
1790701042,2026/09/29 16:57:22.594,68.96,1976,77,0x0000000000000000,86.5
1790701052,2026/09/29 16:57:32.650,71.81,1976,78,0x0000000000000000,87.6
1790701062,2026/09/29 16:57:42.706,65.20,1976,77,0x0000000000000000,86.0
1790701072,2026/09/29 16:57:52.766,64.65,1976,77,0x0000000000000000,86.8
1790701082,2026/09/29 16:58:02.825,71.85,1976,78,0x0000000000000000,87.6
1790701092,2026/09/29 16:58:12.882,72.23,1976,78,0x0000000000000000,87.6
1790701102,2026/09/29 16:58:22.938,71.98,1976,77,0x0000000000000000,87.1
1790701113,2026/09/29 16:58:33.000,71.62,1976,78,0x0000000000000000,87.4
1790701123,2026/09/29 16:58:43.059,71.94,1976,78,0x0000000000000000,87.7
1790701133,2026/09/29 16:58:53.108,68.19,1976,77,0x0000000000000000,87.0
1790701143,2026/09/29 16:59:03.161,71.38,1976,78,0x0000000000000000,87.4
1790701153,2026/09/29 16:59:13.216,72.09,1976,78,0x0000000000000000,87.7
1790701163,2026/09/29 16:59:23.267,72.09,1976,78,0x0000000000000000,87.3
1790701173,2026/09/29 16:59:33.323,69.21,1976,78,0x0000000000000000,87.2
1790701183,2026/09/29 16:59:43.374,71.91,1976,78,0x0000000000000000,87.7
1790701193,2026/09/29 16:59:53.425,71.86,1976,78,0x0000000000000000,87.8
1790701203,2026/09/29 17:00:03.479,71.56,1976,78,0x0000000000000000,87.3
1790701213,2026/09/29 17:00:13.536,71.77,1976,78,0x0000000000000000,87.7
1790701223,2026/09/29 17:00:23.588,71.76,1976,78,0x0000000000000000,87.2
1790701233,2026/09/29 17:00:33.644,72.00,1976,78,0x0000000000000000,87.7
1790701243,2026/09/29 17:00:43.697,67.86,1976,78,0x0000000000000000,87.4
1790701253,2026/09/29 17:00:53.751,70.42,1976,78,0x0000000000000000,87.4
1790701263,2026/09/29 17:01:03.807,68.40,1976,78,0x0000000000000000,87.4
1790701273,2026/09/29 17:01:13.861,71.70,1976,78,0x0000000000000000,87.6
1790701283,2026/09/29 17:01:23.916,68.82,1976,77,0x0000000000000000,87.2
1790701293,2026/09/29 17:01:33.974,71.53,1976,78,0x0000000000000000,86.8
1790701304,2026/09/29 17:01:44.030,68.03,1976,77,0x0000000000000000,86.4
1790701314,2026/09/29 17:01:54.085,71.73,1976,76,0x0000000000000000,87.7
1790701324,2026/09/29 17:02:04.139,69.68,1976,78,0x0000000000000000,87.2
1790701334,2026/09/29 17:02:14.189,71.36,1976,78,0x0000000000000000,87.0
1790701344,2026/09/29 17:02:24.242,70.60,1976,78,0x0000000000000000,87.5
1790701354,2026/09/29 17:02:34.297,69.12,1976,77,0x0000000000000000,87.3
1790701364,2026/09/29 17:02:44.351,71.32,1976,79,0x0000000000000000,87.2
1790701374,2026/09/29 17:02:54.413,71.75,1976,78,0x0000000000000000,87.7
1790701384,2026/09/29 17:03:04.464,71.18,1976,78,0x0000000000000000,87.7
1790701394,2026/09/29 17:03:14.518,71.95,1976,79,0x0000000000000000,87.8
1790701404,2026/09/29 17:03:24.569,72.13,1976,78,0x0000000000000000,87.6
1790701414,2026/09/29 17:03:34.621,68.73,1976,77,0x0000000000000000,87.1
1790701424,2026/09/29 17:03:44.677,71.75,1976,78,0x0000000000000000,87.3
1790701434,2026/09/29 17:03:54.730,68.43,1976,77,0x0000000000000000,86.8
1790701444,2026/09/29 17:04:04.784,72.25,1976,78,0x0000000000000000,87.2
1790701454,2026/09/29 17:04:14.843,68.98,1976,78,0x0000000000000000,87.2
1790701464,2026/09/29 17:04:24.899,71.91,1976,78,0x0000000000000000,87.7
1790701474,2026/09/29 17:04:34.953,67.94,1976,78,0x0000000000000000,87.2
1790701485,2026/09/29 17:04:45.006,71.85,1976,78,0x0000000000000000,87.6
1790701495,2026/09/29 17:04:55.068,72.00,1976,78,0x0000000000000000,87.6
1790701505,2026/09/29 17:05:05.128,71.70,1976,78,0x0000000000000000,87.7
1790701515,2026/09/29 17:05:15.180,68.46,1976,77,0x0000000000000000,86.4
1790701525,2026/09/29 17:05:25.235,71.96,1976,78,0x0000000000000000,87.3
1790701535,2026/09/29 17:05:35.289,71.89,1976,78,0x0000000000000000,87.7
1790701545,2026/09/29 17:05:45.343,71.73,1976,78,0x0000000000000000,87.1
1790701555,2026/09/29 17:05:55.400,72.24,1976,79,0x0000000000000000,87.4
1790701565,2026/09/29 17:06:05.454,68.14,1976,78,0x0000000000000000,87.3
1790701575,2026/09/29 17:06:15.507,71.89,1976,78,0x0000000000000000,87.7
1790701585,2026/09/29 17:06:25.562,72.00,1976,78,0x0000000000000000,87.8
1790701595,2026/09/29 17:06:35.616,70.68,1976,78,0x0000000000000000,87.3
1790701605,2026/09/29 17:06:45.676,70.34,1976,77,0x0000000000000000,86.6
1790701615,2026/09/29 17:06:55.730,72.18,1976,78,0x0000000000000000,87.8
1790701625,2026/09/29 17:07:05.785,71.44,1976,78,0x0000000000000000,87.0
1790701635,2026/09/29 17:07:15.836,68.88,1976,78,0x0000000000000000,87.1
1790701645,2026/09/29 17:07:25.893,68.96,1976,76,0x0000000000000000,86.5
1790701655,2026/09/29 17:07:35.947,71.74,1976,78,0x0000000000000000,87.7
1790701666,2026/09/29 17:07:45.997,71.98,1976,78,0x0000000000000000,87.7
1790701676,2026/09/29 17:07:56.054,69.70,1976,78,0x0000000000000000,87.5
1790701686,2026/09/29 17:08:06.112,68.88,1976,78,0x0000000000000000,87.2
1790701696,2026/09/29 17:08:16.168,71.96,1976,78,0x0000000000000000,87.7
1790701706,2026/09/29 17:08:26.223,67.78,1976,78,0x0000000000000000,87.1
1790701716,2026/09/29 17:08:36.278,68.26,1976,77,0x0000000000000000,87.1
1790701726,2026/09/29 17:08:46.330,71.82,1976,78,0x0000000000000000,87.7
1790701736,2026/09/29 17:08:56.385,71.36,1976,78,0x0000000000000000,87.1
1790701746,2026/09/29 17:09:06.456,68.17,1976,78,0x0000000000000000,87.1
1790701756,2026/09/29 17:09:16.508,71.53,1976,78,0x0000000000000000,87.7
1790701766,2026/09/29 17:09:26.564,68.62,1976,77,0x0000000000000000,87.1
1790701776,2026/09/29 17:09:36.621,71.59,1976,78,0x0000000000000000,87.5
1790701786,2026/09/29 17:09:46.678,72.12,1976,78,0x0000000000000000,87.7
1790701796,2026/09/29 17:09:56.737,71.79,1976,78,0x0000000000000000,87.8
1790701806,2026/09/29 17:10:06.794,67.90,1976,78,0x0000000000000000,87.1
1790701816,2026/09/29 17:10:16.847,72.23,1976,78,0x0000000000000000,87.6
1790701826,2026/09/29 17:10:26.900,68.96,1976,77,0x0000000000000000,86.6
1790701836,2026/09/29 17:10:36.952,71.07,1976,78,0x0000000000000000,87.0
1790701847,2026/09/29 17:10:47.006,72.06,1976,78,0x0000000000000000,87.6
1790701857,2026/09/29 17:10:57.060,69.08,1976,77,0x0000000000000000,87.2
1790701867,2026/09/29 17:11:07.116,71.85,1976,78,0x0000000000000000,87.6
1790701877,2026/09/29 17:11:17.170,67.89,1976,78,0x0000000000000000,86.9
1790701887,2026/09/29 17:11:27.235,69.81,1976,77,0x0000000000000000,87.0
1790701897,2026/09/29 17:11:37.286,71.78,1976,78,0x0000000000000000,87.7
1790701907,2026/09/29 17:11:47.336,71.60,1976,78,0x0000000000000000,87.6
1790701917,2026/09/29 17:11:57.387,63.34,1976,78,0x0000000000000000,86.4
1790701927,2026/09/29 17:12:07.443,71.36,1976,78,0x0000000000000000,87.7
1790701937,2026/09/29 17:12:17.495,71.64,1976,78,0x0000000000000000,87.7
1790701947,2026/09/29 17:12:27.543,71.68,1976,78,0x0000000000000000,87.7
1790701957,2026/09/29 17:12:37.592,68.43,1976,78,0x0000000000000000,87.4
1790701967,2026/09/29 17:12:47.644,68.58,1976,77,0x0000000000000000,86.5
1790701977,2026/09/29 17:12:57.695,71.51,1976,78,0x0000000000000000,87.6
1790701987,2026/09/29 17:13:07.748,71.54,1976,78,0x0000000000000000,87.7
1790701997,2026/09/29 17:13:17.805,68.97,1976,78,0x0000000000000000,87.2
1790702007,2026/09/29 17:13:27.860,68.59,1976,78,0x0000000000000000,86.7
1790702017,2026/09/29 17:13:37.914,71.21,1976,78,0x0000000000000000,87.2
1790702027,2026/09/29 17:13:47.971,68.81,1976,78,0x0000000000000000,87.1
1790702038,2026/09/29 17:13:58.026,71.67,1976,78,0x0000000000000000,87.7
1790702048,2026/09/29 17:14:08.083,71.82,1976,78,0x0000000000000000,87.7
1790702058,2026/09/29 17:14:18.135,71.43,1976,78,0x0000000000000000,87.4
1790702068,2026/09/29 17:14:28.189,71.74,1976,78,0x0000000000000000,87.7
1790702078,2026/09/29 17:14:38.240,68.60,1976,77,0x0000000000000000,87.0
1790702088,2026/09/29 17:14:48.294,71.67,1976,78,0x0000000000000000,87.5
1790702098,2026/09/29 17:14:58.346,71.09,1976,78,0x0000000000000000,87.4
1790702108,2026/09/29 17:15:08.405,71.70,1976,78,0x0000000000000000,87.6
1790702118,2026/09/29 17:15:18.457,71.25,1976,78,0x0000000000000000,87.2
1790702128,2026/09/29 17:15:28.509,71.58,1976,78,0x0000000000000000,87.8
1790702138,2026/09/29 17:15:38.561,69.04,1976,77,0x0000000000000000,87.1
1790702148,2026/09/29 17:15:48.612,71.36,1976,78,0x0000000000000000,87.0
1790702158,2026/09/29 17:15:58.665,71.84,1976,78,0x0000000000000000,87.7
1790702168,2026/09/29 17:16:08.721,71.86,1976,78,0x0000000000000000,87.7
1790702178,2026/09/29 17:16:18.772,67.84,1976,78,0x0000000000000000,86.5
1790702188,2026/09/29 17:16:28.830,71.86,1976,78,0x0000000000000000,87.7
1790702198,2026/09/29 17:16:38.884,71.70,1976,78,0x0000000000000000,87.6
1790702208,2026/09/29 17:16:48.936,71.59,1976,78,0x0000000000000000,87.6
1790702219,2026/09/29 17:16:58.992,68.12,1976,78,0x0000000000000000,87.2
1790702229,2026/09/29 17:17:09.046,70.85,1976,78,0x0000000000000000,87.4
1790702239,2026/09/29 17:17:19.101,71.78,1976,78,0x0000000000000000,87.7
1790702249,2026/09/29 17:17:29.155,68.65,1976,77,0x0000000000000000,86.7
1790702259,2026/09/29 17:17:39.220,71.77,1976,78,0x0000000000000000,87.1
1790702269,2026/09/29 17:17:49.277,71.62,1976,78,0x0000000000000000,87.1
1790702279,2026/09/29 17:17:59.330,71.91,1976,78,0x0000000000000000,87.3
1790702289,2026/09/29 17:18:09.381,71.74,1976,78,0x0000000000000000,87.5
1790702299,2026/09/29 17:18:19.431,71.68,1976,78,0x0000000000000000,87.0
1790702309,2026/09/29 17:18:29.489,70.14,1976,78,0x0000000000000000,86.9
1790702319,2026/09/29 17:18:39.545,71.83,1976,78,0x0000000000000000,87.7
1790702329,2026/09/29 17:18:49.598,69.45,1976,78,0x0000000000000000,87.3
1790702339,2026/09/29 17:18:59.651,68.98,1976,77,0x0000000000000000,87.0
1790702349,2026/09/29 17:19:09.704,63.55,1976,78,0x0000000000000000,86.2
1790702359,2026/09/29 17:19:19.760,71.49,1976,78,0x0000000000000000,87.2
1790702369,2026/09/29 17:19:29.811,71.80,1976,78,0x0000000000000000,87.5
1790702379,2026/09/29 17:19:39.862,71.61,1976,78,0x0000000000000000,87.6
1790702389,2026/09/29 17:19:49.917,68.12,1976,78,0x0000000000000000,87.2
1790702399,2026/09/29 17:19:59.972,71.90,1976,78,0x0000000000000000,87.4
1790702410,2026/09/29 17:20:10.023,68.05,1976,78,0x0000000000000000,87.2
1790702420,2026/09/29 17:20:20.078,68.62,1976,77,0x0000000000000000,86.5
1790702430,2026/09/29 17:20:30.132,71.84,1976,78,0x0000000000000000,86.9
1790702440,2026/09/29 17:20:40.187,69.78,1976,78,0x0000000000000000,87.3
1790702450,2026/09/29 17:20:50.242,69.57,1976,79,0x0000000000000000,87.4
1790702460,2026/09/29 17:21:00.299,68.91,1976,78,0x0000000000000000,87.0
1790702470,2026/09/29 17:21:10.349,68.71,1976,78,0x0000000000000000,87.0
1790702480,2026/09/29 17:21:20.403,69.44,1976,78,0x0000000000000000,87.4
1790702490,2026/09/29 17:21:30.459,68.53,1976,77,0x0000000000000000,86.9
1790702500,2026/09/29 17:21:40.521,70.70,1976,78,0x0000000000000000,87.1
1790702510,2026/09/29 17:21:50.580,60.93,1976,78,0x0000000000000000,86.0
1790702520,2026/09/29 17:22:00.635,71.55,1976,78,0x0000000000000000,87.6
1790702530,2026/09/29 17:22:10.693,71.90,1976,78,0x0000000000000000,87.7
1790702540,2026/09/29 17:22:20.747,68.36,1976,77,0x0000000000000000,86.8
1790702550,2026/09/29 17:22:30.800,70.85,1976,78,0x0000000000000000,87.3
1790702560,2026/09/29 17:22:40.854,70.87,1976,78,0x0000000000000000,87.4
1790702570,2026/09/29 17:22:50.908,71.80,1976,78,0x0000000000000000,87.7
1790702580,2026/09/29 17:23:00.962,71.59,1976,78,0x0000000000000000,87.7
1790702591,2026/09/29 17:23:11.013,70.01,1976,78,0x0000000000000000,87.3
1790702601,2026/09/29 17:23:21.064,72.24,1976,78,0x0000000000000000,87.3
1790702611,2026/09/29 17:23:31.123,69.18,1976,78,0x0000000000000000,87.3
1790702621,2026/09/29 17:23:41.175,68.95,1976,75,0x0000000000000000,86.9
1790702631,2026/09/29 17:23:51.230,71.88,1976,78,0x0000000000000000,87.7
1790702641,2026/09/29 17:24:01.283,71.92,1976,78,0x0000000000000000,87.7
1790702651,2026/09/29 17:24:11.336,71.58,1976,78,0x0000000000000000,87.3
1790702661,2026/09/29 17:24:21.392,67.22,1976,78,0x0000000000000000,86.5
1790702671,2026/09/29 17:24:31.448,68.86,1976,77,0x0000000000000000,86.8
1790702681,2026/09/29 17:24:41.503,71.88,1976,78,0x0000000000000000,86.8
1790702691,2026/09/29 17:24:51.561,67.94,1976,78,0x0000000000000000,86.3
1790702701,2026/09/29 17:25:01.614,68.25,1976,77,0x0000000000000000,86.1
1790702711,2026/09/29 17:25:11.665,72.05,1976,78,0x0000000000000000,86.5
1790702721,2026/09/29 17:25:21.719,67.34,1976,78,0x0000000000000000,86.4
1790702731,2026/09/29 17:25:31.771,68.39,1976,76,0x0000000000000000,86.1
1790702741,2026/09/29 17:25:41.825,71.58,1976,78,0x0000000000000000,86.4
1790702751,2026/09/29 17:25:51.881,67.27,1976,78,0x0000000000000000,86.0
1790702761,2026/09/29 17:26:01.935,71.56,1976,78,0x0000000000000000,86.8
1790702772,2026/09/29 17:26:11.988,71.83,1976,78,0x0000000000000000,87.3
1790702782,2026/09/29 17:26:22.040,71.38,1976,78,0x0000000000000000,87.6
1790702792,2026/09/29 17:26:32.094,71.35,1976,78,0x0000000000000000,87.6
1790702802,2026/09/29 17:26:42.148,63.28,1976,78,0x0000000000000000,86.9
1790702812,2026/09/29 17:26:52.201,71.79,1976,78,0x0000000000000000,87.7
1790702822,2026/09/29 17:27:02.253,71.65,1976,78,0x0000000000000000,87.7
1790702832,2026/09/29 17:27:12.304,69.07,1976,78,0x0000000000000000,87.1
1790702842,2026/09/29 17:27:22.358,68.93,1976,77,0x0000000000000000,86.4
1790702852,2026/09/29 17:27:32.415,71.33,1976,78,0x0000000000000000,87.7
1790702862,2026/09/29 17:27:42.470,71.69,1976,78,0x0000000000000000,87.7
1790702872,2026/09/29 17:27:52.523,69.28,1976,77,0x0000000000000000,86.9
1790702882,2026/09/29 17:28:02.575,64.36,1976,76,0x0000000000000000,85.1
1790702892,2026/09/29 17:28:12.626,64.09,1976,77,0x0000000000000000,85.1
1790702902,2026/09/29 17:28:22.679,64.56,1976,76,0x0000000000000000,85.2
1790702912,2026/09/29 17:28:32.738,68.30,1976,78,0x0000000000000000,85.3
1790702922,2026/09/29 17:28:42.790,64.81,1976,76,0x0000000000000000,84.9
1790702932,2026/09/29 17:28:52.848,64.64,1976,77,0x0000000000000000,84.8
1790702942,2026/09/29 17:29:02.900,67.20,1976,74,0x0000000000000000,84.8
1790702952,2026/09/29 17:29:12.959,63.93,1976,76,0x0000000000000000,84.6
1790702963,2026/09/29 17:29:23.014,65.35,1976,77,0x0000000000000000,85.2
1790702973,2026/09/29 17:29:33.069,68.12,1976,76,0x0000000000000000,84.0
1790702983,2026/09/29 17:29:43.124,63.57,1976,75,0x0000000000000000,84.2
1790702993,2026/09/29 17:29:53.179,64.81,1976,77,0x0000000000000000,85.0
1790703003,2026/09/29 17:30:03.231,66.78,1976,75,0x0000000000000000,84.0
1790703013,2026/09/29 17:30:13.282,64.22,1976,76,0x0000000000000000,84.3
1790703023,2026/09/29 17:30:23.351,69.05,1976,77,0x0000000000000000,85.2
1790703033,2026/09/29 17:30:33.408,64.14,1976,76,0x0000000000000000,84.4
1790703043,2026/09/29 17:30:43.461,64.38,1976,76,0x0000000000000000,84.3
1790703053,2026/09/29 17:30:53.520,68.27,1976,77,0x0000000000000000,85.1
1790703063,2026/09/29 17:31:03.579,63.46,1976,75,0x0000000000000000,84.1
1790703073,2026/09/29 17:31:13.631,64.66,1976,76,0x0000000000000000,83.9
1790703083,2026/09/29 17:31:23.691,68.94,1976,76,0x0000000000000000,85.0
1790703093,2026/09/29 17:31:33.748,64.28,1976,75,0x0000000000000000,84.4
1790703103,2026/09/29 17:31:43.804,64.60,1976,75,0x0000000000000000,84.6
1790703113,2026/09/29 17:31:53.861,67.61,1976,76,0x0000000000000000,84.9
1790703123,2026/09/29 17:32:03.915,64.31,1976,76,0x0000000000000000,84.3
1790703133,2026/09/29 17:32:13.967,64.89,1976,77,0x0000000000000000,84.1
1790703144,2026/09/29 17:32:24.020,66.93,1976,76,0x0000000000000000,84.5
1790703154,2026/09/29 17:32:34.081,62.83,1976,75,0x0000000000000000,84.0
1790703164,2026/09/29 17:32:44.137,62.38,1976,76,0x0000000000000000,83.6
1790703174,2026/09/29 17:32:54.190,66.44,1976,74,0x0000000000000000,83.9
1790703184,2026/09/29 17:33:04.247,63.48,1976,76,0x0000000000000000,84.0
1790703194,2026/09/29 17:33:14.302,65.23,1976,77,0x0000000000000000,84.8
1790703204,2026/09/29 17:33:24.358,63.46,1976,76,0x0000000000000000,84.1
1790703214,2026/09/29 17:33:34.417,63.93,1976,75,0x0000000000000000,84.2
1790703224,2026/09/29 17:33:44.472,68.26,1976,77,0x0000000000000000,84.9
1790703234,2026/09/29 17:33:54.528,63.44,1976,75,0x0000000000000000,83.7
1790703244,2026/09/29 17:34:04.584,63.98,1976,76,0x0000000000000000,83.8
1790703254,2026/09/29 17:34:14.641,69.06,1976,77,0x0000000000000000,84.5
1790703264,2026/09/29 17:34:24.699,63.48,1976,76,0x0000000000000000,83.8
1790703274,2026/09/29 17:34:34.755,63.93,1976,75,0x0000000000000000,83.6
1790703284,2026/09/29 17:34:44.805,68.03,1976,77,0x0000000000000000,84.1
1790703294,2026/09/29 17:34:54.864,64.71,1976,76,0x0000000000000000,84.1
1790703304,2026/09/29 17:35:04.922,65.52,1976,77,0x0000000000000000,84.3
1790703314,2026/09/29 17:35:14.975,66.73,1976,74,0x0000000000000000,84.2
1790703325,2026/09/29 17:35:25.029,63.95,1976,76,0x0000000000000000,84.1
1790703335,2026/09/29 17:35:35.082,64.96,1976,77,0x0000000000000000,84.4
1790703345,2026/09/29 17:35:45.134,66.35,1976,74,0x0000000000000000,83.9
1790703355,2026/09/29 17:35:55.188,60.62,1976,75,0x0000000000000000,83.1
1790703365,2026/09/29 17:36:05.245,65.60,1976,77,0x0000000000000000,84.5
1790703375,2026/09/29 17:36:15.301,65.76,1976,74,0x0000000000000000,83.8
1790703385,2026/09/29 17:36:25.359,63.59,1976,75,0x0000000000000000,83.7
1790703395,2026/09/29 17:36:35.416,68.39,1976,76,0x0000000000000000,84.6
1790703405,2026/09/29 17:36:45.470,63.26,1976,75,0x0000000000000000,83.9
1790703415,2026/09/29 17:36:55.526,64.10,1976,75,0x0000000000000000,83.9
1790703425,2026/09/29 17:37:05.580,69.00,1976,77,0x0000000000000000,84.7
1790703435,2026/09/29 17:37:15.641,63.26,1976,76,0x0000000000000000,84.0
1790703445,2026/09/29 17:37:25.696,64.05,1976,75,0x0000000000000000,84.0
1790703455,2026/09/29 17:37:35.748,68.38,1976,76,0x0000000000000000,84.4
1790703465,2026/09/29 17:37:45.801,63.02,1976,75,0x0000000000000000,83.9
1790703475,2026/09/29 17:37:55.852,63.96,1976,75,0x0000000000000000,84.1
1790703485,2026/09/29 17:38:05.904,66.56,1976,75,0x0000000000000000,84.1
1790703495,2026/09/29 17:38:15.960,63.97,1976,76,0x0000000000000000,84.0
1790703506,2026/09/29 17:38:26.016,66.00,1976,77,0x0000000000000000,84.4
1790703516,2026/09/29 17:38:36.074,66.79,1976,76,0x0000000000000000,84.0
1790703526,2026/09/29 17:38:46.128,63.97,1976,75,0x0000000000000000,83.8
1790703536,2026/09/29 17:38:56.186,65.40,1976,77,0x0000000000000000,84.5
1790703546,2026/09/29 17:39:06.241,65.96,1976,74,0x0000000000000000,84.0
1790703556,2026/09/29 17:39:16.299,63.69,1976,76,0x0000000000000000,83.8
1790703566,2026/09/29 17:39:26.353,65.09,1976,76,0x0000000000000000,84.5
1790703576,2026/09/29 17:39:36.402,63.13,1976,76,0x0000000000000000,83.7
1790703586,2026/09/29 17:39:46.453,63.45,1976,75,0x0000000000000000,83.4
1790703596,2026/09/29 17:39:56.507,69.07,1976,76,0x0000000000000000,84.8
1790703606,2026/09/29 17:40:06.568,63.53,1976,75,0x0000000000000000,83.8
1790703616,2026/09/29 17:40:16.624,63.87,1976,75,0x0000000000000000,83.6
1790703626,2026/09/29 17:40:26.676,69.08,1976,76,0x0000000000000000,84.4
1790703636,2026/09/29 17:40:36.737,64.03,1976,76,0x0000000000000000,84.1
1790703646,2026/09/29 17:40:46.792,64.31,1976,75,0x0000000000000000,84.5
1790703656,2026/09/29 17:40:56.846,61.38,1976,68,0x0000000000000000,85.1
1790703666,2026/09/29 17:41:06.903,62.98,1976,75,0x0000000000000000,84.1
1790703676,2026/09/29 17:41:16.958,65.81,1976,76,0x0000000000000000,84.8
1790703687,2026/09/29 17:41:27.013,66.69,1976,75,0x0000000000000000,83.5
1790703697,2026/09/29 17:41:37.068,64.10,1976,76,0x0000000000000000,84.2
1790703707,2026/09/29 17:41:47.125,65.69,1976,77,0x0000000000000000,85.5
1790703717,2026/09/29 17:41:57.182,66.71,1976,75,0x0000000000000000,83.8
1790703727,2026/09/29 17:42:07.243,64.09,1976,76,0x0000000000000000,85.1
1790703737,2026/09/29 17:42:17.299,65.63,1976,77,0x0000000000000000,84.5
1790703747,2026/09/29 17:42:27.353,66.60,1976,75,0x0000000000000000,84.0
1790703757,2026/09/29 17:42:37.405,63.22,1976,75,0x0000000000000000,83.4
1790703767,2026/09/29 17:42:47.468,68.69,1976,76,0x0000000000000000,84.5
1790703777,2026/09/29 17:42:57.524,62.55,1976,74,0x0000000000000000,83.5
1790703787,2026/09/29 17:43:07.579,64.03,1976,75,0x0000000000000000,85.2
1790703797,2026/09/29 17:43:17.634,68.54,1976,76,0x0000000000000000,84.4
1790703807,2026/09/29 17:43:27.693,63.94,1976,75,0x0000000000000000,82.9
1790703817,2026/09/29 17:43:37.749,63.77,1976,74,0x0000000000000000,83.5
1790703827,2026/09/29 17:43:47.804,68.51,1976,76,0x0000000000000000,83.8
1790703837,2026/09/29 17:43:57.861,63.29,1976,75,0x0000000000000000,83.8
1790703847,2026/09/29 17:44:07.918,63.94,1976,75,0x0000000000000000,84.8
1790703857,2026/09/29 17:44:17.973,66.56,1976,75,0x0000000000000000,84.3
1790703868,2026/09/29 17:44:28.031,64.25,1976,76,0x0000000000000000,84.7
1790703878,2026/09/29 17:44:38.087,65.75,1976,77,0x0000000000000000,85.0
1790703888,2026/09/29 17:44:48.140,58.42,1976,67,0x0000000000000000,82.5
1790703898,2026/09/29 17:44:58.198,63.97,1976,75,0x0000000000000000,84.7
1790703908,2026/09/29 17:45:08.253,65.82,1976,76,0x0000000000000000,84.0
1790703918,2026/09/29 17:45:18.307,65.95,1976,75,0x0000000000000000,83.6
1790703928,2026/09/29 17:45:28.365,64.35,1976,75,0x0000000000000000,83.6
1790703938,2026/09/29 17:45:38.419,66.09,1976,76,0x0000000000000000,84.6
1790703948,2026/09/29 17:45:48.473,62.82,1976,75,0x0000000000000000,83.4
1790703958,2026/09/29 17:45:58.528,62.75,1976,75,0x0000000000000000,83.3
1790703968,2026/09/29 17:46:08.584,69.20,1976,76,0x0000000000000000,84.0
1790703978,2026/09/29 17:46:18.645,62.82,1976,75,0x0000000000000000,83.4
1790703988,2026/09/29 17:46:28.701,63.93,1976,75,0x0000000000000000,83.4
1790703998,2026/09/29 17:46:38.756,68.65,1976,76,0x0000000000000000,83.5
1790704008,2026/09/29 17:46:48.814,63.01,1976,75,0x0000000000000000,83.5
1790704018,2026/09/29 17:46:58.869,64.01,1976,75,0x0000000000000000,83.6
1790704028,2026/09/29 17:47:08.920,69.32,1976,76,0x0000000000000000,83.5
1790704038,2026/09/29 17:47:18.982,63.95,1976,74,0x0000000000000000,83.6
1790704049,2026/09/29 17:47:29.036,66.23,1976,76,0x0000000000000000,84.3
1790704059,2026/09/29 17:47:39.094,65.63,1976,75,0x0000000000000000,83.7
1790704069,2026/09/29 17:47:49.160,64.40,1976,75,0x0000000000000000,83.2
1790704079,2026/09/29 17:47:59.216,66.54,1976,76,0x0000000000000000,83.9
1790704089,2026/09/29 17:48:09.270,66.29,1976,74,0x0000000000000000,83.7
1790704099,2026/09/29 17:48:19.327,64.29,1976,75,0x0000000000000000,83.4
1790704109,2026/09/29 17:48:29.381,66.65,1976,76,0x0000000000000000,83.2
1790704119,2026/09/29 17:48:39.427,65.24,1976,75,0x0000000000000000,83.4
1790704129,2026/09/29 17:48:49.480,64.19,1976,75,0x0000000000000000,83.5
1790704139,2026/09/29 17:48:59.536,68.93,1976,76,0x0000000000000000,84.2
1790704149,2026/09/29 17:49:09.587,62.09,1976,75,0x0000000000000000,83.4
1790704159,2026/09/29 17:49:19.641,63.48,1976,75,0x0000000000000000,83.4
1790704169,2026/09/29 17:49:29.692,68.51,1976,76,0x0000000000000000,83.9
1790704179,2026/09/29 17:49:39.745,61.56,1976,75,0x0000000000000000,83.0
1790704189,2026/09/29 17:49:49.798,63.68,1976,75,0x0000000000000000,83.2
1790704199,2026/09/29 17:49:59.854,69.17,1976,76,0x0000000000000000,83.7
1790704209,2026/09/29 17:50:09.908,61.23,1976,74,0x0000000000000000,83.4
1790704219,2026/09/29 17:50:19.969,64.21,1976,75,0x0000000000000000,83.5
1790704230,2026/09/29 17:50:30.022,65.66,1976,75,0x0000000000000000,83.7
1790704240,2026/09/29 17:50:40.075,64.04,1976,75,0x0000000000000000,83.7
1790704250,2026/09/29 17:50:50.133,66.81,1976,76,0x0000000000000000,84.2
1790704260,2026/09/29 17:51:00.189,65.56,1976,75,0x0000000000000000,83.8
1790704270,2026/09/29 17:51:10.246,64.28,1976,75,0x0000000000000000,83.8
1790704280,2026/09/29 17:51:20.305,66.30,1976,76,0x0000000000000000,84.1
1790704290,2026/09/29 17:51:30.361,65.58,1976,75,0x0000000000000000,84.0
1790704300,2026/09/29 17:51:40.417,63.92,1976,76,0x0000000000000000,84.0
1790704310,2026/09/29 17:51:50.475,66.41,1976,76,0x0000000000000000,84.3
1790704320,2026/09/29 17:52:00.533,63.49,1976,76,0x0000000000000000,84.2
1790704330,2026/09/29 17:52:10.592,64.12,1976,75,0x0000000000000000,83.7
1790704340,2026/09/29 17:52:20.646,68.73,1976,75,0x0000000000000000,84.3
1790704350,2026/09/29 17:52:30.707,62.55,1976,75,0x0000000000000000,83.4
1790704360,2026/09/29 17:52:40.761,64.01,1976,75,0x0000000000000000,83.6
1790704370,2026/09/29 17:52:50.816,68.15,1976,75,0x0000000000000000,83.8
1790704380,2026/09/29 17:53:00.870,63.87,1976,75,0x0000000000000000,83.8
1790704390,2026/09/29 17:53:10.934,63.68,1976,75,0x0000000000000000,84.5
1790704401,2026/09/29 17:53:20.988,68.75,1976,75,0x0000000000000000,83.9
1790704411,2026/09/29 17:53:31.044,63.69,1976,75,0x0000000000000000,85.0
1790704421,2026/09/29 17:53:41.099,67.05,1976,77,0x0000000000000000,84.9
1790704431,2026/09/29 17:53:51.154,66.07,1976,76,0x0000000000000000,84.3
1790704441,2026/09/29 17:54:01.213,64.21,1976,75,0x0000000000000000,85.3
1790704451,2026/09/29 17:54:11.274,66.62,1976,77,0x0000000000000000,84.2
1790704461,2026/09/29 17:54:21.330,65.47,1976,75,0x0000000000000000,83.8
1790704471,2026/09/29 17:54:31.389,64.95,1976,76,0x0000000000000000,83.8
1790704481,2026/09/29 17:54:41.444,67.26,1976,77,0x0000000000000000,84.5
1790704491,2026/09/29 17:54:51.501,65.33,1976,76,0x0000000000000000,84.1
1790704501,2026/09/29 17:55:01.560,56.66,1976,75,0x0000000000000000,82.8
1790704511,2026/09/29 17:55:11.618,68.87,1976,76,0x0000000000000000,84.4
1790704521,2026/09/29 17:55:21.678,55.84,1976,75,0x0000000000000000,83.0
1790704531,2026/09/29 17:55:31.733,63.91,1976,75,0x0000000000000000,84.5
1790704541,2026/09/29 17:55:41.790,68.35,1976,75,0x0000000000000000,83.9
1790704551,2026/09/29 17:55:51.850,63.27,1976,75,0x0000000000000000,84.5
1790704561,2026/09/29 17:56:01.905,63.29,1976,75,0x0000000000000000,83.6
1790704571,2026/09/29 17:56:11.961,68.16,1976,75,0x0000000000000000,83.6
1790704582,2026/09/29 17:56:22.015,62.14,1976,75,0x0000000000000000,83.4
1790704592,2026/09/29 17:56:32.071,65.76,1976,76,0x0000000000000000,84.1
1790704602,2026/09/29 17:56:42.125,64.97,1976,74,0x0000000000000000,83.8
1790704612,2026/09/29 17:56:52.179,63.96,1976,75,0x0000000000000000,83.5
1790704622,2026/09/29 17:57:02.237,66.58,1976,76,0x0000000000000000,84.1
1790704632,2026/09/29 17:57:12.291,64.44,1976,75,0x0000000000000000,83.3
1790704642,2026/09/29 17:57:22.346,64.43,1976,75,0x0000000000000000,84.6
1790704652,2026/09/29 17:57:32.403,66.46,1976,77,0x0000000000000000,84.3
1790704662,2026/09/29 17:57:42.458,65.50,1976,75,0x0000000000000000,84.4
1790704672,2026/09/29 17:57:52.515,64.02,1976,76,0x0000000000000000,85.1
1790704682,2026/09/29 17:58:02.573,66.97,1976,76,0x0000000000000000,84.5
1790704692,2026/09/29 17:58:12.631,64.15,1976,76,0x0000000000000000,84.0
1790704702,2026/09/29 17:58:22.687,63.73,1976,75,0x0000000000000000,83.5
1790704712,2026/09/29 17:58:32.743,68.70,1976,76,0x0000000000000000,84.2
1790704722,2026/09/29 17:58:42.805,64.24,1976,75,0x0000000000000000,83.7
1790704732,2026/09/29 17:58:52.861,64.01,1976,75,0x0000000000000000,83.3
1790704742,2026/09/29 17:59:02.917,68.65,1976,76,0x0000000000000000,84.0
1790704752,2026/09/29 17:59:12.969,63.94,1976,75,0x0000000000000000,83.6
1790704763,2026/09/29 17:59:23.022,64.04,1976,75,0x0000000000000000,83.7
1790704773,2026/09/29 17:59:33.074,68.25,1976,75,0x0000000000000000,83.8
1790704783,2026/09/29 17:59:43.135,63.55,1976,75,0x0000000000000000,83.5
1790704793,2026/09/29 17:59:53.188,65.76,1976,76,0x0000000000000000,83.6
1790704803,2026/09/29 18:00:03.247,65.41,1976,75,0x0000000000000000,83.3
1790704813,2026/09/29 18:00:13.302,63.70,1976,75,0x0000000000000000,83.1
1790704823,2026/09/29 18:00:23.355,66.73,1976,76,0x0000000000000000,83.8
1790704833,2026/09/29 18:00:33.410,65.29,1976,75,0x0000000000000000,83.6
1790704843,2026/09/29 18:00:43.465,64.32,1976,76,0x0000000000000000,83.6
1790704853,2026/09/29 18:00:53.522,70.73,1976,77,0x0000000000000000,85.5
1790704863,2026/09/29 18:01:03.575,70.99,1976,77,0x0000000000000000,86.4
1790704873,2026/09/29 18:01:13.638,71.97,1976,78,0x0000000000000000,86.5
1790704883,2026/09/29 18:01:23.693,69.08,1976,77,0x0000000000000000,85.6
1790704893,2026/09/29 18:01:33.749,66.37,1976,76,0x0000000000000000,86.8
1790704903,2026/09/29 18:01:43.802,70.18,1976,78,0x0000000000000000,86.8
1790704913,2026/09/29 18:01:53.854,70.07,1976,78,0x0000000000000000,86.8
1790704923,2026/09/29 18:02:03.906,70.06,1976,78,0x0000000000000000,87.0
1790704933,2026/09/29 18:02:13.960,70.81,1976,77,0x0000000000000000,87.0
1790704944,2026/09/29 18:02:24.014,70.92,1976,78,0x0000000000000000,87.5
1790704954,2026/09/29 18:02:34.069,64.24,1976,77,0x0000000000000000,85.1
1790704964,2026/09/29 18:02:44.133,63.98,1976,77,0x0000000000000000,84.7
1790704974,2026/09/29 18:02:54.188,63.64,1976,76,0x0000000000000000,84.1
1790704984,2026/09/29 18:03:04.241,63.74,1976,76,0x0000000000000000,84.4
1790704994,2026/09/29 18:03:14.293,63.86,1976,76,0x0000000000000000,84.1
1790705004,2026/09/29 18:03:24.350,64.31,1976,76,0x0000000000000000,84.3
1790705014,2026/09/29 18:03:34.403,62.91,1976,76,0x0000000000000000,84.1
1790705024,2026/09/29 18:03:44.457,64.36,1976,76,0x0000000000000000,84.2
1790705034,2026/09/29 18:03:54.513,63.53,1976,76,0x0000000000000000,84.2
1790705044,2026/09/29 18:04:04.570,55.88,1976,68,0x0000000000000000,82.4
1790705054,2026/09/29 18:04:14.627,62.75,1976,75,0x0000000000000000,83.7
1790705064,2026/09/29 18:04:24.684,63.73,1976,76,0x0000000000000000,83.7
1790705074,2026/09/29 18:04:34.740,63.42,1976,75,0x0000000000000000,83.6
1790705084,2026/09/29 18:04:44.799,63.49,1976,75,0x0000000000000000,85.8
1790705094,2026/09/29 18:04:54.858,63.96,1976,75,0x0000000000000000,85.8
1790705104,2026/09/29 18:05:04.910,67.91,1976,77,0x0000000000000000,84.9
1790705114,2026/09/29 18:05:14.963,65.57,1976,76,0x0000000000000000,84.8
1790705125,2026/09/29 18:05:25.020,64.27,1976,76,0x0000000000000000,85.4
1790705135,2026/09/29 18:05:35.082,67.53,1976,77,0x0000000000000000,84.7
1790705145,2026/09/29 18:05:45.142,64.71,1976,75,0x0000000000000000,84.8
1790705155,2026/09/29 18:05:55.199,63.92,1976,76,0x0000000000000000,85.5
1790705165,2026/09/29 18:06:05.254,68.05,1976,76,0x0000000000000000,84.5
1790705175,2026/09/29 18:06:15.307,64.02,1976,75,0x0000000000000000,83.9
1790705185,2026/09/29 18:06:25.360,64.53,1976,77,0x0000000000000000,85.3
1790705195,2026/09/29 18:06:35.413,67.95,1976,76,0x0000000000000000,84.3
1790705205,2026/09/29 18:06:45.471,63.97,1976,75,0x0000000000000000,84.0
1790705215,2026/09/29 18:06:55.525,64.28,1976,76,0x0000000000000000,84.4
1790705225,2026/09/29 18:07:05.577,68.09,1976,75,0x0000000000000000,84.3
1790705235,2026/09/29 18:07:15.638,64.17,1976,76,0x0000000000000000,84.0
1790705245,2026/09/29 18:07:25.692,67.70,1976,76,0x0000000000000000,85.4
1790705255,2026/09/29 18:07:35.745,60.60,1976,74,0x0000000000000000,83.0
1790705265,2026/09/29 18:07:45.800,64.40,1976,75,0x0000000000000000,84.9
1790705275,2026/09/29 18:07:55.855,67.99,1976,77,0x0000000000000000,84.6
1790705285,2026/09/29 18:08:05.911,64.45,1976,75,0x0000000000000000,84.0
1790705295,2026/09/29 18:08:15.962,64.33,1976,76,0x0000000000000000,83.9
1790705306,2026/09/29 18:08:26.021,66.49,1976,76,0x0000000000000000,84.9
1790705316,2026/09/29 18:08:36.079,64.42,1976,75,0x0000000000000000,84.1
1790705326,2026/09/29 18:08:46.134,63.98,1976,75,0x0000000000000000,83.8
1790705336,2026/09/29 18:08:56.197,68.82,1976,76,0x0000000000000000,84.7
1790705346,2026/09/29 18:09:06.253,64.11,1976,75,0x0000000000000000,84.1
1790705356,2026/09/29 18:09:16.314,65.05,1976,76,0x0000000000000000,84.0
1790705366,2026/09/29 18:09:26.364,67.55,1976,75,0x0000000000000000,84.3
1790705376,2026/09/29 18:09:36.418,63.93,1976,76,0x0000000000000000,83.8
1790705386,2026/09/29 18:09:46.472,64.99,1976,76,0x0000000000000000,85.1
1790705396,2026/09/29 18:09:56.530,67.62,1976,75,0x0000000000000000,83.9
1790705406,2026/09/29 18:10:06.588,63.74,1976,75,0x0000000000000000,84.3
1790705416,2026/09/29 18:10:16.650,64.46,1976,76,0x0000000000000000,84.2
1790705426,2026/09/29 18:10:26.703,64.25,1976,75,0x0000000000000000,84.0
1790705436,2026/09/29 18:10:36.770,64.13,1976,75,0x0000000000000000,83.6
1790705446,2026/09/29 18:10:46.825,67.97,1976,75,0x0000000000000000,84.1
1790705456,2026/09/29 18:10:56.878,64.63,1976,75,0x0000000000000000,83.9
1790705466,2026/09/29 18:11:06.933,64.00,1976,75,0x0000000000000000,83.6
1790705476,2026/09/29 18:11:16.985,68.24,1976,76,0x0000000000000000,84.9
1790705487,2026/09/29 18:11:27.043,65.89,1976,76,0x0000000000000000,84.3
1790705497,2026/09/29 18:11:37.100,64.25,1976,75,0x0000000000000000,84.0
1790705507,2026/09/29 18:11:47.157,68.92,1976,77,0x0000000000000000,84.7
1790705517,2026/09/29 18:11:57.210,64.42,1976,75,0x0000000000000000,84.1
1790705527,2026/09/29 18:12:07.265,65.68,1976,76,0x0000000000000000,84.0
1790705537,2026/09/29 18:12:17.317,67.19,1976,75,0x0000000000000000,83.2
1790705547,2026/09/29 18:12:27.373,64.62,1976,76,0x0000000000000000,83.8
1790705557,2026/09/29 18:12:37.426,65.57,1976,76,0x0000000000000000,85.0
1790705567,2026/09/29 18:12:47.478,69.04,1976,76,0x0000000000000000,84.3
1790705577,2026/09/29 18:12:57.533,64.72,1976,76,0x0000000000000000,84.0
1790705587,2026/09/29 18:13:07.592,65.08,1976,76,0x0000000000000000,84.5
1790705597,2026/09/29 18:13:17.653,68.58,1976,75,0x0000000000000000,84.1
1790705607,2026/09/29 18:13:27.720,63.48,1976,76,0x0000000000000000,83.9
1790705617,2026/09/29 18:13:37.770,67.70,1976,75,0x0000000000000000,85.1
1790705627,2026/09/29 18:13:47.821,64.82,1976,76,0x0000000000000000,84.0
1790705637,2026/09/29 18:13:57.876,63.46,1976,75,0x0000000000000000,83.6
1790705647,2026/09/29 18:14:07.933,67.70,1976,77,0x0000000000000000,84.2
1790705658,2026/09/29 18:14:17.990,64.38,1976,75,0x0000000000000000,83.6
1790705668,2026/09/29 18:14:28.044,63.51,1976,76,0x0000000000000000,83.5
1790705678,2026/09/29 18:14:38.100,67.32,1976,76,0x0000000000000000,84.2
1790705688,2026/09/29 18:14:48.160,64.68,1976,75,0x0000000000000000,84.0
1790705698,2026/09/29 18:14:58.216,64.28,1976,75,0x0000000000000000,83.7
1790705708,2026/09/29 18:15:08.271,67.16,1976,75,0x0000000000000000,84.1
1790705718,2026/09/29 18:15:18.329,63.86,1976,76,0x0000000000000000,83.9
1790705728,2026/09/29 18:15:28.390,65.09,1976,77,0x0000000000000000,84.3
1790705738,2026/09/29 18:15:38.443,67.69,1976,75,0x0000000000000000,84.3
1790705748,2026/09/29 18:15:48.500,64.05,1976,75,0x0000000000000000,83.7
1790705758,2026/09/29 18:15:58.555,64.06,1976,76,0x0000000000000000,84.0
1790705768,2026/09/29 18:16:08.607,67.57,1976,74,0x0000000000000000,84.3
1790705778,2026/09/29 18:16:18.664,63.48,1976,76,0x0000000000000000,84.6
1790705788,2026/09/29 18:16:28.721,65.26,1976,77,0x0000000000000000,85.2
1790705798,2026/09/29 18:16:38.780,64.36,1976,76,0x0000000000000000,84.5
1790705808,2026/09/29 18:16:48.836,63.98,1976,75,0x0000000000000000,84.6
1790705818,2026/09/29 18:16:58.890,67.72,1976,77,0x0000000000000000,84.9
1790705828,2026/09/29 18:17:08.950,63.43,1976,75,0x0000000000000000,83.8
1790705839,2026/09/29 18:17:19.005,63.80,1976,76,0x0000000000000000,84.0
1790705849,2026/09/29 18:17:29.060,67.66,1976,77,0x0000000000000000,84.4
1790705859,2026/09/29 18:17:39.116,63.65,1976,76,0x0000000000000000,84.1
1790705869,2026/09/29 18:17:49.170,63.24,1976,74,0x0000000000000000,83.7
1790705879,2026/09/29 18:17:59.229,67.68,1976,76,0x0000000000000000,84.2
1790705889,2026/09/29 18:18:09.284,63.75,1976,75,0x0000000000000000,84.5
1790705899,2026/09/29 18:18:19.340,65.10,1976,76,0x0000000000000000,84.5
1790705909,2026/09/29 18:18:29.394,66.59,1976,75,0x0000000000000000,84.2
1790705919,2026/09/29 18:18:39.451,64.26,1976,76,0x0000000000000000,85.0
1790705929,2026/09/29 18:18:49.510,64.25,1976,75,0x0000000000000000,85.5
1790705939,2026/09/29 18:18:59.568,66.73,1976,76,0x0000000000000000,84.3
1790705949,2026/09/29 18:19:09.628,63.92,1976,75,0x0000000000000000,82.7
1790705959,2026/09/29 18:19:19.683,65.70,1976,77,0x0000000000000000,84.5
1790705969,2026/09/29 18:19:29.739,67.58,1976,75,0x0000000000000000,84.1
1790705979,2026/09/29 18:19:39.794,64.25,1976,75,0x0000000000000000,84.1
1790705989,2026/09/29 18:19:49.851,66.84,1976,76,0x0000000000000000,84.4
1790705999,2026/09/29 18:19:59.934,63.75,1976,75,0x0000000000000000,82.9
1790706010,2026/09/29 18:20:09.993,63.72,1976,75,0x0000000000000000,84.9
1790706020,2026/09/29 18:20:20.052,68.17,1976,76,0x0000000000000000,84.4
1790706030,2026/09/29 18:20:30.109,63.78,1976,75,0x0000000000000000,84.9
1790706040,2026/09/29 18:20:40.164,63.93,1976,76,0x0000000000000000,84.5
1790706050,2026/09/29 18:20:50.215,68.06,1976,76,0x0000000000000000,85.1
1790706060,2026/09/29 18:21:00.276,63.13,1976,76,0x0000000000000000,86.2
1790706070,2026/09/29 18:21:10.336,63.19,1976,77,0x0000000000000000,83.9
1790706080,2026/09/29 18:21:20.399,66.69,1976,76,0x0000000000000000,84.7
1790706090,2026/09/29 18:21:30.461,63.49,1976,76,0x0000000000000000,84.4
1790706100,2026/09/29 18:21:40.519,64.69,1976,76,0x0000000000000000,84.5
1790706110,2026/09/29 18:21:50.572,66.54,1976,75,0x0000000000000000,84.2
1790706120,2026/09/29 18:22:00.625,63.62,1976,76,0x0000000000000000,83.8
1790706130,2026/09/29 18:22:10.677,64.83,1976,77,0x0000000000000000,84.6
1790706140,2026/09/29 18:22:20.741,66.99,1976,76,0x0000000000000000,84.4
1790706150,2026/09/29 18:22:30.801,64.52,1976,76,0x0000000000000000,84.3
1790706160,2026/09/29 18:22:40.859,67.91,1976,77,0x0000000000000000,84.8
1790706170,2026/09/29 18:22:50.911,64.18,1976,76,0x0000000000000000,84.2
1790706180,2026/09/29 18:23:00.963,64.78,1976,76,0x0000000000000000,83.8
1790706191,2026/09/29 18:23:11.017,68.78,1976,77,0x0000000000000000,84.5
1790706201,2026/09/29 18:23:21.077,63.87,1976,75,0x0000000000000000,84.2
1790706211,2026/09/29 18:23:31.129,64.35,1976,75,0x0000000000000000,84.0
1790706221,2026/09/29 18:23:41.183,69.30,1976,77,0x0000000000000000,84.3
1790706231,2026/09/29 18:23:51.240,64.38,1976,76,0x0000000000000000,84.5
1790706241,2026/09/29 18:24:01.296,64.16,1976,76,0x0000000000000000,84.4
1790706251,2026/09/29 18:24:11.350,65.25,1976,75,0x0000000000000000,83.7
1790706261,2026/09/29 18:24:21.413,64.39,1976,75,0x0000000000000000,85.5
1790706271,2026/09/29 18:24:31.468,65.84,1976,77,0x0000000000000000,84.5
1790706281,2026/09/29 18:24:41.524,66.68,1976,76,0x0000000000000000,84.2
1790706291,2026/09/29 18:24:51.579,63.77,1976,76,0x0000000000000000,83.9
1790706301,2026/09/29 18:25:01.639,65.66,1976,77,0x0000000000000000,84.0
1790706311,2026/09/29 18:25:11.697,65.85,1976,76,0x0000000000000000,84.0
1790706321,2026/09/29 18:25:21.753,64.24,1976,75,0x0000000000000000,83.9
1790706331,2026/09/29 18:25:31.814,65.43,1976,77,0x0000000000000000,85.1
1790706341,2026/09/29 18:25:41.871,63.33,1976,75,0x0000000000000000,84.1
1790706351,2026/09/29 18:25:51.927,63.87,1976,75,0x0000000000000000,85.2
1790706361,2026/09/29 18:26:01.981,68.43,1976,77,0x0000000000000000,84.8
1790706372,2026/09/29 18:26:12.038,63.22,1976,75,0x0000000000000000,84.0
1790706382,2026/09/29 18:26:22.093,64.24,1976,76,0x0000000000000000,85.5
1790706392,2026/09/29 18:26:32.156,67.88,1976,76,0x0000000000000000,84.4
1790706402,2026/09/29 18:26:42.220,61.67,1976,75,0x0000000000000000,83.7
1790706412,2026/09/29 18:26:52.275,64.50,1976,75,0x0000000000000000,84.2
1790706422,2026/09/29 18:27:02.330,68.15,1976,77,0x0000000000000000,84.5
1790706432,2026/09/29 18:27:12.385,64.36,1976,75,0x0000000000000000,83.9
1790706442,2026/09/29 18:27:22.440,65.84,1976,77,0x0000000000000000,84.3
1790706452,2026/09/29 18:27:32.494,67.23,1976,76,0x0000000000000000,84.2
1790706462,2026/09/29 18:27:42.552,64.19,1976,76,0x0000000000000000,83.7
1790706472,2026/09/29 18:27:52.610,66.28,1976,77,0x0000000000000000,84.4
1790706482,2026/09/29 18:28:02.668,67.30,1976,75,0x0000000000000000,84.3
1790706492,2026/09/29 18:28:12.721,63.75,1976,75,0x0000000000000000,84.6
1790706502,2026/09/29 18:28:22.780,65.77,1976,77,0x0000000000000000,84.6
1790706512,2026/09/29 18:28:32.837,66.38,1976,75,0x0000000000000000,84.3
1790706522,2026/09/29 18:28:42.898,64.00,1976,76,0x0000000000000000,85.3
1790706532,2026/09/29 18:28:52.957,68.32,1976,77,0x0000000000000000,84.9
1790706543,2026/09/29 18:29:03.009,63.47,1976,75,0x0000000000000000,83.9
1790706553,2026/09/29 18:29:13.064,64.26,1976,75,0x0000000000000000,83.8
1790706563,2026/09/29 18:29:23.117,67.93,1976,77,0x0000000000000000,84.4
1790706573,2026/09/29 18:29:33.174,64.18,1976,75,0x0000000000000000,85.0
1790706583,2026/09/29 18:29:43.228,62.63,1976,75,0x0000000000000000,83.7
1790706593,2026/09/29 18:29:53.281,61.69,1976,77,0x0000000000000000,84.0
1790706603,2026/09/29 18:30:03.337,63.40,1976,76,0x0000000000000000,84.1
1790706613,2026/09/29 18:30:13.391,66.26,1976,77,0x0000000000000000,85.0
1790706623,2026/09/29 18:30:23.458,66.14,1976,76,0x0000000000000000,84.3
1790706633,2026/09/29 18:30:33.517,64.24,1976,75,0x0000000000000000,85.2
1790706643,2026/09/29 18:30:43.573,66.42,1976,77,0x0000000000000000,84.4
1790706653,2026/09/29 18:30:53.626,66.18,1976,75,0x0000000000000000,84.4
1790706663,2026/09/29 18:31:03.681,64.13,1976,76,0x0000000000000000,85.3
1790706673,2026/09/29 18:31:13.742,66.15,1976,77,0x0000000000000000,84.4
1790706683,2026/09/29 18:31:23.796,65.84,1976,76,0x0000000000000000,84.5
1790706693,2026/09/29 18:31:33.853,63.60,1976,76,0x0000000000000000,84.2
1790706703,2026/09/29 18:31:43.910,69.10,1976,76,0x0000000000000000,84.7
1790706713,2026/09/29 18:31:53.966,61.88,1976,75,0x0000000000000000,83.9
1790706724,2026/09/29 18:32:04.020,63.60,1976,75,0x0000000000000000,83.8
1790706734,2026/09/29 18:32:14.073,68.26,1976,76,0x0000000000000000,84.4
1790706744,2026/09/29 18:32:24.129,61.78,1976,75,0x0000000000000000,83.6
1790706754,2026/09/29 18:32:34.184,63.46,1976,75,0x0000000000000000,86.0
1790706764,2026/09/29 18:32:44.236,68.47,1976,76,0x0000000000000000,84.7
1790706774,2026/09/29 18:32:54.292,56.39,1976,73,0x0000000000000000,85.1
1790706784,2026/09/29 18:33:04.347,63.80,1976,75,0x0000000000000000,84.1
1790706794,2026/09/29 18:33:14.408,68.08,1976,77,0x0000000000000000,84.4
1790706804,2026/09/29 18:33:24.461,63.94,1976,75,0x0000000000000000,83.7
1790706814,2026/09/29 18:33:34.521,64.98,1976,77,0x0000000000000000,83.8
1790706824,2026/09/29 18:33:44.579,66.72,1976,75,0x0000000000000000,84.0
1790706834,2026/09/29 18:33:54.634,63.73,1976,75,0x0000000000000000,85.3
1790706844,2026/09/29 18:34:04.701,62.19,1976,75,0x0000000000000000,83.3
1790706854,2026/09/29 18:34:14.758,65.74,1976,75,0x0000000000000000,84.1
1790706864,2026/09/29 18:34:24.813,64.34,1976,75,0x0000000000000000,83.9
1790706874,2026/09/29 18:34:34.868,66.23,1976,77,0x0000000000000000,84.5
1790706884,2026/09/29 18:34:44.925,66.22,1976,75,0x0000000000000000,84.6
1790706894,2026/09/29 18:34:54.982,64.09,1976,75,0x0000000000000000,83.8
1790706905,2026/09/29 18:35:05.035,68.30,1976,77,0x0000000000000000,84.0
1790706915,2026/09/29 18:35:15.096,61.11,1976,75,0x0000000000000000,83.0
1790706925,2026/09/29 18:35:25.149,63.26,1976,75,0x0000000000000000,83.4
1790706935,2026/09/29 18:35:35.201,68.72,1976,77,0x0000000000000000,84.0
1790706945,2026/09/29 18:35:45.262,62.77,1976,75,0x0000000000000000,83.6
1790706955,2026/09/29 18:35:55.318,63.37,1976,76,0x0000000000000000,83.9
1790706965,2026/09/29 18:36:05.370,69.47,1976,77,0x0000000000000000,83.9
1790706975,2026/09/29 18:36:15.432,63.92,1976,75,0x0000000000000000,83.5
1790706985,2026/09/29 18:36:25.487,66.22,1976,77,0x0000000000000000,84.2
1790706995,2026/09/29 18:36:35.541,66.25,1976,76,0x0000000000000000,83.9
1790707005,2026/09/29 18:36:45.601,64.24,1976,75,0x0000000000000000,83.7
1790707015,2026/09/29 18:36:55.659,66.05,1976,76,0x0000000000000000,84.1
1790707025,2026/09/29 18:37:05.712,66.25,1976,75,0x0000000000000000,84.0
1790707035,2026/09/29 18:37:15.765,63.40,1976,76,0x0000000000000000,83.4
1790707045,2026/09/29 18:37:25.819,66.77,1976,77,0x0000000000000000,83.9
1790707055,2026/09/29 18:37:35.876,65.72,1976,75,0x0000000000000000,83.8
1790707065,2026/09/29 18:37:45.941,64.23,1976,75,0x0000000000000000,83.4
1790707076,2026/09/29 18:37:55.997,68.20,1976,76,0x0000000000000000,84.3
1790707086,2026/09/29 18:38:06.050,63.18,1976,75,0x0000000000000000,83.7
1790707096,2026/09/29 18:38:16.104,63.82,1976,75,0x0000000000000000,83.5
1790707106,2026/09/29 18:38:26.157,68.84,1976,76,0x0000000000000000,84.1
1790707116,2026/09/29 18:38:36.222,63.02,1976,75,0x0000000000000000,83.9
1790707126,2026/09/29 18:38:46.276,63.45,1976,75,0x0000000000000000,84.3
1790707136,2026/09/29 18:38:56.331,68.18,1976,76,0x0000000000000000,83.7
1790707146,2026/09/29 18:39:06.386,63.24,1976,75,0x0000000000000000,84.9
1790707156,2026/09/29 18:39:16.442,63.44,1976,75,0x0000000000000000,84.1
1790707166,2026/09/29 18:39:26.496,65.53,1976,76,0x0000000000000000,83.9
1790707176,2026/09/29 18:39:36.557,63.85,1976,75,0x0000000000000000,83.4
1790707186,2026/09/29 18:39:46.612,63.02,1976,75,0x0000000000000000,83.0
1790707196,2026/09/29 18:39:56.665,65.10,1976,75,0x0000000000000000,83.6
1790707206,2026/09/29 18:40:06.726,63.69,1976,75,0x0000000000000000,83.2
1790707216,2026/09/29 18:40:16.783,66.68,1976,76,0x0000000000000000,83.8
1790707226,2026/09/29 18:40:26.839,65.37,1976,75,0x0000000000000000,83.9
1790707236,2026/09/29 18:40:36.894,64.37,1976,75,0x0000000000000000,83.6
1790707246,2026/09/29 18:40:46.950,66.19,1976,77,0x0000000000000000,84.4
1790707257,2026/09/29 18:40:57.001,64.57,1976,75,0x0000000000000000,84.8
1790707267,2026/09/29 18:41:07.057,64.51,1976,76,0x0000000000000000,83.7
1790707277,2026/09/29 18:41:17.113,68.51,1976,77,0x0000000000000000,84.3
1790707287,2026/09/29 18:41:27.172,64.30,1976,76,0x0000000000000000,84.6
1790707297,2026/09/29 18:41:37.228,62.60,1976,75,0x0000000000000000,83.3
1790707307,2026/09/29 18:41:47.279,68.29,1976,77,0x0000000000000000,83.7
1790707317,2026/09/29 18:41:57.333,63.43,1976,75,0x0000000000000000,83.6
1790707327,2026/09/29 18:42:07.387,63.59,1976,75,0x0000000000000000,83.8
1790707337,2026/09/29 18:42:17.437,68.86,1976,77,0x0000000000000000,84.2
1790707347,2026/09/29 18:42:27.497,63.81,1976,75,0x0000000000000000,83.6
1790707357,2026/09/29 18:42:37.560,66.99,1976,77,0x0000000000000000,84.0
1790707367,2026/09/29 18:42:47.616,65.93,1976,76,0x0000000000000000,83.3
1790707377,2026/09/29 18:42:57.667,63.94,1976,75,0x0000000000000000,83.6
1790707387,2026/09/29 18:43:07.725,66.97,1976,77,0x0000000000000000,84.2
1790707397,2026/09/29 18:43:17.782,64.98,1976,76,0x0000000000000000,83.8
1790707407,2026/09/29 18:43:27.835,64.20,1976,75,0x0000000000000000,83.7
1790707417,2026/09/29 18:43:37.891,66.93,1976,77,0x0000000000000000,84.2
1790707427,2026/09/29 18:43:47.945,65.41,1976,75,0x0000000000000000,83.7
1790707438,2026/09/29 18:43:58.002,64.33,1976,75,0x0000000000000000,83.6
1790707448,2026/09/29 18:44:08.060,68.33,1976,76,0x0000000000000000,83.7
1790707458,2026/09/29 18:44:18.118,64.19,1976,75,0x0000000000000000,83.8
1790707468,2026/09/29 18:44:28.173,64.45,1976,75,0x0000000000000000,85.1
1790707478,2026/09/29 18:44:38.227,68.06,1976,76,0x0000000000000000,84.4
1790707488,2026/09/29 18:44:48.283,63.83,1976,75,0x0000000000000000,84.1
1790707498,2026/09/29 18:44:58.344,64.29,1976,75,0x0000000000000000,83.9
1790707508,2026/09/29 18:45:08.396,68.53,1976,76,0x0000000000000000,84.5
1790707518,2026/09/29 18:45:18.451,63.69,1976,75,0x0000000000000000,83.5
1790707528,2026/09/29 18:45:28.508,63.70,1976,74,0x0000000000000000,84.2
1790707538,2026/09/29 18:45:38.560,57.15,1976,68,0x0000000000000000,83.1
1790707548,2026/09/29 18:45:48.617,64.23,1976,75,0x0000000000000000,84.3
1790707558,2026/09/29 18:45:58.675,66.94,1976,77,0x0000000000000000,84.5
1790707568,2026/09/29 18:46:08.739,65.21,1976,75,0x0000000000000000,83.9
1790707578,2026/09/29 18:46:18.792,63.85,1976,75,0x0000000000000000,83.5
1790707588,2026/09/29 18:46:28.846,67.19,1976,75,0x0000000000000000,84.2
1790707598,2026/09/29 18:46:38.901,66.90,1976,76,0x0000000000000000,83.5
1790707608,2026/09/29 18:46:48.951,63.26,1976,75,0x0000000000000000,85.4
1790707619,2026/09/29 18:46:59.007,66.81,1976,77,0x0000000000000000,84.3
1790707629,2026/09/29 18:47:09.064,64.58,1976,75,0x0000000000000000,83.7
1790707639,2026/09/29 18:47:19.120,64.63,1976,76,0x0000000000000000,83.9
1790707649,2026/09/29 18:47:29.171,68.99,1976,75,0x0000000000000000,84.6
1790707659,2026/09/29 18:47:39.222,56.61,1976,75,0x0000000000000000,82.6
1790707669,2026/09/29 18:47:49.279,63.95,1976,76,0x0000000000000000,85.6
1790707679,2026/09/29 18:47:59.339,68.08,1976,76,0x0000000000000000,84.3
1790707689,2026/09/29 18:48:09.397,64.19,1976,75,0x0000000000000000,85.1
1790707699,2026/09/29 18:48:19.454,63.78,1976,75,0x0000000000000000,84.2
1790707709,2026/09/29 18:48:29.509,68.56,1976,76,0x0000000000000000,84.2
1790707719,2026/09/29 18:48:39.567,64.70,1976,76,0x0000000000000000,85.1
1790707729,2026/09/29 18:48:49.622,66.84,1976,76,0x0000000000000000,85.5
1790707739,2026/09/29 18:48:59.681,65.07,1976,76,0x0000000000000000,83.8
1790707749,2026/09/29 18:49:09.740,63.85,1976,75,0x0000000000000000,84.9
1790707759,2026/09/29 18:49:19.799,66.82,1976,76,0x0000000000000000,84.4
1790707769,2026/09/29 18:49:29.852,64.85,1976,75,0x0000000000000000,83.9
1790707779,2026/09/29 18:49:39.909,63.99,1976,75,0x0000000000000000,85.1
1790707789,2026/09/29 18:49:49.971,67.44,1976,76,0x0000000000000000,84.1
1790707800,2026/09/29 18:50:00.028,64.51,1976,75,0x0000000000000000,83.8
1790707810,2026/09/29 18:50:10.082,63.79,1976,75,0x0000000000000000,83.4
1790707820,2026/09/29 18:50:20.134,67.74,1976,75,0x0000000000000000,84.3
1790707830,2026/09/29 18:50:30.193,64.22,1976,75,0x0000000000000000,84.9
1790707840,2026/09/29 18:50:40.249,64.64,1976,75,0x0000000000000000,83.8
1790707850,2026/09/29 18:50:50.303,67.93,1976,76,0x0000000000000000,84.5
1790707860,2026/09/29 18:51:00.359,64.61,1976,75,0x0000000000000000,84.5
1790707870,2026/09/29 18:51:10.411,64.16,1976,75,0x0000000000000000,85.7
1790707880,2026/09/29 18:51:20.468,68.48,1976,76,0x0000000000000000,84.4
1790707890,2026/09/29 18:51:30.522,56.52,1976,76,0x0000000000000000,82.6
1790707900,2026/09/29 18:51:40.582,64.30,1976,75,0x0000000000000000,85.4
1790707910,2026/09/29 18:51:50.637,65.78,1976,75,0x0000000000000000,83.7
1790707920,2026/09/29 18:52:00.694,63.38,1976,75,0x0000000000000000,83.3
1790707930,2026/09/29 18:52:10.747,66.07,1976,76,0x0000000000000000,84.0
1790707940,2026/09/29 18:52:20.803,63.43,1976,75,0x0000000000000000,83.6
1790707950,2026/09/29 18:52:30.860,63.44,1976,75,0x0000000000000000,83.4
1790707960,2026/09/29 18:52:40.917,66.96,1976,76,0x0000000000000000,84.0
1790707970,2026/09/29 18:52:50.971,65.47,1976,76,0x0000000000000000,84.9
1790707981,2026/09/29 18:53:01.026,63.51,1976,75,0x0000000000000000,84.8
1790707991,2026/09/29 18:53:11.085,66.17,1976,76,0x0000000000000000,84.3
1790708001,2026/09/29 18:53:21.141,63.87,1976,75,0x0000000000000000,84.8
1790708011,2026/09/29 18:53:31.196,64.58,1976,76,0x0000000000000000,85.5
1790708021,2026/09/29 18:53:41.249,67.85,1976,75,0x0000000000000000,84.2
1790708031,2026/09/29 18:53:51.304,62.10,1976,75,0x0000000000000000,83.0
1790708041,2026/09/29 18:54:01.356,64.49,1976,75,0x0000000000000000,84.0
1790708051,2026/09/29 18:54:11.409,68.36,1976,76,0x0000000000000000,83.9
1790708061,2026/09/29 18:54:21.464,64.79,1976,75,0x0000000000000000,84.4
1790708071,2026/09/29 18:54:31.525,64.67,1976,76,0x0000000000000000,85.5
1790708081,2026/09/29 18:54:41.576,68.20,1976,75,0x0000000000000000,84.6
1790708091,2026/09/29 18:54:51.634,64.30,1976,76,0x0000000000000000,85.1
1790708101,2026/09/29 18:55:01.692,66.58,1976,76,0x0000000000000000,85.5
1790708111,2026/09/29 18:55:11.748,65.01,1976,76,0x0000000000000000,84.1
1790708121,2026/09/29 18:55:21.806,63.93,1976,75,0x0000000000000000,85.3
1790708131,2026/09/29 18:55:31.860,67.25,1976,76,0x0000000000000000,84.7
1790708141,2026/09/29 18:55:41.913,66.25,1976,76,0x0000000000000000,83.4
1790708151,2026/09/29 18:55:51.971,63.51,1976,76,0x0000000000000000,83.2
1790708162,2026/09/29 18:56:02.025,66.44,1976,76,0x0000000000000000,84.1
1790708172,2026/09/29 18:56:12.085,63.60,1976,76,0x0000000000000000,83.4
1790708182,2026/09/29 18:56:22.136,64.16,1976,75,0x0000000000000000,83.4
1790708192,2026/09/29 18:56:32.189,68.04,1976,75,0x0000000000000000,84.2
1790708202,2026/09/29 18:56:42.248,63.71,1976,75,0x0000000000000000,84.3
1790708212,2026/09/29 18:56:52.312,56.12,1976,76,0x0000000000000000,83.7
1790708222,2026/09/29 18:57:02.366,68.31,1976,76,0x0000000000000000,85.1
1790708232,2026/09/29 18:57:12.426,64.29,1976,75,0x0000000000000000,85.6
1790708242,2026/09/29 18:57:22.481,64.73,1976,76,0x0000000000000000,85.7
1790708252,2026/09/29 18:57:32.539,67.88,1976,75,0x0000000000000000,84.0
1790708262,2026/09/29 18:57:42.596,64.44,1976,76,0x0000000000000000,85.1
1790708272,2026/09/29 18:57:52.662,59.77,1976,75,0x0000000000000000,83.8
1790708282,2026/09/29 18:58:02.716,65.24,1976,76,0x0000000000000000,83.8
1790708292,2026/09/29 18:58:12.773,64.27,1976,75,0x0000000000000000,83.7
1790708302,2026/09/29 18:58:22.825,67.72,1976,77,0x0000000000000000,84.5
1790708312,2026/09/29 18:58:32.881,65.56,1976,75,0x0000000000000000,84.1
1790708322,2026/09/29 18:58:42.937,64.50,1976,76,0x0000000000000000,84.0
1790708333,2026/09/29 18:58:52.992,66.89,1976,76,0x0000000000000000,84.2
1790708343,2026/09/29 18:59:03.051,64.82,1976,75,0x0000000000000000,83.5
1790708353,2026/09/29 18:59:13.105,63.32,1976,75,0x0000000000000000,85.4
1790708363,2026/09/29 18:59:23.160,68.01,1976,77,0x0000000000000000,83.9
1790708373,2026/09/29 18:59:33.213,63.52,1976,75,0x0000000000000000,83.3
1790708383,2026/09/29 18:59:43.275,63.87,1976,76,0x0000000000000000,83.3
1790708393,2026/09/29 18:59:53.336,67.21,1976,75,0x0000000000000000,83.8
1790708403,2026/09/29 19:00:03.397,64.14,1976,75,0x0000000000000000,83.6
1790708413,2026/09/29 19:00:13.454,64.40,1976,76,0x0000000000000000,84.7
1790708423,2026/09/29 19:00:23.507,68.36,1976,75,0x0000000000000000,84.1
1790708433,2026/09/29 19:00:33.566,64.19,1976,75,0x0000000000000000,83.7
1790708443,2026/09/29 19:00:43.625,65.28,1976,76,0x0000000000000000,85.0
1790708453,2026/09/29 19:00:53.680,67.75,1976,75,0x0000000000000000,84.1
1790708463,2026/09/29 19:01:03.735,64.51,1976,76,0x0000000000000000,83.3
1790708473,2026/09/29 19:01:13.790,68.16,1976,77,0x0000000000000000,84.5
1790708483,2026/09/29 19:01:23.844,64.39,1976,76,0x0000000000000000,83.7
1790708493,2026/09/29 19:01:33.900,63.87,1976,75,0x0000000000000000,83.6
1790708503,2026/09/29 19:01:43.962,67.55,1976,76,0x0000000000000000,84.0
1790708514,2026/09/29 19:01:54.023,64.01,1976,75,0x0000000000000000,83.8
1790708524,2026/09/29 19:02:04.084,64.29,1976,75,0x0000000000000000,83.4
1790708534,2026/09/29 19:02:14.137,67.33,1976,76,0x0000000000000000,84.2
1790708544,2026/09/29 19:02:24.192,64.64,1976,75,0x0000000000000000,83.5
1790708554,2026/09/29 19:02:34.246,64.44,1976,76,0x0000000000000000,83.6
1790708564,2026/09/29 19:02:44.310,67.52,1976,75,0x0000000000000000,84.0
1790708574,2026/09/29 19:02:54.366,63.08,1976,75,0x0000000000000000,83.2
1790708584,2026/09/29 19:03:04.419,63.97,1976,76,0x0000000000000000,83.7
1790708594,2026/09/29 19:03:14.469,66.80,1976,75,0x0000000000000000,83.7
1790708604,2026/09/29 19:03:24.523,63.50,1976,74,0x0000000000000000,83.3
1790708614,2026/09/29 19:03:34.576,64.59,1976,76,0x0000000000000000,84.2
1790708624,2026/09/29 19:03:44.631,67.20,1976,75,0x0000000000000000,83.9
1790708634,2026/09/29 19:03:54.685,64.54,1976,76,0x0000000000000000,83.5
1790708644,2026/09/29 19:04:04.740,67.63,1976,75,0x0000000000000000,84.3
1790708654,2026/09/29 19:04:14.789,64.67,1976,76,0x0000000000000000,83.6
1790708664,2026/09/29 19:04:24.847,64.42,1976,75,0x0000000000000000,83.6
1790708674,2026/09/29 19:04:34.906,67.45,1976,76,0x0000000000000000,84.4
1790708684,2026/09/29 19:04:44.958,64.71,1976,75,0x0000000000000000,83.9
1790708695,2026/09/29 19:04:55.012,64.18,1976,76,0x0000000000000000,83.5
1790708705,2026/09/29 19:05:05.072,68.61,1976,77,0x0000000000000000,84.6
1790708715,2026/09/29 19:05:15.131,63.89,1976,76,0x0000000000000000,84.5
1790708725,2026/09/29 19:05:25.186,64.18,1976,75,0x0000000000000000,85.1
1790708735,2026/09/29 19:05:35.240,67.49,1976,76,0x0000000000000000,84.0
1790708745,2026/09/29 19:05:45.294,64.27,1976,75,0x0000000000000000,83.9
1790708755,2026/09/29 19:05:55.353,63.91,1976,76,0x0000000000000000,83.8
1790708765,2026/09/29 19:06:05.403,66.94,1976,75,0x0000000000000000,84.1
1790708775,2026/09/29 19:06:15.455,63.73,1976,75,0x0000000000000000,83.5
1790708785,2026/09/29 19:06:25.507,64.45,1976,76,0x0000000000000000,84.1
1790708795,2026/09/29 19:06:35.567,67.34,1976,76,0x0000000000000000,84.0
1790708805,2026/09/29 19:06:45.628,63.28,1976,75,0x0000000000000000,85.1
1790708815,2026/09/29 19:06:55.685,64.62,1976,77,0x0000000000000000,85.5
1790708825,2026/09/29 19:07:05.741,67.05,1976,76,0x0000000000000000,84.2
1790708835,2026/09/29 19:07:15.796,63.95,1976,75,0x0000000000000000,85.2
1790708845,2026/09/29 19:07:25.852,67.68,1976,77,0x0000000000000000,84.2
1790708855,2026/09/29 19:07:35.905,64.28,1976,75,0x0000000000000000,83.9
1790708865,2026/09/29 19:07:45.963,64.57,1976,76,0x0000000000000000,84.1
1790708876,2026/09/29 19:07:56.018,67.77,1976,77,0x0000000000000000,84.5
1790708886,2026/09/29 19:08:06.075,64.62,1976,76,0x0000000000000000,83.7
1790708896,2026/09/29 19:08:16.132,61.44,1976,74,0x0000000000000000,82.8
1790708906,2026/09/29 19:08:26.190,67.64,1976,77,0x0000000000000000,83.8
1790708916,2026/09/29 19:08:36.246,56.46,1976,74,0x0000000000000000,82.4
1790708926,2026/09/29 19:08:46.299,65.12,1976,76,0x0000000000000000,83.6
1790708936,2026/09/29 19:08:56.352,60.73,1976,75,0x0000000000000000,83.2
1790708946,2026/09/29 19:09:06.409,63.89,1976,76,0x0000000000000000,83.7
1790708956,2026/09/29 19:09:16.465,65.16,1976,76,0x0000000000000000,84.7
1790708966,2026/09/29 19:09:26.520,66.85,1976,75,0x0000000000000000,83.8
1790708976,2026/09/29 19:09:36.572,63.44,1976,75,0x0000000000000000,84.3
1790708986,2026/09/29 19:09:46.631,65.02,1976,76,0x0000000000000000,85.1
1790708996,2026/09/29 19:09:56.699,67.05,1976,75,0x0000000000000000,84.0
1790709006,2026/09/29 19:10:06.757,68.16,1976,77,0x0000000000000000,84.4
1790709016,2026/09/29 19:10:16.818,67.64,1976,77,0x0000000000000000,84.9
1790709026,2026/09/29 19:10:26.871,63.48,1976,75,0x0000000000000000,83.0
1790709036,2026/09/29 19:10:36.928,63.90,1976,75,0x0000000000000000,85.2
1790709046,2026/09/29 19:10:46.986,68.74,1976,76,0x0000000000000000,84.6
1790709057,2026/09/29 19:10:57.043,63.70,1976,75,0x0000000000000000,84.0
1790709067,2026/09/29 19:11:07.098,64.27,1976,76,0x0000000000000000,83.6
1790709077,2026/09/29 19:11:17.153,67.25,1976,76,0x0000000000000000,84.3
1790709087,2026/09/29 19:11:27.204,63.93,1976,76,0x0000000000000000,83.3
1790709097,2026/09/29 19:11:37.263,64.27,1976,75,0x0000000000000000,85.4
1790709107,2026/09/29 19:11:47.318,60.67,1976,76,0x0000000000000000,86.2
1790709117,2026/09/29 19:11:57.373,64.54,1976,76,0x0000000000000000,84.7
1790709127,2026/09/29 19:12:07.427,66.10,1976,77,0x0000000000000000,85.7
1790709137,2026/09/29 19:12:17.481,67.96,1976,76,0x0000000000000000,84.3
1790709147,2026/09/29 19:12:27.538,64.77,1976,75,0x0000000000000000,84.0
1790709157,2026/09/29 19:12:37.597,65.45,1976,77,0x0000000000000000,84.4
1790709167,2026/09/29 19:12:47.655,67.35,1976,75,0x0000000000000000,83.7
1790709177,2026/09/29 19:12:57.709,57.12,1976,75,0x0000000000000000,82.7
1790709187,2026/09/29 19:13:07.765,64.90,1976,76,0x0000000000000000,85.5
1790709197,2026/09/29 19:13:17.819,64.89,1976,76,0x0000000000000000,84.1
1790709207,2026/09/29 19:13:27.875,63.65,1976,75,0x0000000000000000,84.7
1790709217,2026/09/29 19:13:37.932,68.45,1976,77,0x0000000000000000,84.7
1790709228,2026/09/29 19:13:47.988,64.66,1976,75,0x0000000000000000,85.0
1790709238,2026/09/29 19:13:58.043,64.07,1976,75,0x0000000000000000,83.5
1790709248,2026/09/29 19:14:08.096,68.08,1976,77,0x0000000000000000,84.3
1790709258,2026/09/29 19:14:18.164,64.76,1976,75,0x0000000000000000,83.9
1790709268,2026/09/29 19:14:28.220,64.35,1976,75,0x0000000000000000,83.6
1790709278,2026/09/29 19:14:38.277,68.63,1976,77,0x0000000000000000,84.0
1790709288,2026/09/29 19:14:48.335,63.20,1976,75,0x0000000000000000,83.6
1790709298,2026/09/29 19:14:58.395,65.52,1976,76,0x0000000000000000,84.0
1790709308,2026/09/29 19:15:08.453,66.00,1976,75,0x0000000000000000,84.1
1790709318,2026/09/29 19:15:18.507,63.21,1976,75,0x0000000000000000,83.6
1790709328,2026/09/29 19:15:28.562,64.81,1976,76,0x0000000000000000,84.1
1790709338,2026/09/29 19:15:38.617,65.98,1976,75,0x0000000000000000,84.1
1790709348,2026/09/29 19:15:48.679,63.84,1976,75,0x0000000000000000,83.4
1790709358,2026/09/29 19:15:58.732,65.63,1976,76,0x0000000000000000,84.5
1790709368,2026/09/29 19:16:08.790,66.97,1976,76,0x0000000000000000,83.8
1790709378,2026/09/29 19:16:18.844,64.14,1976,76,0x0000000000000000,83.5
1790709388,2026/09/29 19:16:28.899,68.04,1976,76,0x0000000000000000,84.3
1790709398,2026/09/29 19:16:38.954,62.90,1976,75,0x0000000000000000,83.5
1790709409,2026/09/29 19:16:49.009,64.00,1976,76,0x0000000000000000,83.1
1790709419,2026/09/29 19:16:59.061,68.73,1976,77,0x0000000000000000,84.3
1790709429,2026/09/29 19:17:09.130,63.49,1976,75,0x0000000000000000,83.4
1790709439,2026/09/29 19:17:19.183,63.62,1976,75,0x0000000000000000,83.4
1790709449,2026/09/29 19:17:29.237,67.96,1976,76,0x0000000000000000,83.5
1790709459,2026/09/29 19:17:39.298,64.10,1976,76,0x0000000000000000,83.4
1790709469,2026/09/29 19:17:49.359,66.28,1976,77,0x0000000000000000,83.7
1790709479,2026/09/29 19:17:59.412,66.87,1976,75,0x0000000000000000,83.8
1790709489,2026/09/29 19:18:09.466,64.29,1976,75,0x0000000000000000,83.4
1790709499,2026/09/29 19:18:19.518,65.59,1976,76,0x0000000000000000,84.1
1790709509,2026/09/29 19:18:29.571,66.40,1976,76,0x0000000000000000,84.0
1790709519,2026/09/29 19:18:39.622,64.17,1976,75,0x0000000000000000,81.3
1790709529,2026/09/29 19:18:49.681,65.94,1976,76,0x0000000000000000,83.8
1790709539,2026/09/29 19:18:59.737,65.80,1976,75,0x0000000000000000,84.1
1790709549,2026/09/29 19:19:09.796,63.46,1976,75,0x0000000000000000,85.2
1790709559,2026/09/29 19:19:19.854,65.65,1976,76,0x0000000000000000,84.2
1790709569,2026/09/29 19:19:29.908,63.89,1976,75,0x0000000000000000,84.0
1790709579,2026/09/29 19:19:39.968,63.85,1976,75,0x0000000000000000,85.0
1790709590,2026/09/29 19:19:50.023,68.73,1976,77,0x0000000000000000,84.5
1790709600,2026/09/29 19:20:00.077,62.33,1976,75,0x0000000000000000,83.5
1790709610,2026/09/29 19:20:10.133,64.24,1976,76,0x0000000000000000,83.4
1790709620,2026/09/29 19:20:20.187,68.52,1976,77,0x0000000000000000,84.3
1790709630,2026/09/29 19:20:30.246,63.87,1976,76,0x0000000000000000,84.5
1790709640,2026/09/29 19:20:40.303,64.52,1976,75,0x0000000000000000,85.0
1790709650,2026/09/29 19:20:50.360,68.62,1976,77,0x0000000000000000,84.5
1790709660,2026/09/29 19:21:00.419,63.69,1976,76,0x0000000000000000,86.0
1790709670,2026/09/29 19:21:10.481,65.43,1976,77,0x0000000000000000,84.4
1790709680,2026/09/29 19:21:20.537,65.75,1976,75,0x0000000000000000,84.2
1790709690,2026/09/29 19:21:30.594,63.66,1976,75,0x0000000000000000,84.0
1790709700,2026/09/29 19:21:40.647,66.02,1976,77,0x0000000000000000,84.3
1790709710,2026/09/29 19:21:50.702,65.69,1976,76,0x0000000000000000,83.8
1790709720,2026/09/29 19:22:00.756,63.77,1976,75,0x0000000000000000,83.6
1790709730,2026/09/29 19:22:10.809,66.21,1976,76,0x0000000000000000,84.1
1790709740,2026/09/29 19:22:20.864,65.85,1976,75,0x0000000000000000,84.3
1790709750,2026/09/29 19:22:30.920,64.65,1976,76,0x0000000000000000,84.6
1790709760,2026/09/29 19:22:40.975,68.72,1976,77,0x0000000000000000,84.7
1790709771,2026/09/29 19:22:51.029,63.83,1976,76,0x0000000000000000,84.1
1790709781,2026/09/29 19:23:01.085,64.57,1976,75,0x0000000000000000,84.7
1790709791,2026/09/29 19:23:11.140,68.50,1976,77,0x0000000000000000,84.5
1790709801,2026/09/29 19:23:21.193,56.01,1976,75,0x0000000000000000,82.2
1790709811,2026/09/29 19:23:31.244,64.26,1976,75,0x0000000000000000,84.6
1790709821,2026/09/29 19:23:41.299,68.41,1976,77,0x0000000000000000,83.9
1790709831,2026/09/29 19:23:51.354,64.24,1976,76,0x0000000000000000,84.9
1790709841,2026/09/29 19:24:01.414,63.95,1976,76,0x0000000000000000,85.6
1790709851,2026/09/29 19:24:11.467,65.66,1976,75,0x0000000000000000,83.8
1790709861,2026/09/29 19:24:21.527,63.87,1976,75,0x0000000000000000,83.4
1790709871,2026/09/29 19:24:31.585,66.41,1976,77,0x0000000000000000,84.0
1790709881,2026/09/29 19:24:41.640,65.33,1976,74,0x0000000000000000,83.9
1790709891,2026/09/29 19:24:51.696,64.05,1976,75,0x0000000000000000,84.8
1790709901,2026/09/29 19:25:01.755,66.93,1976,77,0x0000000000000000,84.0
1790709911,2026/09/29 19:25:11.808,66.18,1976,75,0x0000000000000000,83.9
1790709921,2026/09/29 19:25:21.869,64.77,1976,76,0x0000000000000000,83.6
1790709931,2026/09/29 19:25:31.923,66.92,1976,77,0x0000000000000000,84.4
1790709941,2026/09/29 19:25:41.981,64.32,1976,76,0x0000000000000000,83.9
1790709952,2026/09/29 19:25:52.037,64.91,1976,76,0x0000000000000000,84.0
1790709962,2026/09/29 19:26:02.091,69.17,1976,77,0x0000000000000000,84.7
1790709972,2026/09/29 19:26:12.151,63.65,1976,75,0x0000000000000000,83.9
1790709982,2026/09/29 19:26:22.206,64.18,1976,76,0x0000000000000000,85.4
1790709992,2026/09/29 19:26:32.260,67.78,1976,76,0x0000000000000000,83.9
1790710002,2026/09/29 19:26:42.322,64.04,1976,76,0x0000000000000000,83.8
1790710012,2026/09/29 19:26:52.375,63.74,1976,75,0x0000000000000000,83.9
1790710022,2026/09/29 19:27:02.426,68.45,1976,77,0x0000000000000000,83.8
1790710032,2026/09/29 19:27:12.479,63.45,1976,75,0x0000000000000000,83.4
1790710042,2026/09/29 19:27:22.543,66.65,1976,77,0x0000000000000000,83.3
1790710052,2026/09/29 19:27:32.679,65.37,1976,75,0x0000000000000000,83.8
1790710062,2026/09/29 19:27:42.731,63.85,1976,76,0x0000000000000000,83.7
1790710072,2026/09/29 19:27:52.785,67.03,1976,77,0x0000000000000000,84.4
1790710082,2026/09/29 19:28:02.842,65.85,1976,76,0x0000000000000000,84.0
1790710092,2026/09/29 19:28:12.898,64.47,1976,75,0x0000000000000000,85.0
1790710102,2026/09/29 19:28:22.953,66.13,1976,77,0x0000000000000000,85.5
1790710113,2026/09/29 19:28:33.009,64.75,1976,76,0x0000000000000000,84.6
1790710123,2026/09/29 19:28:43.066,64.39,1976,76,0x0000000000000000,84.0
1790710133,2026/09/29 19:28:53.119,69.18,1976,77,0x0000000000000000,84.7
1790710143,2026/09/29 19:29:03.183,62.88,1976,75,0x0000000000000000,83.8
1790710153,2026/09/29 19:29:13.240,64.62,1976,76,0x0000000000000000,84.2
1790710163,2026/09/29 19:29:23.296,61.04,1976,75,0x0000000000000000,82.7
1790710173,2026/09/29 19:29:33.351,63.62,1976,75,0x0000000000000000,83.5
1790710183,2026/09/29 19:29:43.405,64.19,1976,75,0x0000000000000000,84.4
1790710193,2026/09/29 19:29:53.458,68.48,1976,77,0x0000000000000000,84.4
1790710203,2026/09/29 19:30:03.514,64.19,1976,75,0x0000000000000000,85.3
1790710213,2026/09/29 19:30:13.574,69.20,1976,77,0x0000000000000000,84.6
1790710223,2026/09/29 19:30:23.632,65.60,1976,76,0x0000000000000000,84.5
1790710233,2026/09/29 19:30:33.688,63.74,1976,75,0x0000000000000000,83.7
1790710243,2026/09/29 19:30:43.745,66.71,1976,77,0x0000000000000000,84.1
1790710253,2026/09/29 19:30:53.799,65.44,1976,76,0x0000000000000000,83.9
1790710263,2026/09/29 19:31:03.855,55.61,1976,74,0x0000000000000000,82.1
1790710273,2026/09/29 19:31:13.911,67.02,1976,77,0x0000000000000000,84.3
1790710283,2026/09/29 19:31:23.965,64.74,1976,75,0x0000000000000000,83.5
1790710294,2026/09/29 19:31:34.026,64.71,1976,76,0x0000000000000000,83.9
1790710304,2026/09/29 19:31:44.079,68.71,1976,76,0x0000000000000000,84.4
1790710314,2026/09/29 19:31:54.132,64.18,1976,76,0x0000000000000000,84.2
1790710324,2026/09/29 19:32:04.184,61.79,1976,75,0x0000000000000000,83.2
1790710334,2026/09/29 19:32:14.238,68.62,1976,76,0x0000000000000000,84.2
1790710344,2026/09/29 19:32:24.298,64.52,1976,75,0x0000000000000000,84.0
1790710354,2026/09/29 19:32:34.356,64.55,1976,76,0x0000000000000000,84.0
1790710364,2026/09/29 19:32:44.406,68.17,1976,76,0x0000000000000000,84.3
1790710374,2026/09/29 19:32:54.461,64.27,1976,76,0x0000000000000000,85.2
1790710384,2026/09/29 19:33:04.522,63.89,1976,75,0x0000000000000000,85.6
1790710394,2026/09/29 19:33:14.582,64.64,1976,76,0x0000000000000000,84.0
1790710404,2026/09/29 19:33:24.639,56.63,1976,75,0x0000000000000000,83.1
1790710414,2026/09/29 19:33:34.697,66.16,1976,77,0x0000000000000000,84.1
1790710424,2026/09/29 19:33:44.752,64.09,1976,75,0x0000000000000000,83.6
1790710434,2026/09/29 19:33:54.807,63.94,1976,75,0x0000000000000000,83.5
1790710444,2026/09/29 19:34:04.865,66.61,1976,77,0x0000000000000000,84.1
1790710454,2026/09/29 19:34:14.915,64.57,1976,76,0x0000000000000000,83.9
1790710464,2026/09/29 19:34:24.972,64.51,1976,75,0x0000000000000000,83.7
1790710475,2026/09/29 19:34:35.039,66.79,1976,77,0x0000000000000000,83.7
1790710485,2026/09/29 19:34:45.101,64.16,1976,75,0x0000000000000000,83.9
1790710495,2026/09/29 19:34:55.158,64.22,1976,76,0x0000000000000000,85.0
1790710505,2026/09/29 19:35:05.216,68.83,1976,77,0x0000000000000000,84.3
1790710515,2026/09/29 19:35:15.277,64.17,1976,76,0x0000000000000000,85.0
1790710525,2026/09/29 19:35:25.335,61.47,1976,75,0x0000000000000000,83.1
1790710535,2026/09/29 19:35:35.385,68.52,1976,76,0x0000000000000000,84.3
1790710545,2026/09/29 19:35:45.441,64.17,1976,76,0x0000000000000000,83.6
1790710555,2026/09/29 19:35:55.500,63.71,1976,75,0x0000000000000000,84.0
1790710565,2026/09/29 19:36:05.552,68.24,1976,76,0x0000000000000000,83.9
1790710575,2026/09/29 19:36:15.608,63.84,1976,75,0x0000000000000000,83.7
1790710585,2026/09/29 19:36:25.663,66.90,1976,77,0x0000000000000000,84.2
1790710595,2026/09/29 19:36:35.721,64.85,1976,75,0x0000000000000000,84.0
1790710605,2026/09/29 19:36:45.775,63.69,1976,75,0x0000000000000000,82.9
1790710615,2026/09/29 19:36:55.832,69.58,1976,77,0x0000000000000000,84.6
1790710625,2026/09/29 19:37:05.888,65.60,1976,75,0x0000000000000000,83.6
1790710635,2026/09/29 19:37:15.943,64.28,1976,75,0x0000000000000000,83.4
1790710646,2026/09/29 19:37:26.000,67.56,1976,77,0x0000000000000000,84.2
1790710656,2026/09/29 19:37:36.059,65.65,1976,75,0x0000000000000000,84.5
1790710666,2026/09/29 19:37:46.124,64.43,1976,75,0x0000000000000000,85.5
1790710676,2026/09/29 19:37:56.182,68.21,1976,75,0x0000000000000000,83.6
1790710686,2026/09/29 19:38:06.240,58.86,1976,68,0x0000000000000000,82.5
1790710696,2026/09/29 19:38:16.300,64.16,1976,75,0x0000000000000000,84.0
1790710706,2026/09/29 19:38:26.351,67.42,1976,76,0x0000000000000000,83.8
1790710716,2026/09/29 19:38:36.410,64.60,1976,75,0x0000000000000000,83.9
1790710726,2026/09/29 19:38:46.468,64.34,1976,76,0x0000000000000000,84.2
1790710736,2026/09/29 19:38:56.525,68.02,1976,75,0x0000000000000000,83.8
1790710746,2026/09/29 19:39:06.582,63.71,1976,76,0x0000000000000000,85.1
1790710756,2026/09/29 19:39:16.636,66.98,1976,76,0x0000000000000000,85.5
1790710766,2026/09/29 19:39:26.693,65.02,1976,76,0x0000000000000000,83.8
1790710776,2026/09/29 19:39:36.752,63.84,1976,75,0x0000000000000000,83.8
1790710786,2026/09/29 19:39:46.808,67.08,1976,77,0x0000000000000000,84.2
1790710796,2026/09/29 19:39:56.864,63.95,1976,75,0x0000000000000000,83.8
1790710806,2026/09/29 19:40:06.923,56.35,1976,75,0x0000000000000000,82.5
1790710816,2026/09/29 19:40:16.979,64.27,1976,75,0x0000000000000000,83.4
1790710827,2026/09/29 19:40:27.035,64.95,1976,75,0x0000000000000000,83.9
1790710837,2026/09/29 19:40:37.090,64.27,1976,75,0x0000000000000000,85.7
1790710847,2026/09/29 19:40:47.147,68.98,1976,75,0x0000000000000000,84.3
1790710857,2026/09/29 19:40:57.203,64.59,1976,75,0x0000000000000000,84.8
1790710867,2026/09/29 19:41:07.260,64.63,1976,76,0x0000000000000000,85.9
1790710877,2026/09/29 19:41:17.316,68.74,1976,76,0x0000000000000000,85.1
1790710887,2026/09/29 19:41:27.374,63.87,1976,76,0x0000000000000000,84.8
1790710897,2026/09/29 19:41:37.433,64.78,1976,76,0x0000000000000000,84.3
1790710907,2026/09/29 19:41:47.486,68.64,1976,76,0x0000000000000000,84.3
1790710917,2026/09/29 19:41:57.543,64.73,1976,76,0x0000000000000000,83.9
1790710927,2026/09/29 19:42:07.597,62.35,1976,75,0x0000000000000000,83.7
1790710937,2026/09/29 19:42:17.651,65.65,1976,75,0x0000000000000000,85.1
1790710947,2026/09/29 19:42:27.713,63.88,1976,75,0x0000000000000000,83.4
1790710957,2026/09/29 19:42:37.782,66.85,1976,77,0x0000000000000000,84.2
1790710967,2026/09/29 19:42:47.837,64.93,1976,75,0x0000000000000000,83.8
1790710977,2026/09/29 19:42:57.891,63.83,1976,76,0x0000000000000000,85.8
1790710987,2026/09/29 19:43:07.947,68.39,1976,77,0x0000000000000000,84.6
1790710998,2026/09/29 19:43:18.004,65.61,1976,76,0x0000000000000000,83.3
1790711008,2026/09/29 19:43:28.056,64.21,1976,75,0x0000000000000000,83.4
1790711018,2026/09/29 19:43:38.110,67.10,1976,76,0x0000000000000000,83.3
1790711028,2026/09/29 19:43:48.207,64.34,1976,75,0x0000000000000000,84.0
1790711038,2026/09/29 19:43:58.267,64.57,1976,75,0x0000000000000000,85.6
1790711048,2026/09/29 19:44:08.319,67.85,1976,76,0x0000000000000000,84.3
1790711058,2026/09/29 19:44:18.374,56.69,1976,75,0x0000000000000000,82.6
1790711068,2026/09/29 19:44:28.428,64.82,1976,75,0x0000000000000000,84.0
1790711078,2026/09/29 19:44:38.491,67.65,1976,76,0x0000000000000000,84.0
1790711088,2026/09/29 19:44:48.546,64.33,1976,75,0x0000000000000000,83.8
1790711098,2026/09/29 19:44:58.597,64.81,1976,76,0x0000000000000000,84.4
1790711108,2026/09/29 19:45:08.649,68.00,1976,75,0x0000000000000000,83.8
1790711118,2026/09/29 19:45:18.708,64.09,1976,76,0x0000000000000000,83.8
1790711128,2026/09/29 19:45:28.765,67.12,1976,75,0x0000000000000000,83.6
1790711138,2026/09/29 19:45:38.817,63.83,1976,76,0x0000000000000000,83.6
1790711148,2026/09/29 19:45:48.871,64.04,1976,76,0x0000000000000000,83.6
1790711158,2026/09/29 19:45:58.927,67.15,1976,76,0x0000000000000000,84.4
1790711169,2026/09/29 19:46:08.988,64.53,1976,75,0x0000000000000000,84.8
1790711179,2026/09/29 19:46:19.043,63.70,1976,75,0x0000000000000000,83.5
1790711189,2026/09/29 19:46:29.097,66.18,1976,75,0x0000000000000000,84.1
1790711199,2026/09/29 19:46:39.152,63.44,1976,74,0x0000000000000000,83.1
1790711209,2026/09/29 19:46:49.212,64.24,1976,75,0x0000000000000000,84.4
1790711219,2026/09/29 19:46:59.271,67.40,1976,75,0x0000000000000000,84.0
1790711229,2026/09/29 19:47:09.327,56.18,1976,75,0x0000000000000000,85.1
1790711239,2026/09/29 19:47:19.384,56.65,1976,68,0x0000000000000000,85.6
1790711249,2026/09/29 19:47:29.440,67.08,1976,76,0x0000000000000000,84.4
1790711259,2026/09/29 19:47:39.497,63.83,1976,76,0x0000000000000000,83.6
1790711269,2026/09/29 19:47:49.551,63.44,1976,75,0x0000000000000000,84.1
1790711279,2026/09/29 19:47:59.603,67.85,1976,76,0x0000000000000000,84.0
1790711289,2026/09/29 19:48:09.658,63.38,1976,76,0x0000000000000000,83.8
1790711299,2026/09/29 19:48:19.713,67.46,1976,77,0x0000000000000000,84.4
1790711309,2026/09/29 19:48:29.768,64.08,1976,75,0x0000000000000000,83.6
1790711319,2026/09/29 19:48:39.827,64.34,1976,76,0x0000000000000000,83.8
1790711329,2026/09/29 19:48:49.880,66.36,1976,76,0x0000000000000000,83.9
1790711339,2026/09/29 19:48:59.937,65.15,1976,75,0x0000000000000000,83.8
1790711350,2026/09/29 19:49:09.994,56.43,1976,76,0x0000000000000000,85.6
1790711360,2026/09/29 19:49:20.054,67.37,1976,76,0x0000000000000000,84.1
1790711370,2026/09/29 19:49:30.114,63.83,1976,76,0x0000000000000000,83.9
1790711380,2026/09/29 19:49:40.170,63.78,1976,75,0x0000000000000000,85.6
1790711390,2026/09/29 19:49:50.229,67.20,1976,76,0x0000000000000000,84.2
1790711400,2026/09/29 19:50:00.282,64.18,1976,75,0x0000000000000000,84.3
1790711410,2026/09/29 19:50:10.339,61.02,1976,75,0x0000000000000000,83.1
1790711420,2026/09/29 19:50:20.399,67.27,1976,75,0x0000000000000000,84.4
1790711430,2026/09/29 19:50:30.456,62.41,1976,76,0x0000000000000000,83.2
1790711440,2026/09/29 19:50:40.516,64.88,1976,76,0x0000000000000000,84.2
1790711450,2026/09/29 19:50:50.571,67.38,1976,76,0x0000000000000000,84.1
1790711460,2026/09/29 19:51:00.634,64.29,1976,75,0x0000000000000000,85.5
1790711470,2026/09/29 19:51:10.693,65.00,1976,77,0x0000000000000000,85.6
1790711480,2026/09/29 19:51:20.752,64.11,1976,76,0x0000000000000000,84.3
1790711490,2026/09/29 19:51:30.815,64.25,1976,76,0x0000000000000000,85.4
1790711500,2026/09/29 19:51:40.871,66.93,1976,77,0x0000000000000000,84.8
1790711510,2026/09/29 19:51:50.925,64.85,1976,76,0x0000000000000000,85.4
1790711520,2026/09/29 19:52:00.978,62.71,1976,76,0x0000000000000000,83.6
1790711531,2026/09/29 19:52:11.033,67.55,1976,77,0x0000000000000000,84.6
1790711541,2026/09/29 19:52:21.086,63.41,1976,76,0x0000000000000000,83.9
1790711551,2026/09/29 19:52:31.145,63.49,1976,76,0x0000000000000000,85.8
1790711561,2026/09/29 19:52:41.200,67.60,1976,77,0x0000000000000000,84.4
1790711571,2026/09/29 19:52:51.262,63.58,1976,76,0x0000000000000000,84.8
1790711581,2026/09/29 19:53:01.320,64.66,1976,77,0x0000000000000000,84.0
1790711591,2026/09/29 19:53:11.375,67.20,1976,76,0x0000000000000000,84.7
1790711601,2026/09/29 19:53:21.433,63.78,1976,76,0x0000000000000000,84.2
1790711611,2026/09/29 19:53:31.489,64.77,1976,77,0x0000000000000000,84.6
1790711621,2026/09/29 19:53:41.543,68.07,1976,76,0x0000000000000000,84.5
1790711631,2026/09/29 19:53:51.598,63.91,1976,76,0x0000000000000000,83.8
1790711641,2026/09/29 19:54:01.657,65.32,1976,77,0x0000000000000000,84.7
1790711651,2026/09/29 19:54:11.711,67.43,1976,75,0x0000000000000000,84.3
1790711661,2026/09/29 19:54:21.768,64.74,1976,76,0x0000000000000000,85.1
1790711671,2026/09/29 19:54:31.826,68.75,1976,77,0x0000000000000000,85.6
1790711681,2026/09/29 19:54:41.885,64.71,1976,76,0x0000000000000000,84.4
1790711691,2026/09/29 19:54:51.944,64.59,1976,75,0x0000000000000000,84.8
1790711702,2026/09/29 19:55:01.998,69.24,1976,77,0x0000000000000000,85.1
1790711712,2026/09/29 19:55:12.058,64.54,1976,76,0x0000000000000000,84.1
1790711722,2026/09/29 19:55:22.115,65.00,1976,76,0x0000000000000000,84.3
1790711732,2026/09/29 19:55:32.175,68.66,1976,77,0x0000000000000000,84.4
1790711742,2026/09/29 19:55:42.233,64.58,1976,76,0x0000000000000000,84.3
1790711752,2026/09/29 19:55:52.291,65.25,1976,77,0x0000000000000000,84.1
1790711762,2026/09/29 19:56:02.342,67.92,1976,76,0x0000000000000000,84.5
1790711772,2026/09/29 19:56:12.396,63.69,1976,76,0x0000000000000000,85.0
1790711782,2026/09/29 19:56:22.453,64.91,1976,77,0x0000000000000000,86.3
1790711792,2026/09/29 19:56:32.507,67.42,1976,76,0x0000000000000000,84.6
1790711802,2026/09/29 19:56:42.564,64.11,1976,77,0x0000000000000000,84.2
1790711812,2026/09/29 19:56:52.617,65.90,1976,77,0x0000000000000000,84.5
1790711822,2026/09/29 19:57:02.674,67.72,1976,76,0x0000000000000000,84.2
1790711832,2026/09/29 19:57:12.727,64.69,1976,76,0x0000000000000000,84.3
# end 1790711832 clean
# start 1790711854 2026-09-29T19:57:34Z host=spark-def3 driver=580.178.04 interval_s=10
1790711854,2026/09/29 19:57:34.041,64.62,1976,76,0x0000000000000000,84.2
1790711864,2026/09/29 19:57:44.093,65.89,1976,77,0x0000000000000000,84.8
1790711874,2026/09/29 19:57:54.150,70.28,1976,78,0x0000000000000000,86.3
1790711884,2026/09/29 19:58:04.201,72.01,1976,78,0x0000000000000000,86.7
1790711894,2026/09/29 19:58:14.253,72.10,1976,78,0x0000000000000000,87.1
1790711904,2026/09/29 19:58:24.307,68.75,1976,77,0x0000000000000000,86.3
1790711914,2026/09/29 19:58:34.362,71.83,1976,78,0x0000000000000000,86.7
1790711924,2026/09/29 19:58:44.424,68.13,1976,78,0x0000000000000000,86.6
1790711934,2026/09/29 19:58:54.478,68.96,1976,77,0x0000000000000000,85.8
1790711944,2026/09/29 19:59:04.530,70.18,1976,78,0x0000000000000000,86.9
1790711954,2026/09/29 19:59:14.591,68.33,1976,78,0x0000000000000000,86.2
1790711964,2026/09/29 19:59:24.647,67.83,1976,78,0x0000000000000000,86.9
1790711974,2026/09/29 19:59:34.705,68.07,1976,77,0x0000000000000000,86.5
1790711984,2026/09/29 19:59:44.759,68.93,1976,77,0x0000000000000000,86.5
1790711994,2026/09/29 19:59:54.812,68.86,1976,77,0x0000000000000000,86.6
1790712004,2026/09/29 20:00:04.863,63.80,1976,78,0x0000000000000000,85.4
1790712014,2026/09/29 20:00:14.917,69.21,1976,77,0x0000000000000000,86.5
1790712024,2026/09/29 20:00:24.973,71.63,1976,78,0x0000000000000000,85.8
1790712035,2026/09/29 20:00:35.030,69.52,1976,78,0x0000000000000000,86.8
1790712045,2026/09/29 20:00:45.082,69.04,1976,77,0x0000000000000000,86.5
1790712055,2026/09/29 20:00:55.137,67.90,1976,76,0x0000000000000000,85.8
1790712065,2026/09/29 20:01:05.195,71.35,1976,78,0x0000000000000000,87.0
1790712075,2026/09/29 20:01:15.246,67.78,1976,78,0x0000000000000000,86.6
1790712085,2026/09/29 20:01:25.301,69.07,1976,78,0x0000000000000000,87.1
1790712095,2026/09/29 20:01:35.353,68.21,1976,77,0x0000000000000000,86.6
1790712105,2026/09/29 20:01:45.403,71.45,1976,78,0x0000000000000000,86.6
1790712115,2026/09/29 20:01:55.462,68.13,1976,78,0x0000000000000000,86.6
1790712125,2026/09/29 20:02:05.512,71.63,1976,78,0x0000000000000000,87.4
1790712135,2026/09/29 20:02:15.563,68.58,1976,78,0x0000000000000000,86.6
1790712145,2026/09/29 20:02:25.617,71.83,1976,78,0x0000000000000000,87.4
1790712155,2026/09/29 20:02:35.670,68.70,1976,77,0x0000000000000000,86.5
1790712165,2026/09/29 20:02:45.724,67.70,1976,78,0x0000000000000000,86.4
1790712175,2026/09/29 20:02:55.777,71.76,1976,78,0x0000000000000000,87.5
1790712185,2026/09/29 20:03:05.847,71.23,1976,78,0x0000000000000000,87.1
1790712195,2026/09/29 20:03:15.903,68.81,1976,77,0x0000000000000000,86.1
1790712205,2026/09/29 20:03:25.955,71.51,1976,78,0x0000000000000000,86.9
1790712216,2026/09/29 20:03:36.005,68.63,1976,77,0x0000000000000000,86.4
1790712226,2026/09/29 20:03:46.061,68.52,1976,77,0x0000000000000000,86.4
1790712236,2026/09/29 20:03:56.115,71.44,1976,78,0x0000000000000000,86.6
1790712246,2026/09/29 20:04:06.181,71.09,1976,78,0x0000000000000000,87.3
1790712256,2026/09/29 20:04:16.244,68.19,1976,77,0x0000000000000000,86.6
1790712266,2026/09/29 20:04:26.309,69.89,1976,78,0x0000000000000000,86.5
1790712276,2026/09/29 20:04:36.361,71.31,1976,78,0x0000000000000000,86.8
1790712286,2026/09/29 20:04:46.418,68.51,1976,78,0x0000000000000000,86.6
1790712296,2026/09/29 20:04:56.467,69.48,1976,78,0x0000000000000000,86.2
1790712306,2026/09/29 20:05:06.537,69.15,1976,77,0x0000000000000000,85.9
1790712316,2026/09/29 20:05:16.592,72.14,1976,78,0x0000000000000000,87.1
1790712326,2026/09/29 20:05:26.647,69.75,1976,78,0x0000000000000000,86.1
1790712336,2026/09/29 20:05:36.703,68.59,1976,78,0x0000000000000000,86.6
1790712346,2026/09/29 20:05:46.758,69.75,1976,78,0x0000000000000000,86.1
1790712356,2026/09/29 20:05:56.812,71.56,1976,78,0x0000000000000000,86.2
1790712366,2026/09/29 20:06:06.869,71.21,1976,78,0x0000000000000000,86.6
1790712376,2026/09/29 20:06:16.924,71.58,1976,78,0x0000000000000000,86.8
1790712386,2026/09/29 20:06:26.984,67.73,1976,78,0x0000000000000000,86.5
1790712397,2026/09/29 20:06:37.037,71.97,1976,79,0x0000000000000000,87.3
1790712407,2026/09/29 20:06:47.087,71.97,1976,78,0x0000000000000000,87.0
1790712417,2026/09/29 20:06:57.137,68.19,1976,78,0x0000000000000000,86.5
1790712427,2026/09/29 20:07:07.190,69.21,1976,77,0x0000000000000000,86.5
1790712437,2026/09/29 20:07:17.244,69.34,1976,78,0x0000000000000000,86.0
1790712447,2026/09/29 20:07:27.296,71.61,1976,78,0x0000000000000000,86.7
1790712457,2026/09/29 20:07:37.350,71.61,1976,78,0x0000000000000000,86.8
1790712467,2026/09/29 20:07:47.405,68.38,1976,78,0x0000000000000000,86.0
1790712477,2026/09/29 20:07:57.458,70.44,1976,78,0x0000000000000000,86.5
1790712487,2026/09/29 20:08:07.511,71.65,1976,79,0x0000000000000000,86.9
1790712497,2026/09/29 20:08:17.567,69.94,1976,78,0x0000000000000000,86.7
1790712507,2026/09/29 20:08:27.625,70.30,1976,77,0x0000000000000000,86.6
1790712517,2026/09/29 20:08:37.678,70.22,1976,78,0x0000000000000000,86.6
1790712527,2026/09/29 20:08:47.730,67.96,1976,78,0x0000000000000000,86.7
1790712537,2026/09/29 20:08:57.785,70.04,1976,77,0x0000000000000000,86.7
1790712547,2026/09/29 20:09:07.842,71.54,1976,78,0x0000000000000000,86.5
1790712557,2026/09/29 20:09:17.898,69.45,1976,78,0x0000000000000000,86.8
1790712567,2026/09/29 20:09:27.952,69.70,1976,78,0x0000000000000000,86.7
1790712578,2026/09/29 20:09:38.006,69.95,1976,78,0x0000000000000000,86.9
1790712588,2026/09/29 20:09:48.058,71.72,1976,78,0x0000000000000000,86.3
1790712598,2026/09/29 20:09:58.114,69.57,1976,78,0x0000000000000000,86.8
1790712608,2026/09/29 20:10:08.168,68.71,1976,77,0x0000000000000000,86.2
1790712618,2026/09/29 20:10:18.225,69.97,1976,78,0x0000000000000000,86.4
1790712628,2026/09/29 20:10:28.283,71.54,1976,79,0x0000000000000000,86.7
1790712638,2026/09/29 20:10:38.338,69.37,1976,78,0x0000000000000000,86.6
1790712648,2026/09/29 20:10:48.390,68.60,1976,77,0x0000000000000000,86.4
1790712658,2026/09/29 20:10:58.443,63.76,1976,78,0x0000000000000000,85.3
1790712668,2026/09/29 20:11:08.500,71.20,1976,78,0x0000000000000000,86.6
1790712678,2026/09/29 20:11:18.550,68.50,1976,77,0x0000000000000000,86.3
1790712688,2026/09/29 20:11:28.604,71.86,1976,79,0x0000000000000000,86.6
1790712698,2026/09/29 20:11:38.664,67.38,1976,78,0x0000000000000000,86.3
1790712708,2026/09/29 20:11:48.719,67.93,1976,78,0x0000000000000000,86.6
1790712718,2026/09/29 20:11:58.770,67.99,1976,77,0x0000000000000000,86.4
1790712728,2026/09/29 20:12:08.822,71.62,1976,78,0x0000000000000000,86.1
1790712738,2026/09/29 20:12:18.874,69.28,1976,78,0x0000000000000000,86.5
1790712748,2026/09/29 20:12:28.927,71.46,1976,78,0x0000000000000000,86.4
1790712758,2026/09/29 20:12:38.978,71.02,1976,78,0x0000000000000000,86.4
1790712769,2026/09/29 20:12:49.032,71.64,1976,78,0x0000000000000000,86.3
1790712779,2026/09/29 20:12:59.088,67.58,1976,78,0x0000000000000000,86.2
1790712789,2026/09/29 20:13:09.143,69.57,1976,78,0x0000000000000000,86.1
1790712799,2026/09/29 20:13:19.199,71.43,1976,78,0x0000000000000000,86.4
1790712809,2026/09/29 20:13:29.258,70.34,1976,78,0x0000000000000000,86.1
1790712819,2026/09/29 20:13:39.309,70.20,1976,78,0x0000000000000000,86.8
1790712829,2026/09/29 20:13:49.360,71.78,1976,78,0x0000000000000000,86.2
1790712839,2026/09/29 20:13:59.413,69.15,1976,77,0x0000000000000000,86.9
1790712849,2026/09/29 20:14:09.465,67.90,1976,78,0x0000000000000000,86.4
1790712859,2026/09/29 20:14:19.517,68.66,1976,77,0x0000000000000000,86.0
1790712869,2026/09/29 20:14:29.573,71.35,1976,78,0x0000000000000000,86.7
1790712879,2026/09/29 20:14:39.622,70.45,1976,78,0x0000000000000000,87.1
1790712889,2026/09/29 20:14:49.675,70.36,1976,78,0x0000000000000000,86.6
1790712899,2026/09/29 20:14:59.732,69.51,1976,78,0x0000000000000000,86.5
1790712909,2026/09/29 20:15:09.789,68.93,1976,77,0x0000000000000000,86.4
1790712919,2026/09/29 20:15:19.843,71.85,1976,78,0x0000000000000000,86.4
1790712929,2026/09/29 20:15:29.901,69.68,1976,78,0x0000000000000000,86.7
1790712939,2026/09/29 20:15:39.954,68.51,1976,78,0x0000000000000000,86.8
1790712950,2026/09/29 20:15:50.008,69.78,1976,78,0x0000000000000000,86.7
1790712960,2026/09/29 20:16:00.062,71.95,1976,78,0x0000000000000000,86.7
1790712970,2026/09/29 20:16:10.112,68.79,1976,77,0x0000000000000000,86.4
1790712980,2026/09/29 20:16:20.163,72.01,1976,78,0x0000000000000000,87.4
1790712990,2026/09/29 20:16:30.214,68.98,1976,78,0x0000000000000000,86.7
1790713000,2026/09/29 20:16:40.267,72.18,1976,79,0x0000000000000000,86.6
1790713010,2026/09/29 20:16:50.318,68.82,1976,78,0x0000000000000000,86.6
1790713020,2026/09/29 20:17:00.371,61.00,1976,77,0x0000000000000000,85.6
1790713030,2026/09/29 20:17:10.425,71.92,1976,78,0x0000000000000000,86.2
1790713040,2026/09/29 20:17:20.479,71.91,1976,78,0x0000000000000000,86.6
1790713050,2026/09/29 20:17:30.535,71.34,1976,78,0x0000000000000000,86.8
1790713060,2026/09/29 20:17:40.590,68.72,1976,77,0x0000000000000000,86.0
1790713070,2026/09/29 20:17:50.646,70.82,1976,78,0x0000000000000000,86.4
1790713080,2026/09/29 20:18:00.700,67.79,1976,78,0x0000000000000000,86.5
1790713090,2026/09/29 20:18:10.753,69.22,1976,78,0x0000000000000000,86.3
1790713100,2026/09/29 20:18:20.810,68.86,1976,77,0x0000000000000000,86.4
1790713110,2026/09/29 20:18:30.874,71.94,1976,78,0x0000000000000000,86.1
1790713120,2026/09/29 20:18:40.928,71.72,1976,78,0x0000000000000000,86.5
1790713130,2026/09/29 20:18:50.985,69.51,1976,78,0x0000000000000000,86.4
1790713141,2026/09/29 20:19:01.036,68.85,1976,78,0x0000000000000000,86.2
1790713151,2026/09/29 20:19:11.091,68.32,1976,77,0x0000000000000000,85.8
1790713161,2026/09/29 20:19:21.144,71.02,1976,78,0x0000000000000000,86.3
1790713171,2026/09/29 20:19:31.200,68.62,1976,78,0x0000000000000000,86.0
1790713181,2026/09/29 20:19:41.253,68.70,1976,77,0x0000000000000000,85.9
1790713191,2026/09/29 20:19:51.305,71.27,1976,78,0x0000000000000000,86.3
1790713201,2026/09/29 20:20:01.356,67.69,1976,78,0x0000000000000000,86.4
1790713211,2026/09/29 20:20:11.412,63.98,1976,77,0x0000000000000000,84.7
1790713221,2026/09/29 20:20:21.472,69.18,1976,77,0x0000000000000000,86.0
1790713231,2026/09/29 20:20:31.529,71.49,1976,79,0x0000000000000000,86.7
1790713241,2026/09/29 20:20:41.587,68.97,1976,78,0x0000000000000000,86.8
1790713251,2026/09/29 20:20:51.638,70.64,1976,78,0x0000000000000000,87.3
1790713261,2026/09/29 20:21:01.689,67.71,1976,79,0x0000000000000000,86.4
1790713271,2026/09/29 20:21:11.751,68.98,1976,78,0x0000000000000000,86.8
1790713281,2026/09/29 20:21:21.807,60.98,1976,77,0x0000000000000000,85.3
1790713291,2026/09/29 20:21:31.859,71.57,1976,78,0x0000000000000000,86.2
1790713301,2026/09/29 20:21:41.914,67.92,1976,78,0x0000000000000000,86.4
1790713311,2026/09/29 20:21:51.970,71.63,1976,78,0x0000000000000000,87.1
1790713322,2026/09/29 20:22:02.024,68.63,1976,78,0x0000000000000000,86.1
1790713332,2026/09/29 20:22:12.078,64.00,1976,78,0x0000000000000000,85.7
1790713342,2026/09/29 20:22:22.129,69.05,1976,77,0x0000000000000000,86.0
1790713352,2026/09/29 20:22:32.179,70.79,1976,78,0x0000000000000000,86.5
1790713362,2026/09/29 20:22:42.229,71.89,1976,78,0x0000000000000000,86.9
1790713372,2026/09/29 20:22:52.284,68.14,1976,78,0x0000000000000000,86.3
1790713382,2026/09/29 20:23:02.334,70.07,1976,78,0x0000000000000000,86.4
1790713392,2026/09/29 20:23:12.385,71.48,1976,78,0x0000000000000000,86.6
1790713402,2026/09/29 20:23:22.442,60.88,1976,78,0x0000000000000000,85.9
1790713412,2026/09/29 20:23:32.496,63.58,1976,77,0x0000000000000000,85.0
1790713422,2026/09/29 20:23:42.546,69.83,1976,77,0x0000000000000000,86.3
1790713432,2026/09/29 20:23:52.596,71.77,1976,78,0x0000000000000000,86.3
1790713442,2026/09/29 20:24:02.659,68.77,1976,78,0x0000000000000000,86.1
1790713452,2026/09/29 20:24:12.713,69.18,1976,77,0x0000000000000000,86.0
1790713462,2026/09/29 20:24:22.767,71.52,1976,78,0x0000000000000000,86.3
1790713472,2026/09/29 20:24:32.819,69.42,1976,78,0x0000000000000000,86.3
1790713482,2026/09/29 20:24:42.871,70.06,1976,78,0x0000000000000000,84.3
1790713492,2026/09/29 20:24:52.929,72.26,1976,78,0x0000000000000000,86.7
1790713502,2026/09/29 20:25:02.982,72.03,1976,78,0x0000000000000000,86.2
1790713513,2026/09/29 20:25:13.035,69.32,1976,78,0x0000000000000000,86.5
1790713523,2026/09/29 20:25:23.085,68.71,1976,78,0x0000000000000000,86.2
1790713533,2026/09/29 20:25:33.138,68.26,1976,77,0x0000000000000000,85.8
1790713543,2026/09/29 20:25:43.196,71.77,1976,78,0x0000000000000000,86.3
1790713553,2026/09/29 20:25:53.248,69.15,1976,78,0x0000000000000000,86.4
1790713563,2026/09/29 20:26:03.300,68.99,1976,77,0x0000000000000000,86.4
1790713573,2026/09/29 20:26:13.351,70.93,1976,78,0x0000000000000000,86.3
1790713583,2026/09/29 20:26:23.414,72.06,1976,78,0x0000000000000000,86.7
1790713593,2026/09/29 20:26:33.466,71.63,1976,78,0x0000000000000000,86.0
1790713603,2026/09/29 20:26:43.521,68.40,1976,78,0x0000000000000000,86.8
1790713613,2026/09/29 20:26:53.576,67.99,1976,78,0x0000000000000000,86.4
1790713623,2026/09/29 20:27:03.632,68.85,1976,77,0x0000000000000000,85.9
1790713633,2026/09/29 20:27:13.684,62.67,1976,78,0x0000000000000000,85.5
1790713643,2026/09/29 20:27:23.738,71.86,1976,78,0x0000000000000000,86.9
1790713653,2026/09/29 20:27:33.793,69.73,1976,78,0x0000000000000000,86.3
1790713663,2026/09/29 20:27:43.847,71.68,1976,78,0x0000000000000000,86.4
1790713673,2026/09/29 20:27:53.903,68.00,1976,78,0x0000000000000000,86.4
1790713683,2026/09/29 20:28:03.959,69.71,1976,78,0x0000000000000000,86.5
1790713694,2026/09/29 20:28:14.014,71.85,1976,79,0x0000000000000000,86.3
1790713704,2026/09/29 20:28:24.073,67.73,1976,78,0x0000000000000000,86.1
1790713714,2026/09/29 20:28:34.125,68.75,1976,77,0x0000000000000000,86.0
1790713724,2026/09/29 20:28:44.177,71.94,1976,78,0x0000000000000000,86.7
1790713734,2026/09/29 20:28:54.232,69.70,1976,78,0x0000000000000000,86.2
1790713744,2026/09/29 20:29:04.290,68.85,1976,77,0x0000000000000000,86.0
1790713754,2026/09/29 20:29:14.344,71.76,1976,78,0x0000000000000000,86.3
1790713764,2026/09/29 20:29:24.394,69.05,1976,78,0x0000000000000000,86.4
1790713774,2026/09/29 20:29:34.452,68.41,1976,77,0x0000000000000000,85.8
1790713784,2026/09/29 20:29:44.512,71.45,1976,78,0x0000000000000000,86.2
1790713794,2026/09/29 20:29:54.564,69.82,1976,78,0x0000000000000000,86.5
1790713804,2026/09/29 20:30:04.618,68.08,1976,78,0x0000000000000000,86.1
1790713814,2026/09/29 20:30:14.673,69.36,1976,77,0x0000000000000000,85.8
1790713824,2026/09/29 20:30:24.729,71.92,1976,78,0x0000000000000000,86.6
1790713834,2026/09/29 20:30:34.782,67.28,1976,78,0x0000000000000000,85.7
1790713844,2026/09/29 20:30:44.831,69.91,1976,78,0x0000000000000000,86.8
1790713854,2026/09/29 20:30:54.887,68.66,1976,77,0x0000000000000000,86.3
1790713864,2026/09/29 20:31:04.941,72.10,1976,79,0x0000000000000000,86.2
1790713875,2026/09/29 20:31:14.996,70.66,1976,78,0x0000000000000000,86.7
1790713885,2026/09/29 20:31:25.052,69.05,1976,77,0x0000000000000000,86.3
1790713895,2026/09/29 20:31:35.106,68.85,1976,77,0x0000000000000000,86.2
1790713905,2026/09/29 20:31:45.158,71.73,1976,78,0x0000000000000000,86.8
1790713915,2026/09/29 20:31:55.212,69.11,1976,77,0x0000000000000000,85.9
1790713925,2026/09/29 20:32:05.264,71.82,1976,78,0x0000000000000000,86.5
1790713935,2026/09/29 20:32:15.323,67.87,1976,78,0x0000000000000000,86.3
1790713945,2026/09/29 20:32:25.382,69.18,1976,77,0x0000000000000000,86.3
1790713955,2026/09/29 20:32:35.438,71.80,1976,78,0x0000000000000000,86.1
1790713965,2026/09/29 20:32:45.493,69.74,1976,78,0x0000000000000000,86.6
1790713975,2026/09/29 20:32:55.546,68.94,1976,77,0x0000000000000000,86.4
1790713985,2026/09/29 20:33:05.603,71.24,1976,78,0x0000000000000000,85.8
1790713995,2026/09/29 20:33:15.659,70.90,1976,78,0x0000000000000000,86.3
1790714005,2026/09/29 20:33:25.712,68.23,1976,78,0x0000000000000000,86.2
1790714015,2026/09/29 20:33:35.766,68.94,1976,77,0x0000000000000000,85.9
1790714025,2026/09/29 20:33:45.824,71.19,1976,78,0x0000000000000000,86.2
1790714035,2026/09/29 20:33:55.886,68.43,1976,78,0x0000000000000000,86.2
1790714045,2026/09/29 20:34:05.940,68.79,1976,76,0x0000000000000000,86.0
1790714056,2026/09/29 20:34:15.992,70.93,1976,78,0x0000000000000000,86.3
1790714066,2026/09/29 20:34:26.050,71.69,1976,78,0x0000000000000000,86.3
1790714076,2026/09/29 20:34:36.105,68.28,1976,78,0x0000000000000000,86.4
1790714086,2026/09/29 20:34:46.159,72.20,1976,78,0x0000000000000000,86.8
1790714096,2026/09/29 20:34:56.214,71.41,1976,79,0x0000000000000000,86.8
1790714106,2026/09/29 20:35:06.270,71.32,1976,78,0x0000000000000000,86.6
1790714116,2026/09/29 20:35:16.325,68.69,1976,77,0x0000000000000000,85.8
1790714126,2026/09/29 20:35:26.377,72.18,1976,78,0x0000000000000000,86.6
1790714136,2026/09/29 20:35:36.433,67.82,1976,78,0x0000000000000000,86.3
1790714146,2026/09/29 20:35:46.486,69.63,1976,78,0x0000000000000000,86.8
1790714156,2026/09/29 20:35:56.539,71.24,1976,78,0x0000000000000000,86.7
1790714166,2026/09/29 20:36:06.594,68.76,1976,78,0x0000000000000000,86.6
1790714176,2026/09/29 20:36:16.648,68.40,1976,78,0x0000000000000000,86.2
1790714186,2026/09/29 20:36:26.703,68.60,1976,77,0x0000000000000000,85.7
1790714196,2026/09/29 20:36:36.760,71.28,1976,78,0x0000000000000000,86.3
1790714206,2026/09/29 20:36:46.813,68.26,1976,78,0x0000000000000000,86.3
1790714216,2026/09/29 20:36:56.869,68.41,1976,76,0x0000000000000000,85.7
1790714226,2026/09/29 20:37:06.924,71.12,1976,78,0x0000000000000000,86.4
1790714236,2026/09/29 20:37:16.981,70.21,1976,78,0x0000000000000000,86.5
1790714247,2026/09/29 20:37:27.035,68.71,1976,77,0x0000000000000000,86.3
1790714257,2026/09/29 20:37:37.101,68.01,1976,78,0x0000000000000000,86.3
1790714267,2026/09/29 20:37:47.153,72.02,1976,78,0x0000000000000000,86.7
1790714277,2026/09/29 20:37:57.210,69.12,1976,77,0x0000000000000000,86.1
1790714287,2026/09/29 20:38:07.269,71.00,1976,78,0x0000000000000000,86.5
1790714297,2026/09/29 20:38:17.326,72.08,1976,78,0x0000000000000000,86.7
1790714307,2026/09/29 20:38:27.376,68.02,1976,78,0x0000000000000000,86.4
1790714317,2026/09/29 20:38:37.427,69.54,1976,78,0x0000000000000000,86.2
1790714327,2026/09/29 20:38:47.481,72.01,1976,78,0x0000000000000000,86.7
1790714337,2026/09/29 20:38:57.536,69.15,1976,77,0x0000000000000000,86.3
1790714347,2026/09/29 20:39:07.586,71.80,1976,78,0x0000000000000000,86.4
1790714357,2026/09/29 20:39:17.636,68.94,1976,77,0x0000000000000000,86.1
1790714367,2026/09/29 20:39:27.689,68.70,1976,76,0x0000000000000000,85.8
1790714377,2026/09/29 20:39:37.748,72.04,1976,78,0x0000000000000000,87.3
1790714387,2026/09/29 20:39:47.807,71.08,1976,79,0x0000000000000000,86.7
1790714397,2026/09/29 20:39:57.857,68.99,1976,78,0x0000000000000000,86.2
1790714407,2026/09/29 20:40:07.910,68.81,1976,77,0x0000000000000000,86.3
1790714417,2026/09/29 20:40:17.961,69.04,1976,77,0x0000000000000000,85.7
1790714428,2026/09/29 20:40:28.017,69.79,1976,78,0x0000000000000000,85.9
1790714438,2026/09/29 20:40:38.084,69.74,1976,78,0x0000000000000000,86.4
1790714448,2026/09/29 20:40:48.144,70.64,1976,78,0x0000000000000000,86.5
1790714458,2026/09/29 20:40:58.198,68.83,1976,77,0x0000000000000000,85.9
1790714468,2026/09/29 20:41:08.251,72.00,1976,78,0x0000000000000000,86.5
1790714478,2026/09/29 20:41:18.307,69.51,1976,78,0x0000000000000000,86.3
1790714488,2026/09/29 20:41:28.361,68.14,1976,78,0x0000000000000000,86.2
1790714498,2026/09/29 20:41:38.416,71.88,1976,78,0x0000000000000000,86.6
1790714508,2026/09/29 20:41:48.474,70.70,1976,79,0x0000000000000000,86.7
1790714518,2026/09/29 20:41:58.527,71.91,1976,78,0x0000000000000000,86.4
1790714528,2026/09/29 20:42:08.580,68.52,1976,78,0x0000000000000000,86.4
1790714538,2026/09/29 20:42:18.634,72.37,1976,79,0x0000000000000000,86.7
1790714548,2026/09/29 20:42:28.691,71.22,1976,78,0x0000000000000000,86.4
1790714558,2026/09/29 20:42:38.746,69.10,1976,78,0x0000000000000000,86.3
1790714568,2026/09/29 20:42:48.800,68.24,1976,78,0x0000000000000000,86.5
1790714578,2026/09/29 20:42:58.851,63.70,1976,78,0x0000000000000000,85.6
1790714588,2026/09/29 20:43:08.908,68.41,1976,78,0x0000000000000000,86.2
1790714598,2026/09/29 20:43:18.961,69.20,1976,77,0x0000000000000000,86.2
1790714609,2026/09/29 20:43:29.016,71.47,1976,78,0x0000000000000000,86.1
1790714619,2026/09/29 20:43:39.077,69.17,1976,77,0x0000000000000000,86.3
1790714629,2026/09/29 20:43:49.133,71.61,1976,78,0x0000000000000000,85.9
1790714639,2026/09/29 20:43:59.185,68.31,1976,77,0x0000000000000000,86.3
1790714649,2026/09/29 20:44:09.237,71.11,1976,78,0x0000000000000000,86.4
1790714659,2026/09/29 20:44:19.289,67.78,1976,78,0x0000000000000000,86.2
1790714669,2026/09/29 20:44:29.342,68.43,1976,77,0x0000000000000000,85.7
1790714679,2026/09/29 20:44:39.394,71.72,1976,78,0x0000000000000000,86.8
1790714689,2026/09/29 20:44:49.452,68.54,1976,78,0x0000000000000000,86.4
1790714699,2026/09/29 20:44:59.506,68.13,1976,77,0x0000000000000000,86.0
1790714709,2026/09/29 20:45:09.558,68.78,1976,78,0x0000000000000000,86.1
1790714719,2026/09/29 20:45:19.616,63.33,1976,78,0x0000000000000000,85.7
1790714729,2026/09/29 20:45:29.671,71.22,1976,78,0x0000000000000000,86.1
1790714739,2026/09/29 20:45:39.728,71.75,1976,78,0x0000000000000000,86.5
1790714749,2026/09/29 20:45:49.779,67.29,1976,78,0x0000000000000000,86.2
1790714759,2026/09/29 20:45:59.832,71.12,1976,79,0x0000000000000000,86.5
1790714769,2026/09/29 20:46:09.890,67.41,1976,78,0x0000000000000000,86.2
1790714779,2026/09/29 20:46:19.945,68.61,1976,78,0x0000000000000000,86.5
1790714790,2026/09/29 20:46:29.997,68.94,1976,77,0x0000000000000000,86.2
1790714800,2026/09/29 20:46:40.048,71.85,1976,78,0x0000000000000000,86.1
1790714810,2026/09/29 20:46:50.102,69.75,1976,78,0x0000000000000000,86.6
1790714820,2026/09/29 20:47:00.156,71.97,1976,78,0x0000000000000000,86.4
1790714830,2026/09/29 20:47:10.206,68.00,1976,78,0x0000000000000000,86.3
1790714840,2026/09/29 20:47:20.258,68.24,1976,78,0x0000000000000000,85.9
1790714850,2026/09/29 20:47:30.311,71.18,1976,78,0x0000000000000000,86.8
1790714860,2026/09/29 20:47:40.367,71.36,1976,78,0x0000000000000000,86.2
1790714870,2026/09/29 20:47:50.420,69.40,1976,78,0x0000000000000000,86.5
1790714880,2026/09/29 20:48:00.472,71.99,1976,78,0x0000000000000000,86.2
1790714890,2026/09/29 20:48:10.522,68.74,1976,78,0x0000000000000000,86.1
1790714900,2026/09/29 20:48:20.579,71.18,1976,78,0x0000000000000000,86.1
1790714910,2026/09/29 20:48:30.634,71.77,1976,78,0x0000000000000000,85.9
1790714920,2026/09/29 20:48:40.695,71.41,1976,78,0x0000000000000000,86.1
1790714930,2026/09/29 20:48:50.751,72.03,1976,78,0x0000000000000000,86.7
1790714940,2026/09/29 20:49:00.807,67.71,1976,78,0x0000000000000000,86.3
1790714950,2026/09/29 20:49:10.859,68.58,1976,77,0x0000000000000000,85.6
1790714960,2026/09/29 20:49:20.911,71.99,1976,79,0x0000000000000000,86.5
1790714970,2026/09/29 20:49:30.969,68.11,1976,78,0x0000000000000000,86.0
1790714981,2026/09/29 20:49:41.029,68.81,1976,77,0x0000000000000000,86.1
1790714991,2026/09/29 20:49:51.084,67.33,1976,78,0x0000000000000000,85.6
1790715001,2026/09/29 20:50:01.138,68.09,1976,78,0x0000000000000000,86.4
1790715011,2026/09/29 20:50:11.192,68.39,1976,76,0x0000000000000000,86.0
1790715021,2026/09/29 20:50:21.248,68.78,1976,78,0x0000000000000000,86.4
1790715031,2026/09/29 20:50:31.301,71.32,1976,78,0x0000000000000000,86.3
1790715041,2026/09/29 20:50:41.361,67.95,1976,78,0x0000000000000000,86.0
1790715051,2026/09/29 20:50:51.418,69.45,1976,77,0x0000000000000000,86.2
1790715061,2026/09/29 20:51:01.469,71.54,1976,78,0x0000000000000000,86.3
1790715071,2026/09/29 20:51:11.527,68.21,1976,78,0x0000000000000000,86.3
1790715081,2026/09/29 20:51:21.581,61.13,1976,70,0x0000000000000000,84.3
1790715091,2026/09/29 20:51:31.639,67.77,1976,78,0x0000000000000000,86.3
1790715101,2026/09/29 20:51:41.693,69.00,1976,77,0x0000000000000000,85.9
1790715111,2026/09/29 20:51:51.745,71.98,1976,78,0x0000000000000000,86.8
1790715121,2026/09/29 20:52:01.800,71.15,1976,78,0x0000000000000000,86.4
1790715131,2026/09/29 20:52:11.860,68.08,1976,78,0x0000000000000000,86.0
1790715141,2026/09/29 20:52:21.926,71.89,1976,78,0x0000000000000000,86.8
1790715151,2026/09/29 20:52:31.981,68.59,1976,77,0x0000000000000000,85.9
1790715162,2026/09/29 20:52:42.032,71.93,1976,78,0x0000000000000000,86.5
1790715172,2026/09/29 20:52:52.092,68.38,1976,78,0x0000000000000000,86.3
1790715182,2026/09/29 20:53:02.153,63.10,1976,78,0x0000000000000000,85.5
1790715192,2026/09/29 20:53:12.206,71.83,1976,78,0x0000000000000000,86.7
1790715202,2026/09/29 20:53:22.259,68.53,1976,78,0x0000000000000000,86.4
1790715212,2026/09/29 20:53:32.312,71.80,1976,78,0x0000000000000000,86.7
1790715222,2026/09/29 20:53:42.368,71.86,1976,78,0x0000000000000000,86.5
1790715232,2026/09/29 20:53:52.427,68.14,1976,78,0x0000000000000000,86.3
1790715242,2026/09/29 20:54:02.481,70.16,1976,78,0x0000000000000000,86.2
1790715252,2026/09/29 20:54:12.534,71.54,1976,78,0x0000000000000000,86.2
1790715262,2026/09/29 20:54:22.595,67.90,1976,78,0x0000000000000000,86.3
1790715272,2026/09/29 20:54:32.650,70.08,1976,78,0x0000000000000000,86.2
1790715282,2026/09/29 20:54:42.705,71.93,1976,78,0x0000000000000000,85.9
1790715292,2026/09/29 20:54:52.761,68.00,1976,78,0x0000000000000000,86.3
1790715302,2026/09/29 20:55:02.817,69.79,1976,78,0x0000000000000000,86.1
1790715312,2026/09/29 20:55:12.871,68.57,1976,77,0x0000000000000000,85.7
1790715322,2026/09/29 20:55:22.925,71.35,1976,78,0x0000000000000000,86.2
1790715332,2026/09/29 20:55:32.981,70.24,1976,78,0x0000000000000000,86.3
1790715343,2026/09/29 20:55:43.037,71.84,1976,78,0x0000000000000000,86.1
1790715353,2026/09/29 20:55:53.091,68.43,1976,77,0x0000000000000000,86.3
1790715363,2026/09/29 20:56:03.144,71.38,1976,78,0x0000000000000000,86.2
1790715373,2026/09/29 20:56:13.197,69.95,1976,78,0x0000000000000000,86.4
1790715383,2026/09/29 20:56:23.257,68.57,1976,77,0x0000000000000000,86.2
1790715393,2026/09/29 20:56:33.313,69.00,1976,78,0x0000000000000000,86.5
1790715403,2026/09/29 20:56:43.376,67.68,1976,78,0x0000000000000000,86.1
1790715413,2026/09/29 20:56:53.424,71.40,1976,78,0x0000000000000000,86.6
1790715423,2026/09/29 20:57:03.480,67.80,1976,78,0x0000000000000000,86.1
1790715433,2026/09/29 20:57:13.534,67.88,1976,78,0x0000000000000000,86.0
1790715443,2026/09/29 20:57:23.588,71.54,1976,78,0x0000000000000000,86.8
1790715453,2026/09/29 20:57:33.643,67.82,1976,78,0x0000000000000000,86.3
1790715463,2026/09/29 20:57:43.701,68.72,1976,77,0x0000000000000000,86.0
1790715473,2026/09/29 20:57:53.759,68.63,1976,77,0x0000000000000000,86.4
1790715483,2026/09/29 20:58:03.814,71.78,1976,78,0x0000000000000000,86.2
1790715493,2026/09/29 20:58:13.868,71.11,1976,78,0x0000000000000000,85.9
1790715503,2026/09/29 20:58:23.918,71.80,1976,78,0x0000000000000000,86.8
1790715513,2026/09/29 20:58:33.974,71.00,1976,78,0x0000000000000000,86.2
1790715524,2026/09/29 20:58:44.032,67.98,1976,78,0x0000000000000000,86.2
1790715534,2026/09/29 20:58:54.084,70.78,1976,78,0x0000000000000000,86.4
1790715544,2026/09/29 20:59:04.138,68.22,1976,78,0x0000000000000000,86.2
1790715554,2026/09/29 20:59:14.193,71.71,1976,78,0x0000000000000000,86.6
1790715564,2026/09/29 20:59:24.246,67.86,1976,78,0x0000000000000000,86.5
1790715574,2026/09/29 20:59:34.299,70.42,1976,78,0x0000000000000000,86.4
1790715584,2026/09/29 20:59:44.356,70.47,1976,78,0x0000000000000000,86.3
1790715594,2026/09/29 20:59:54.410,71.96,1976,79,0x0000000000000000,86.8
1790715604,2026/09/29 21:00:04.467,63.32,1976,78,0x0000000000000000,84.9
1790715614,2026/09/29 21:00:14.522,69.46,1976,78,0x0000000000000000,86.4
1790715624,2026/09/29 21:00:24.577,71.14,1976,78,0x0000000000000000,86.5
1790715634,2026/09/29 21:00:34.632,68.52,1976,77,0x0000000000000000,86.1
1790715644,2026/09/29 21:00:44.687,68.44,1976,77,0x0000000000000000,86.0
1790715654,2026/09/29 21:00:54.743,70.82,1976,78,0x0000000000000000,86.1
1790715664,2026/09/29 21:01:04.799,70.40,1976,78,0x0000000000000000,86.5
1790715674,2026/09/29 21:01:14.854,71.37,1976,78,0x0000000000000000,86.0
1790715684,2026/09/29 21:01:24.908,68.02,1976,78,0x0000000000000000,86.2
1790715694,2026/09/29 21:01:34.963,72.07,1976,78,0x0000000000000000,87.3
1790715705,2026/09/29 21:01:45.018,70.53,1976,78,0x0000000000000000,86.4
1790715715,2026/09/29 21:01:55.074,71.71,1976,78,0x0000000000000000,86.5
1790715725,2026/09/29 21:02:05.128,71.41,1976,78,0x0000000000000000,86.5
1790715735,2026/09/29 21:02:15.181,67.75,1976,78,0x0000000000000000,86.2
1790715745,2026/09/29 21:02:25.235,68.22,1976,77,0x0000000000000000,86.1
1790715755,2026/09/29 21:02:35.289,71.63,1976,78,0x0000000000000000,86.7
1790715765,2026/09/29 21:02:45.347,64.57,1976,76,0x0000000000000000,85.7
1790715775,2026/09/29 21:02:55.399,72.01,1976,78,0x0000000000000000,86.5
1790715785,2026/09/29 21:03:05.456,71.18,1976,78,0x0000000000000000,86.5
1790715795,2026/09/29 21:03:15.510,68.60,1976,78,0x0000000000000000,86.2
1790715805,2026/09/29 21:03:25.565,71.76,1976,78,0x0000000000000000,86.6
1790715815,2026/09/29 21:03:35.619,67.58,1976,78,0x0000000000000000,86.2
1790715825,2026/09/29 21:03:45.674,71.74,1976,78,0x0000000000000000,86.6
1790715835,2026/09/29 21:03:55.724,70.47,1976,78,0x0000000000000000,86.5
1790715845,2026/09/29 21:04:05.777,68.50,1976,77,0x0000000000000000,86.0
1790715855,2026/09/29 21:04:15.838,63.50,1976,78,0x0000000000000000,85.7
1790715865,2026/09/29 21:04:25.892,71.74,1976,78,0x0000000000000000,86.7
1790715875,2026/09/29 21:04:35.944,71.89,1976,78,0x0000000000000000,86.7
1790715886,2026/09/29 21:04:45.996,71.43,1976,78,0x0000000000000000,86.3
1790715896,2026/09/29 21:04:56.050,69.16,1976,77,0x0000000000000000,86.1
1790715906,2026/09/29 21:05:06.102,69.88,1976,78,0x0000000000000000,86.1
1790715916,2026/09/29 21:05:16.159,71.36,1976,78,0x0000000000000000,86.1
1790715926,2026/09/29 21:05:26.213,71.60,1976,78,0x0000000000000000,86.7
1790715936,2026/09/29 21:05:36.269,67.76,1976,78,0x0000000000000000,86.0
1790715946,2026/09/29 21:05:46.320,68.95,1976,77,0x0000000000000000,85.8
1790715956,2026/09/29 21:05:56.373,70.56,1976,78,0x0000000000000000,86.4
1790715966,2026/09/29 21:06:06.426,71.54,1976,78,0x0000000000000000,86.3
1790715976,2026/09/29 21:06:16.478,68.74,1976,78,0x0000000000000000,86.2
1790715986,2026/09/29 21:06:26.531,69.40,1976,77,0x0000000000000000,86.1
1790715996,2026/09/29 21:06:36.588,69.18,1976,78,0x0000000000000000,86.4
1790716006,2026/09/29 21:06:46.643,69.27,1976,77,0x0000000000000000,86.2
1790716016,2026/09/29 21:06:56.696,72.20,1976,78,0x0000000000000000,86.7
1790716026,2026/09/29 21:07:06.747,71.22,1976,78,0x0000000000000000,86.0
1790716036,2026/09/29 21:07:16.805,70.79,1976,78,0x0000000000000000,86.6
1790716046,2026/09/29 21:07:26.858,71.38,1976,78,0x0000000000000000,85.8
1790716056,2026/09/29 21:07:36.913,64.78,1976,77,0x0000000000000000,84.9
1790716066,2026/09/29 21:07:46.975,68.29,1976,78,0x0000000000000000,85.3
1790716077,2026/09/29 21:07:57.032,63.71,1976,76,0x0000000000000000,84.4
1790716087,2026/09/29 21:08:07.086,64.61,1976,77,0x0000000000000000,84.0
1790716097,2026/09/29 21:08:17.138,68.42,1976,76,0x0000000000000000,85.5
1790716107,2026/09/29 21:08:27.191,64.83,1976,76,0x0000000000000000,84.5
1790716117,2026/09/29 21:08:37.246,64.76,1976,76,0x0000000000000000,84.4
1790716127,2026/09/29 21:08:47.299,64.36,1976,76,0x0000000000000000,84.1
1790716137,2026/09/29 21:08:57.350,71.67,1976,78,0x0000000000000000,86.0
1790716147,2026/09/29 21:09:07.405,64.45,1976,77,0x0000000000000000,84.1
1790716157,2026/09/29 21:09:17.464,72.94,2086,79,0x0000000000000000,86.6
1790716167,2026/09/29 21:09:27.527,73.53,2086,78,0x0000000000000000,86.7
1790716177,2026/09/29 21:09:37.584,70.76,2086,78,0x0000000000000000,86.4
1790716187,2026/09/29 21:09:47.642,71.62,2086,77,0x0000000000000000,87.2
1790716197,2026/09/29 21:09:57.699,70.78,2086,79,0x0000000000000000,87.1
1790716207,2026/09/29 21:10:07.757,71.82,2086,78,0x0000000000000000,86.8
1790716217,2026/09/29 21:10:17.812,72.96,2086,78,0x0000000000000000,86.3
1790716227,2026/09/29 21:10:27.872,70.92,2086,78,0x0000000000000000,87.1
1790716237,2026/09/29 21:10:37.933,71.43,2086,78,0x0000000000000000,86.5
1790716248,2026/09/29 21:10:47.987,70.33,2086,77,0x0000000000000000,86.2
1790716258,2026/09/29 21:10:58.048,70.45,2086,77,0x0000000000000000,86.4
1790716268,2026/09/29 21:11:08.107,72.72,2086,78,0x0000000000000000,86.8
1790716278,2026/09/29 21:11:18.169,70.44,2086,79,0x0000000000000000,86.6
1790716288,2026/09/29 21:11:28.227,74.37,2086,79,0x0000000000000000,87.3
1790716298,2026/09/29 21:11:38.289,70.37,2086,79,0x0000000000000000,86.5
1790716308,2026/09/29 21:11:48.406,74.87,2086,79,0x0000000000000000,86.6
1790716318,2026/09/29 21:11:58.473,64.50,2086,78,0x0000000000000000,85.2
1790716328,2026/09/29 21:12:08.527,74.72,2086,78,0x0000000000000000,87.0
1790716338,2026/09/29 21:12:18.580,73.16,2086,78,0x0000000000000000,87.0
1790716348,2026/09/29 21:12:28.636,73.63,2086,78,0x0000000000000000,86.9
1790716358,2026/09/29 21:12:38.695,72.94,2086,78,0x0000000000000000,87.0
1790716368,2026/09/29 21:12:48.748,73.31,2086,78,0x0000000000000000,86.8
1790716378,2026/09/29 21:12:58.795,73.71,2086,78,0x0000000000000000,87.1
1790716388,2026/09/29 21:13:08.845,73.29,2086,78,0x0000000000000000,86.3
1790716398,2026/09/29 21:13:18.900,73.25,2086,78,0x0000000000000000,86.8
1790716408,2026/09/29 21:13:28.958,71.97,2086,78,0x0000000000000000,86.3
1790716419,2026/09/29 21:13:39.015,73.03,2086,78,0x0000000000000000,86.7
1790716429,2026/09/29 21:13:49.068,67.39,2086,80,0x0000000000000000,86.7
1790716439,2026/09/29 21:13:59.127,71.51,2086,78,0x0000000000000000,86.3
1790716449,2026/09/29 21:14:09.189,73.21,2086,78,0x0000000000000000,86.5
1790716459,2026/09/29 21:14:19.242,74.02,2086,79,0x0000000000000000,86.8
1790716469,2026/09/29 21:14:29.294,74.04,2086,79,0x0000000000000000,85.6
1790716479,2026/09/29 21:14:39.349,74.67,2086,78,0x0000000000000000,86.8
1790716489,2026/09/29 21:14:49.413,71.22,2086,78,0x0000000000000000,86.3
1790716499,2026/09/29 21:14:59.472,73.61,2086,78,0x0000000000000000,86.5
1790716509,2026/09/29 21:15:09.531,73.38,2086,78,0x0000000000000000,86.5
1790716519,2026/09/29 21:15:19.588,74.34,2086,78,0x0000000000000000,86.5
1790716529,2026/09/29 21:15:29.646,71.88,2086,78,0x0000000000000000,85.4
1790716539,2026/09/29 21:15:39.703,73.96,2086,78,0x0000000000000000,86.2
1790716549,2026/09/29 21:15:49.762,73.46,2086,78,0x0000000000000000,86.4
1790716559,2026/09/29 21:15:59.819,72.25,2086,78,0x0000000000000000,86.5
1790716569,2026/09/29 21:16:09.875,73.66,2086,78,0x0000000000000000,86.3
1790716579,2026/09/29 21:16:19.929,78.06,2086,78,0x0000000000000000,86.0
1790716589,2026/09/29 21:16:29.985,73.51,2086,78,0x0000000000000000,86.1
1790716600,2026/09/29 21:16:40.041,74.51,2086,78,0x0000000000000000,86.0
1790716610,2026/09/29 21:16:50.092,74.06,2086,78,0x0000000000000000,86.0
1790716620,2026/09/29 21:17:00.142,74.03,2086,78,0x0000000000000000,86.1
1790716630,2026/09/29 21:17:10.196,73.41,2086,78,0x0000000000000000,86.0
1790716640,2026/09/29 21:17:20.259,74.71,2086,78,0x0000000000000000,85.9
1790716650,2026/09/29 21:17:30.315,74.48,2086,77,0x0000000000000000,86.2
1790716660,2026/09/29 21:17:40.370,73.96,2086,78,0x0000000000000000,86.4
1790716670,2026/09/29 21:17:50.425,74.05,2086,78,0x0000000000000000,86.4
1790716680,2026/09/29 21:18:00.478,73.85,2086,78,0x0000000000000000,86.4
1790716690,2026/09/29 21:18:10.534,74.55,2086,78,0x0000000000000000,86.4
1790716700,2026/09/29 21:18:20.594,72.14,2086,77,0x0000000000000000,85.8
1790716710,2026/09/29 21:18:30.648,74.64,2086,78,0x0000000000000000,86.0
1790716720,2026/09/29 21:18:40.704,73.17,2086,77,0x0000000000000000,86.1
1790716730,2026/09/29 21:18:50.758,73.01,2086,78,0x0000000000000000,85.5
1790716740,2026/09/29 21:19:00.815,73.73,2086,78,0x0000000000000000,86.3
1790716750,2026/09/29 21:19:10.872,74.30,2086,78,0x0000000000000000,85.9
1790716760,2026/09/29 21:19:20.923,74.92,2086,78,0x0000000000000000,86.3
1790716770,2026/09/29 21:19:30.974,73.08,2086,77,0x0000000000000000,86.1
1790716781,2026/09/29 21:19:41.033,77.69,2086,79,0x0000000000000000,87.1
1790716791,2026/09/29 21:19:51.085,77.16,2086,79,0x0000000000000000,86.9
1790716801,2026/09/29 21:20:01.141,73.12,2086,77,0x0000000000000000,85.9
1790716811,2026/09/29 21:20:11.193,74.17,2086,78,0x0000000000000000,86.4
1790716821,2026/09/29 21:20:21.246,76.14,2086,79,0x0000000000000000,86.5
1790716831,2026/09/29 21:20:31.304,75.12,2086,79,0x0000000000000000,86.7
1790716841,2026/09/29 21:20:41.363,72.17,2086,79,0x0000000000000000,86.4
1790716851,2026/09/29 21:20:51.418,73.88,2086,79,0x0000000000000000,87.0
1790716861,2026/09/29 21:21:01.480,75.61,2086,80,0x0000000000000000,86.9
1790716871,2026/09/29 21:21:11.533,73.56,2086,78,0x0000000000000000,86.2
1790716881,2026/09/29 21:21:21.599,76.60,2086,78,0x0000000000000000,86.8
1790716891,2026/09/29 21:21:31.654,72.54,2086,78,0x0000000000000000,85.8
1790716901,2026/09/29 21:21:41.713,66.20,2086,78,0x0000000000000000,84.9
1790716911,2026/09/29 21:21:51.768,74.24,2086,78,0x0000000000000000,85.9
1790716921,2026/09/29 21:22:01.825,76.81,2086,78,0x0000000000000000,86.1
1790716931,2026/09/29 21:22:11.882,73.92,2086,78,0x0000000000000000,86.0
1790716941,2026/09/29 21:22:21.940,73.91,2086,78,0x0000000000000000,86.0
1790716952,2026/09/29 21:22:31.997,73.91,2086,78,0x0000000000000000,86.6
1790716962,2026/09/29 21:22:42.049,74.96,2086,79,0x0000000000000000,86.1
1790716972,2026/09/29 21:22:52.104,75.03,2086,78,0x0000000000000000,86.3
1790716982,2026/09/29 21:23:02.158,77.04,2086,78,0x0000000000000000,86.1
1790716992,2026/09/29 21:23:12.214,74.49,2086,77,0x0000000000000000,86.2
1790717002,2026/09/29 21:23:22.274,75.23,2086,78,0x0000000000000000,86.0
1790717012,2026/09/29 21:23:32.332,74.46,2086,78,0x0000000000000000,86.2
1790717022,2026/09/29 21:23:42.387,74.65,2086,78,0x0000000000000000,86.4
1790717032,2026/09/29 21:23:52.438,78.07,2086,77,0x0000000000000000,86.6
1790717042,2026/09/29 21:24:02.494,75.36,2086,77,0x0000000000000000,86.3
1790717052,2026/09/29 21:24:12.551,74.91,2086,78,0x0000000000000000,86.2
1790717062,2026/09/29 21:24:22.606,75.23,2086,78,0x0000000000000000,86.0
1790717072,2026/09/29 21:24:32.664,75.02,2086,78,0x0000000000000000,86.1
1790717082,2026/09/29 21:24:42.723,76.47,2086,78,0x0000000000000000,86.0
1790717092,2026/09/29 21:24:52.779,75.96,2086,78,0x0000000000000000,86.0
1790717102,2026/09/29 21:25:02.831,76.05,2086,77,0x0000000000000000,86.3
1790717112,2026/09/29 21:25:12.883,78.59,2086,77,0x0000000000000000,86.1
1790717122,2026/09/29 21:25:22.945,75.83,2086,78,0x0000000000000000,85.7
1790717133,2026/09/29 21:25:33.005,76.44,2086,78,0x0000000000000000,86.1
1790717143,2026/09/29 21:25:43.060,74.44,2086,78,0x0000000000000000,85.9
1790717153,2026/09/29 21:25:53.114,75.11,2086,77,0x0000000000000000,85.5
1790717163,2026/09/29 21:26:03.171,75.07,2086,77,0x0000000000000000,85.9
1790717173,2026/09/29 21:26:13.220,73.65,2086,76,0x0000000000000000,85.5
1790717183,2026/09/29 21:26:23.277,75.39,2086,77,0x0000000000000000,85.5
1790717193,2026/09/29 21:26:33.337,74.37,2086,77,0x0000000000000000,85.5
1790717203,2026/09/29 21:26:43.392,74.50,2086,78,0x0000000000000000,85.9
1790717213,2026/09/29 21:26:53.446,74.69,2086,78,0x0000000000000000,85.6
1790717223,2026/09/29 21:27:03.504,75.43,2086,78,0x0000000000000000,86.0
1790717233,2026/09/29 21:27:13.557,74.51,2086,77,0x0000000000000000,86.1
1790717243,2026/09/29 21:27:23.612,75.50,2086,77,0x0000000000000000,85.5
1790717253,2026/09/29 21:27:33.673,74.10,2086,78,0x0000000000000000,85.8
1790717263,2026/09/29 21:27:43.731,70.51,2086,77,0x0000000000000000,85.2
1790717273,2026/09/29 21:27:53.783,71.64,2086,77,0x0000000000000000,85.4
1790717283,2026/09/29 21:28:03.837,73.64,2086,76,0x0000000000000000,85.6
1790717293,2026/09/29 21:28:13.887,73.72,2086,77,0x0000000000000000,85.9
1790717303,2026/09/29 21:28:23.947,71.90,2086,77,0x0000000000000000,85.6
1790717314,2026/09/29 21:28:34.004,73.35,2086,78,0x0000000000000000,85.7
1790717324,2026/09/29 21:28:44.059,71.97,2086,77,0x0000000000000000,85.3
1790717334,2026/09/29 21:28:54.117,73.23,2086,77,0x0000000000000000,86.1
1790717344,2026/09/29 21:29:04.175,72.92,2086,78,0x0000000000000000,85.7
1790717354,2026/09/29 21:29:14.230,72.74,2086,77,0x0000000000000000,85.5
1790717364,2026/09/29 21:29:24.283,74.12,2086,77,0x0000000000000000,85.6
1790717374,2026/09/29 21:29:34.334,75.38,2086,79,0x0000000000000000,86.0
1790717384,2026/09/29 21:29:44.388,73.98,2086,77,0x0000000000000000,85.5
1790717394,2026/09/29 21:29:54.446,76.61,2086,79,0x0000000000000000,86.3
1790717404,2026/09/29 21:30:04.506,76.98,2086,79,0x0000000000000000,86.5
1790717414,2026/09/29 21:30:14.564,71.73,2086,77,0x0000000000000000,85.9
1790717424,2026/09/29 21:30:24.616,72.98,2086,78,0x0000000000000000,85.5
1790717434,2026/09/29 21:30:34.664,74.05,2086,79,0x0000000000000000,85.9
1790717444,2026/09/29 21:30:44.722,75.01,2086,77,0x0000000000000000,85.7
1790717454,2026/09/29 21:30:54.769,74.93,2086,77,0x0000000000000000,85.9
1790717464,2026/09/29 21:31:04.824,74.43,2086,77,0x0000000000000000,86.0
1790717474,2026/09/29 21:31:14.879,72.20,2086,77,0x0000000000000000,85.4
1790717484,2026/09/29 21:31:24.937,77.69,2086,78,0x0000000000000000,86.2
1790717495,2026/09/29 21:31:34.993,73.21,2086,77,0x0000000000000000,85.9
1790717505,2026/09/29 21:31:45.046,76.37,2086,79,0x0000000000000000,86.0
1790717515,2026/09/29 21:31:55.099,77.78,2086,77,0x0000000000000000,85.8
1790717525,2026/09/29 21:32:05.158,77.58,2086,77,0x0000000000000000,85.6
1790717535,2026/09/29 21:32:15.209,73.07,2086,77,0x0000000000000000,85.5
1790717545,2026/09/29 21:32:25.271,72.52,2086,77,0x0000000000000000,85.6
1790717555,2026/09/29 21:32:35.326,73.75,2086,77,0x0000000000000000,85.5
1790717565,2026/09/29 21:32:45.381,72.98,2086,77,0x0000000000000000,85.3
1790717575,2026/09/29 21:32:55.436,75.31,2086,77,0x0000000000000000,85.6
1790717585,2026/09/29 21:33:05.490,72.16,2086,77,0x0000000000000000,85.5
1790717595,2026/09/29 21:33:15.551,76.24,2086,77,0x0000000000000000,85.6
1790717605,2026/09/29 21:33:25.613,73.03,2086,77,0x0000000000000000,83.8
1790717615,2026/09/29 21:33:35.668,74.20,2086,77,0x0000000000000000,85.6
1790717625,2026/09/29 21:33:45.727,73.30,2086,77,0x0000000000000000,85.1
1790717635,2026/09/29 21:33:55.785,74.12,2086,77,0x0000000000000000,85.6
1790717645,2026/09/29 21:34:05.845,73.69,2086,77,0x0000000000000000,85.4
1790717655,2026/09/29 21:34:15.904,76.00,2086,77,0x0000000000000000,85.8
1790717665,2026/09/29 21:34:25.956,73.26,2086,77,0x0000000000000000,85.5
1790717676,2026/09/29 21:34:36.012,72.77,2086,77,0x0000000000000000,85.6
1790717686,2026/09/29 21:34:46.069,74.24,2086,78,0x0000000000000000,85.5
1790717696,2026/09/29 21:34:56.123,73.00,2086,77,0x0000000000000000,85.5
1790717706,2026/09/29 21:35:06.182,73.37,2086,77,0x0000000000000000,85.2
1790717716,2026/09/29 21:35:16.237,77.25,2086,77,0x0000000000000000,85.9
1790717726,2026/09/29 21:35:26.290,75.61,2086,76,0x0000000000000000,85.4
1790717736,2026/09/29 21:35:36.349,75.61,2086,77,0x0000000000000000,85.8
1790717746,2026/09/29 21:35:46.410,73.49,2086,77,0x0000000000000000,85.8
1790717756,2026/09/29 21:35:56.467,74.70,2086,77,0x0000000000000000,85.7
1790717766,2026/09/29 21:36:06.524,74.18,2086,77,0x0000000000000000,85.3
1790717776,2026/09/29 21:36:16.578,74.29,2086,78,0x0000000000000000,85.8
1790717786,2026/09/29 21:36:26.634,72.80,2086,77,0x0000000000000000,86.0
1790717796,2026/09/29 21:36:36.690,77.53,2086,79,0x0000000000000000,85.8
1790717806,2026/09/29 21:36:46.748,73.82,2086,78,0x0000000000000000,85.4
1790717816,2026/09/29 21:36:56.805,76.24,2086,77,0x0000000000000000,85.5
1790717826,2026/09/29 21:37:06.856,74.44,2086,77,0x0000000000000000,85.5
1790717836,2026/09/29 21:37:16.912,75.34,2086,78,0x0000000000000000,85.9
1790717846,2026/09/29 21:37:26.967,73.50,2086,77,0x0000000000000000,85.6
1790717857,2026/09/29 21:37:37.027,73.15,2086,77,0x0000000000000000,85.4
1790717867,2026/09/29 21:37:47.087,64.57,2086,77,0x0000000000000000,85.3
1790717877,2026/09/29 21:37:57.140,73.48,2086,76,0x0000000000000000,85.5
1790717887,2026/09/29 21:38:07.197,73.56,2086,77,0x0000000000000000,85.7
1790717897,2026/09/29 21:38:17.255,73.68,2086,77,0x0000000000000000,85.6
1790717907,2026/09/29 21:38:27.310,75.44,2086,78,0x0000000000000000,85.7
1790717917,2026/09/29 21:38:37.368,74.72,2086,78,0x0000000000000000,85.4
1790717927,2026/09/29 21:38:47.426,75.41,2086,78,0x0000000000000000,85.6
1790717937,2026/09/29 21:38:57.480,74.56,2086,78,0x0000000000000000,85.5
1790717947,2026/09/29 21:39:07.533,74.13,2086,78,0x0000000000000000,85.5
1790717957,2026/09/29 21:39:17.589,75.29,2086,78,0x0000000000000000,85.7
1790717967,2026/09/29 21:39:27.646,75.26,2086,78,0x0000000000000000,85.6
1790717977,2026/09/29 21:39:37.699,74.93,2086,78,0x0000000000000000,85.8
1790717987,2026/09/29 21:39:47.755,74.74,2060,77,0x0000000000000000,85.1
1790717997,2026/09/29 21:39:57.817,64.36,1976,76,0x0000000000000000,83.3
1790718007,2026/09/29 21:40:07.871,64.41,1976,75,0x0000000000000000,82.5
1790718017,2026/09/29 21:40:17.931,63.72,1976,76,0x0000000000000000,82.7
1790718028,2026/09/29 21:40:27.988,64.04,1976,75,0x0000000000000000,82.7
1790718038,2026/09/29 21:40:38.047,64.28,1976,76,0x0000000000000000,82.3
1790718048,2026/09/29 21:40:48.100,64.35,1976,75,0x0000000000000000,82.6
1790718058,2026/09/29 21:40:58.155,63.91,1976,75,0x0000000000000000,82.4
1790718068,2026/09/29 21:41:08.210,64.23,1976,75,0x0000000000000000,82.3
1790718078,2026/09/29 21:41:18.263,63.94,1976,75,0x0000000000000000,82.3
1790718088,2026/09/29 21:41:28.316,63.53,1976,75,0x0000000000000000,81.7
1790718098,2026/09/29 21:41:38.370,63.42,1976,75,0x0000000000000000,81.6
1790718108,2026/09/29 21:41:48.426,63.28,1976,75,0x0000000000000000,81.8
1790718118,2026/09/29 21:41:58.483,63.02,1976,75,0x0000000000000000,81.7
1790718128,2026/09/29 21:42:08.538,62.97,1976,75,0x0000000000000000,81.7
1790718138,2026/09/29 21:42:18.595,57.73,1976,69,0x0000000000000000,80.6
1790718148,2026/09/29 21:42:28.647,64.07,1976,75,0x0000000000000000,82.0
1790718158,2026/09/29 21:42:38.702,63.48,1976,74,0x0000000000000000,81.5
1790718168,2026/09/29 21:42:48.757,63.22,1976,75,0x0000000000000000,81.7
1790718178,2026/09/29 21:42:58.817,63.30,1976,75,0x0000000000000000,81.6
1790718188,2026/09/29 21:43:08.874,62.91,1976,75,0x0000000000000000,81.4
1790718198,2026/09/29 21:43:18.927,63.23,1976,74,0x0000000000000000,81.8
1790718208,2026/09/29 21:43:28.977,63.17,1976,74,0x0000000000000000,81.6
1790718219,2026/09/29 21:43:39.034,71.17,1976,76,0x0000000000000000,83.6
1790718229,2026/09/29 21:43:49.082,71.55,1976,77,0x0000000000000000,84.6
1790718239,2026/09/29 21:43:59.135,71.65,1976,77,0x0000000000000000,84.7
1790718249,2026/09/29 21:44:09.186,71.73,1976,77,0x0000000000000000,84.7
1790718259,2026/09/29 21:44:19.241,63.47,1976,77,0x0000000000000000,83.8
1790718269,2026/09/29 21:44:29.292,71.90,1976,77,0x0000000000000000,84.2
1790718279,2026/09/29 21:44:39.349,71.91,1976,77,0x0000000000000000,85.0
1790718289,2026/09/29 21:44:49.402,72.21,1976,77,0x0000000000000000,85.6
1790718299,2026/09/29 21:44:59.455,72.29,1976,78,0x0000000000000000,85.7
1790718309,2026/09/29 21:45:09.506,72.16,1976,78,0x0000000000000000,85.7
1790718319,2026/09/29 21:45:19.561,72.25,1976,78,0x0000000000000000,85.7
1790718329,2026/09/29 21:45:29.614,72.36,1976,78,0x0000000000000000,85.7
1790718339,2026/09/29 21:45:39.669,72.22,1976,76,0x0000000000000000,85.6
1790718349,2026/09/29 21:45:49.722,69.03,1976,76,0x0000000000000000,85.0
1790718359,2026/09/29 21:45:59.775,72.11,1976,78,0x0000000000000000,84.4
1790718369,2026/09/29 21:46:09.835,69.84,1976,77,0x0000000000000000,84.9
1790718379,2026/09/29 21:46:19.891,72.34,1976,77,0x0000000000000000,85.7
1790718389,2026/09/29 21:46:29.944,72.07,1976,78,0x0000000000000000,85.7
1790718400,2026/09/29 21:46:39.998,72.32,1976,78,0x0000000000000000,85.8
1790718410,2026/09/29 21:46:50.053,68.21,1976,78,0x0000000000000000,85.2
1790718420,2026/09/29 21:47:00.108,72.33,1976,78,0x0000000000000000,86.6
1790718430,2026/09/29 21:47:10.160,72.47,1976,78,0x0000000000000000,86.8
1790718440,2026/09/29 21:47:20.214,72.41,1976,78,0x0000000000000000,86.8
1790718450,2026/09/29 21:47:30.266,72.29,1976,78,0x0000000000000000,85.8
1790718460,2026/09/29 21:47:40.322,72.41,1976,78,0x0000000000000000,85.8
1790718470,2026/09/29 21:47:50.376,72.43,1976,78,0x0000000000000000,86.3
1790718480,2026/09/29 21:48:00.427,71.88,1976,78,0x0000000000000000,86.4
1790718490,2026/09/29 21:48:10.479,72.28,1976,78,0x0000000000000000,86.4
1790718500,2026/09/29 21:48:20.536,72.33,1976,78,0x0000000000000000,86.6
1790718510,2026/09/29 21:48:30.590,72.30,1976,78,0x0000000000000000,86.7
1790718520,2026/09/29 21:48:40.644,72.36,1976,78,0x0000000000000000,86.7
1790718530,2026/09/29 21:48:50.696,71.49,1976,78,0x0000000000000000,85.9
1790718540,2026/09/29 21:49:00.752,69.27,1976,77,0x0000000000000000,85.3
1790718550,2026/09/29 21:49:10.810,71.34,1976,78,0x0000000000000000,85.1
1790718560,2026/09/29 21:49:20.861,72.32,1976,78,0x0000000000000000,85.7
1790718570,2026/09/29 21:49:30.917,72.27,1976,78,0x0000000000000000,86.0
1790718580,2026/09/29 21:49:40.972,72.31,1976,78,0x0000000000000000,86.6
1790718591,2026/09/29 21:49:51.027,72.14,1976,78,0x0000000000000000,86.6
1790718601,2026/09/29 21:50:01.081,72.31,1976,78,0x0000000000000000,86.4
1790718611,2026/09/29 21:50:11.138,72.32,1976,78,0x0000000000000000,86.8
1790718621,2026/09/29 21:50:21.198,69.46,1976,77,0x0000000000000000,85.9
1790718631,2026/09/29 21:50:31.256,70.73,1976,78,0x0000000000000000,85.4
1790718641,2026/09/29 21:50:41.315,71.53,1976,78,0x0000000000000000,85.9
1790718651,2026/09/29 21:50:51.374,72.33,1976,78,0x0000000000000000,86.8
1790718661,2026/09/29 21:51:01.432,72.62,1976,78,0x0000000000000000,86.8
1790718671,2026/09/29 21:51:11.488,72.28,1976,78,0x0000000000000000,86.0
1790718681,2026/09/29 21:51:21.544,69.42,1976,78,0x0000000000000000,85.4
1790718691,2026/09/29 21:51:31.599,69.52,1976,77,0x0000000000000000,84.8
1790718701,2026/09/29 21:51:41.651,72.31,1976,78,0x0000000000000000,85.1
1790718711,2026/09/29 21:51:51.707,68.41,1976,78,0x0000000000000000,85.2
1790718721,2026/09/29 21:52:01.761,69.14,1976,77,0x0000000000000000,85.3
1790718731,2026/09/29 21:52:11.815,72.46,1976,78,0x0000000000000000,85.7
1790718741,2026/09/29 21:52:21.867,67.88,1976,77,0x0000000000000000,84.6
1790718751,2026/09/29 21:52:31.919,64.04,1976,76,0x0000000000000000,85.4
1790718761,2026/09/29 21:52:41.978,69.81,1976,78,0x0000000000000000,85.2
1790718772,2026/09/29 21:52:52.036,72.28,1976,78,0x0000000000000000,86.7
1790718782,2026/09/29 21:53:02.091,67.54,1976,77,0x0000000000000000,87.0
1790718792,2026/09/29 21:53:12.147,71.05,2086,78,0x0000000000000000,85.8
1790718802,2026/09/29 21:53:22.202,70.92,2086,79,0x0000000000000000,85.6
1790718812,2026/09/29 21:53:32.257,70.53,2086,78,0x0000000000000000,85.8
1790718822,2026/09/29 21:53:42.319,68.16,2086,78,0x0000000000000000,86.0
1790718832,2026/09/29 21:53:52.373,74.72,2086,79,0x0000000000000000,86.5
1790718842,2026/09/29 21:54:02.427,70.76,2086,79,0x0000000000000000,86.0
1790718852,2026/09/29 21:54:12.486,72.55,2086,79,0x0000000000000000,86.3
1790718862,2026/09/29 21:54:22.545,75.65,2086,78,0x0000000000000000,86.0
1790718872,2026/09/29 21:54:32.604,72.46,2086,79,0x0000000000000000,85.8
1790718882,2026/09/29 21:54:42.658,73.34,2086,79,0x0000000000000000,86.4
1790718892,2026/09/29 21:54:52.713,71.36,2086,78,0x0000000000000000,85.5
1790718902,2026/09/29 21:55:02.763,72.93,2086,78,0x0000000000000000,85.8
1790718912,2026/09/29 21:55:12.817,72.99,2086,79,0x0000000000000000,85.9
1790718922,2026/09/29 21:55:22.873,71.27,2086,78,0x0000000000000000,85.6
1790718932,2026/09/29 21:55:32.926,73.54,2086,79,0x0000000000000000,85.6
1790718942,2026/09/29 21:55:42.980,74.17,2086,77,0x0000000000000000,86.2
1790718953,2026/09/29 21:55:53.043,73.57,2086,79,0x0000000000000000,85.9
1790718963,2026/09/29 21:56:03.106,73.83,2086,77,0x0000000000000000,85.7
1790718973,2026/09/29 21:56:13.156,77.07,2086,77,0x0000000000000000,86.3
1790718983,2026/09/29 21:56:23.215,74.70,2086,79,0x0000000000000000,86.1
1790718993,2026/09/29 21:56:33.274,71.79,2086,78,0x0000000000000000,85.4
1790719003,2026/09/29 21:56:43.328,74.71,2086,78,0x0000000000000000,85.9
1790719013,2026/09/29 21:56:53.378,70.60,2086,77,0x0000000000000000,85.7
1790719023,2026/09/29 21:57:03.436,75.01,2086,79,0x0000000000000000,86.7
1790719033,2026/09/29 21:57:13.491,70.64,2086,77,0x0000000000000000,85.6
1790719043,2026/09/29 21:57:23.545,73.82,2086,78,0x0000000000000000,86.2
1790719053,2026/09/29 21:57:33.602,75.08,2086,79,0x0000000000000000,86.8
1790719063,2026/09/29 21:57:43.656,71.33,2086,77,0x0000000000000000,85.8
1790719073,2026/09/29 21:57:53.714,73.03,2086,79,0x0000000000000000,85.9
1790719083,2026/09/29 21:58:03.773,71.57,2086,78,0x0000000000000000,86.1
1790719093,2026/09/29 21:58:13.824,69.95,2086,77,0x0000000000000000,85.8
1790719103,2026/09/29 21:58:23.881,68.07,2086,77,0x0000000000000000,86.2
1790719113,2026/09/29 21:58:33.937,72.61,2086,78,0x0000000000000000,85.9
1790719124,2026/09/29 21:58:44.001,68.83,2086,78,0x0000000000000000,85.3
1790719134,2026/09/29 21:58:54.059,69.83,2086,78,0x0000000000000000,86.1
1790719144,2026/09/29 21:59:04.113,73.04,2086,78,0x0000000000000000,86.5
1790719154,2026/09/29 21:59:14.168,69.58,2086,77,0x0000000000000000,85.2
1790719164,2026/09/29 21:59:24.226,71.38,2086,78,0x0000000000000000,86.0
1790719174,2026/09/29 21:59:34.282,73.65,2086,78,0x0000000000000000,86.0
1790719184,2026/09/29 21:59:44.344,69.28,2086,78,0x0000000000000000,86.0
1790719194,2026/09/29 21:59:54.405,74.49,2086,77,0x0000000000000000,86.1
1790719204,2026/09/29 22:00:04.465,73.73,2086,78,0x0000000000000000,85.4
1790719214,2026/09/29 22:00:14.525,71.93,2086,79,0x0000000000000000,86.0
1790719224,2026/09/29 22:00:24.577,72.27,2086,78,0x0000000000000000,86.1
1790719234,2026/09/29 22:00:34.637,71.02,2086,76,0x0000000000000000,85.9
1790719244,2026/09/29 22:00:44.696,73.44,2086,78,0x0000000000000000,85.5
1790719254,2026/09/29 22:00:54.749,75.34,2086,78,0x0000000000000000,86.4
1790719264,2026/09/29 22:01:04.806,70.49,2086,76,0x0000000000000000,85.7
1790719274,2026/09/29 22:01:14.862,68.24,2086,77,0x0000000000000000,85.3
1790719284,2026/09/29 22:01:24.919,71.80,2086,77,0x0000000000000000,86.3
1790719294,2026/09/29 22:01:34.978,71.94,2086,77,0x0000000000000000,86.3
1790719305,2026/09/29 22:01:45.037,70.33,2086,77,0x0000000000000000,85.8
1790719315,2026/09/29 22:01:55.098,77.03,2086,79,0x0000000000000000,86.8
1790719325,2026/09/29 22:02:05.157,69.65,2086,78,0x0000000000000000,86.0
1790719335,2026/09/29 22:02:15.215,71.01,2086,78,0x0000000000000000,85.9
1790719345,2026/09/29 22:02:25.269,71.09,2086,76,0x0000000000000000,85.9
1790719355,2026/09/29 22:02:35.327,71.44,2086,78,0x0000000000000000,86.4
1790719365,2026/09/29 22:02:45.386,73.81,2086,78,0x0000000000000000,85.8
1790719375,2026/09/29 22:02:55.438,76.10,2086,78,0x0000000000000000,86.3
1790719385,2026/09/29 22:03:05.498,67.35,1976,77,0x0000000000000000,85.3
1790719395,2026/09/29 22:03:15.553,69.71,1976,78,0x0000000000000000,85.2
1790719405,2026/09/29 22:03:25.606,68.38,1976,77,0x0000000000000000,86.2
1790719415,2026/09/29 22:03:35.666,64.65,1976,77,0x0000000000000000,84.7
1790719425,2026/09/29 22:03:45.724,69.89,1976,78,0x0000000000000000,86.0
1790719435,2026/09/29 22:03:55.778,69.05,1976,77,0x0000000000000000,87.7
1790719445,2026/09/29 22:04:05.836,68.11,1976,78,0x0000000000000000,87.5
1790719455,2026/09/29 22:04:15.891,70.06,1976,78,0x0000000000000000,85.7
1790719465,2026/09/29 22:04:25.949,69.30,1976,78,0x0000000000000000,87.8
1790719476,2026/09/29 22:04:36.009,68.27,1976,77,0x0000000000000000,88.4
1790719486,2026/09/29 22:04:46.069,70.00,1976,78,0x0000000000000000,86.6
1790719496,2026/09/29 22:04:56.129,68.12,1976,78,0x0000000000000000,87.8
1790719506,2026/09/29 22:05:06.184,68.42,1976,78,0x0000000000000000,88.0
1790719516,2026/09/29 22:05:16.238,69.58,1976,78,0x0000000000000000,86.0
1790719526,2026/09/29 22:05:26.292,67.85,1976,77,0x0000000000000000,84.6
1790719536,2026/09/29 22:05:36.345,68.46,1976,78,0x0000000000000000,85.3
1790719546,2026/09/29 22:05:46.396,69.60,1976,77,0x0000000000000000,85.3
1790719556,2026/09/29 22:05:56.447,68.14,1976,78,0x0000000000000000,85.3
1790719566,2026/09/29 22:06:06.500,68.18,1976,78,0x0000000000000000,85.3
1790719576,2026/09/29 22:06:16.552,69.69,1976,77,0x0000000000000000,85.3
1790719586,2026/09/29 22:06:26.608,64.57,1976,76,0x0000000000000000,83.9
1790719596,2026/09/29 22:06:36.666,69.83,1976,78,0x0000000000000000,85.9
1790719606,2026/09/29 22:06:46.721,67.97,1976,76,0x0000000000000000,86.1
1790719616,2026/09/29 22:06:56.773,67.66,1976,78,0x0000000000000000,86.8
1790719626,2026/09/29 22:07:06.826,69.48,1976,78,0x0000000000000000,86.7
1790719636,2026/09/29 22:07:16.882,67.12,1976,78,0x0000000000000000,85.7
1790719646,2026/09/29 22:07:26.940,64.68,1976,77,0x0000000000000000,84.1
1790719657,2026/09/29 22:07:36.990,67.55,1976,78,0x0000000000000000,85.0
1790719667,2026/09/29 22:07:47.047,67.19,1976,77,0x0000000000000000,85.1
1790719677,2026/09/29 22:07:57.103,67.57,1976,78,0x0000000000000000,85.1
1790719687,2026/09/29 22:08:07.163,70.32,1976,78,0x0000000000000000,85.3
1790719697,2026/09/29 22:08:17.221,67.90,1976,78,0x0000000000000000,85.3
1790719707,2026/09/29 22:08:27.278,68.21,1976,78,0x0000000000000000,85.2
1790719717,2026/09/29 22:08:37.327,70.41,1976,78,0x0000000000000000,85.3
1790719727,2026/09/29 22:08:47.381,67.75,1976,78,0x0000000000000000,85.2
1790719737,2026/09/29 22:08:57.437,68.33,1976,78,0x0000000000000000,85.3
1790719747,2026/09/29 22:09:07.488,69.89,1976,78,0x0000000000000000,85.3
1790719757,2026/09/29 22:09:17.540,67.61,1976,78,0x0000000000000000,85.2
1790719767,2026/09/29 22:09:27.591,68.14,1976,78,0x0000000000000000,85.3
1790719777,2026/09/29 22:09:37.644,67.99,1976,78,0x0000000000000000,85.1
1790719787,2026/09/29 22:09:47.698,67.91,1976,78,0x0000000000000000,85.0
1790719797,2026/09/29 22:09:57.749,70.29,1976,78,0x0000000000000000,85.1
1790719807,2026/09/29 22:10:07.802,68.08,1976,78,0x0000000000000000,85.2
1790719817,2026/09/29 22:10:17.855,68.05,1976,78,0x0000000000000000,85.2
1790719827,2026/09/29 22:10:27.908,70.08,1976,78,0x0000000000000000,85.2
1790719837,2026/09/29 22:10:37.967,68.54,1976,77,0x0000000000000000,84.9
1790719848,2026/09/29 22:10:48.021,67.65,1976,77,0x0000000000000000,84.9
1790719858,2026/09/29 22:10:58.075,69.92,1976,78,0x0000000000000000,85.0
1790719868,2026/09/29 22:11:08.135,67.71,1976,77,0x0000000000000000,85.2
1790719878,2026/09/29 22:11:18.199,68.40,1976,78,0x0000000000000000,84.9
1790719888,2026/09/29 22:11:28.255,63.68,1976,76,0x0000000000000000,83.9
1790719898,2026/09/29 22:11:38.321,62.93,1976,76,0x0000000000000000,83.6
1790719908,2026/09/29 22:11:48.375,61.52,1976,76,0x0000000000000000,82.7
1790719918,2026/09/29 22:11:58.432,62.01,1976,76,0x0000000000000000,88.2
1790719928,2026/09/29 22:12:08.493,64.60,1976,77,0x0000000000000000,86.8
1790719938,2026/09/29 22:12:18.546,64.96,1976,77,0x0000000000000000,86.3
1790719948,2026/09/29 22:12:28.604,66.95,1976,76,0x0000000000000000,83.9
1790719958,2026/09/29 22:12:38.663,63.73,1976,76,0x0000000000000000,83.8
1790719968,2026/09/29 22:12:48.720,67.75,1976,77,0x0000000000000000,84.2
1790719978,2026/09/29 22:12:58.777,64.12,1976,76,0x0000000000000000,83.5
1790719988,2026/09/29 22:13:08.829,71.47,2086,78,0x0000000000000000,84.9
1790719998,2026/09/29 22:13:18.886,71.28,2086,78,0x0000000000000000,85.5
1790720008,2026/09/29 22:13:28.948,71.01,2086,78,0x0000000000000000,85.5
1790720019,2026/09/29 22:13:39.003,72.22,2086,78,0x0000000000000000,86.4
1790720029,2026/09/29 22:13:49.055,71.08,2086,77,0x0000000000000000,85.8
1790720039,2026/09/29 22:13:59.107,70.14,2086,78,0x0000000000000000,86.0
1790720049,2026/09/29 22:14:09.183,63.87,2086,73,0x0000000000000000,84.4
1790720059,2026/09/29 22:14:19.242,69.52,2086,78,0x0000000000000000,85.5
1790720069,2026/09/29 22:14:29.299,69.80,2086,78,0x0000000000000000,85.8
1790720079,2026/09/29 22:14:39.353,71.37,2086,78,0x0000000000000000,86.3
1790720089,2026/09/29 22:14:49.408,71.51,2086,79,0x0000000000000000,86.3
1790720099,2026/09/29 22:14:59.470,69.90,2086,78,0x0000000000000000,86.1
1790720109,2026/09/29 22:15:09.530,70.80,2086,78,0x0000000000000000,85.7
1790720119,2026/09/29 22:15:19.590,70.53,2086,77,0x0000000000000000,85.8
1790720129,2026/09/29 22:15:29.652,70.69,2086,78,0x0000000000000000,86.2
1790720139,2026/09/29 22:15:39.705,71.93,2086,79,0x0000000000000000,86.3
1790720149,2026/09/29 22:15:49.758,69.85,2086,78,0x0000000000000000,85.4
1790720159,2026/09/29 22:15:59.815,71.52,2086,79,0x0000000000000000,86.4
1790720169,2026/09/29 22:16:09.871,70.21,2086,78,0x0000000000000000,86.5
1790720179,2026/09/29 22:16:19.927,68.49,2086,79,0x0000000000000000,85.6
1790720190,2026/09/29 22:16:29.991,70.58,2086,78,0x0000000000000000,85.7
1790720200,2026/09/29 22:16:40.048,71.23,2086,78,0x0000000000000000,86.2
1790720210,2026/09/29 22:16:50.108,71.45,2086,78,0x0000000000000000,85.5
1790720220,2026/09/29 22:17:00.166,71.03,2086,78,0x0000000000000000,86.4
1790720230,2026/09/29 22:17:10.232,70.71,2086,77,0x0000000000000000,85.9
1790720240,2026/09/29 22:17:20.291,68.45,2086,78,0x0000000000000000,85.7
1790720250,2026/09/29 22:17:30.350,71.08,2086,78,0x0000000000000000,85.8
1790720260,2026/09/29 22:17:40.410,71.56,2086,78,0x0000000000000000,86.3
1790720270,2026/09/29 22:17:50.464,71.50,2086,78,0x0000000000000000,86.1
1790720280,2026/09/29 22:18:00.522,70.88,2086,79,0x0000000000000000,86.3
1790720290,2026/09/29 22:18:10.577,67.38,2086,77,0x0000000000000000,85.9
1790720300,2026/09/29 22:18:20.631,69.89,2086,79,0x0000000000000000,85.7
1790720310,2026/09/29 22:18:30.684,70.90,2086,79,0x0000000000000000,85.8
1790720320,2026/09/29 22:18:40.740,71.12,2086,78,0x0000000000000000,85.9
1790720330,2026/09/29 22:18:50.803,70.66,2086,79,0x0000000000000000,86.3
1790720340,2026/09/29 22:19:00.858,67.94,2086,77,0x0000000000000000,85.9
1790720350,2026/09/29 22:19:10.917,70.21,2086,78,0x0000000000000000,85.9
1790720360,2026/09/29 22:19:20.973,71.07,2086,79,0x0000000000000000,86.2
1790720371,2026/09/29 22:19:31.031,70.40,2086,79,0x0000000000000000,86.2
1790720381,2026/09/29 22:19:41.089,67.26,2086,78,0x0000000000000000,86.0
1790720391,2026/09/29 22:19:51.147,69.33,2086,78,0x0000000000000000,86.2
1790720401,2026/09/29 22:20:01.209,71.33,2086,79,0x0000000000000000,86.0
1790720411,2026/09/29 22:20:11.270,70.46,2086,78,0x0000000000000000,85.8
1790720421,2026/09/29 22:20:21.328,71.67,2086,80,0x0000000000000000,86.6
1790720431,2026/09/29 22:20:31.385,72.33,2086,78,0x0000000000000000,86.1
1790720441,2026/09/29 22:20:41.440,71.51,2086,78,0x0000000000000000,86.2
1790720451,2026/09/29 22:20:51.495,70.74,2086,79,0x0000000000000000,86.7
1790720461,2026/09/29 22:21:01.552,71.99,2086,78,0x0000000000000000,86.6
1790720471,2026/09/29 22:21:11.608,69.85,2086,79,0x0000000000000000,86.4
1790720481,2026/09/29 22:21:21.662,60.85,2086,78,0x0000000000000000,85.8
1790720491,2026/09/29 22:21:31.717,66.47,2086,78,0x0000000000000000,86.2
1790720501,2026/09/29 22:21:41.778,71.72,2086,78,0x0000000000000000,86.2
1790720511,2026/09/29 22:21:51.837,70.00,2086,78,0x0000000000000000,85.9
1790720521,2026/09/29 22:22:01.901,70.87,2086,78,0x0000000000000000,85.7
1790720531,2026/09/29 22:22:11.958,71.41,2086,79,0x0000000000000000,86.2
1790720542,2026/09/29 22:22:22.007,71.35,2086,78,0x0000000000000000,85.9
1790720552,2026/09/29 22:22:32.065,71.14,2086,78,0x0000000000000000,85.8
1790720562,2026/09/29 22:22:42.126,70.83,2086,79,0x0000000000000000,85.6
1790720572,2026/09/29 22:22:52.186,71.07,2086,80,0x0000000000000000,86.1
1790720582,2026/09/29 22:23:02.247,71.26,2086,79,0x0000000000000000,86.8
1790720592,2026/09/29 22:23:12.307,63.79,1976,78,0x0000000000000000,84.2
1790720602,2026/09/29 22:23:22.360,64.01,1976,77,0x0000000000000000,84.2
1790720612,2026/09/29 22:23:32.416,63.54,1976,76,0x0000000000000000,84.7
1790720622,2026/09/29 22:23:42.472,64.05,1976,77,0x0000000000000000,87.8
1790720632,2026/09/29 22:23:52.527,63.74,1976,77,0x0000000000000000,87.8
1790720642,2026/09/29 22:24:02.584,64.18,1976,76,0x0000000000000000,87.9
1790720652,2026/09/29 22:24:12.641,64.35,1976,77,0x0000000000000000,87.2
1790720662,2026/09/29 22:24:22.697,64.18,1976,77,0x0000000000000000,87.2
1790720672,2026/09/29 22:24:32.753,63.69,1995,77,0x0000000000000000,87.3
1790720682,2026/09/29 22:24:42.819,64.27,1976,76,0x0000000000000000,87.0
1790720692,2026/09/29 22:24:52.879,63.93,1976,75,0x0000000000000000,86.9
1790720702,2026/09/29 22:25:02.936,63.80,1976,76,0x0000000000000000,87.0
1790720713,2026/09/29 22:25:12.993,63.89,1976,76,0x0000000000000000,87.0
1790720723,2026/09/29 22:25:23.054,63.65,1976,75,0x0000000000000000,87.0
1790720733,2026/09/29 22:25:33.111,63.66,1976,76,0x0000000000000000,86.9
1790720743,2026/09/29 22:25:43.171,62.03,1976,76,0x0000000000000000,82.6
1790720753,2026/09/29 22:25:53.228,64.74,1976,77,0x0000000000000000,86.9
1790720763,2026/09/29 22:26:03.283,63.71,1976,76,0x0000000000000000,86.8
1790720773,2026/09/29 22:26:13.343,64.04,1976,77,0x0000000000000000,86.8
1790720783,2026/09/29 22:26:23.408,64.22,1976,76,0x0000000000000000,86.4
1790720793,2026/09/29 22:26:33.465,64.36,1976,76,0x0000000000000000,83.0
1790720803,2026/09/29 22:26:43.519,64.19,1976,76,0x0000000000000000,82.9
1790720813,2026/09/29 22:26:53.576,63.29,1976,76,0x0000000000000000,82.9
1790720823,2026/09/29 22:27:03.629,63.85,1976,76,0x0000000000000000,83.1
1790720833,2026/09/29 22:27:13.684,63.84,1976,76,0x0000000000000000,82.8
1790720843,2026/09/29 22:27:23.738,63.65,1976,76,0x0000000000000000,82.8
1790720853,2026/09/29 22:27:33.798,63.12,1976,76,0x0000000000000000,82.6
1790720863,2026/09/29 22:27:43.852,63.98,1976,75,0x0000000000000000,82.5
1790720873,2026/09/29 22:27:53.904,63.65,1976,75,0x0000000000000000,82.6
1790720883,2026/09/29 22:28:03.960,63.43,1976,76,0x0000000000000000,82.2
1790720894,2026/09/29 22:28:14.017,63.14,1976,75,0x0000000000000000,82.5
1790720904,2026/09/29 22:28:24.074,63.49,1976,76,0x0000000000000000,82.4
1790720914,2026/09/29 22:28:34.127,63.52,1976,75,0x0000000000000000,82.7
1790720924,2026/09/29 22:28:44.179,63.52,1976,76,0x0000000000000000,82.5
1790720934,2026/09/29 22:28:54.232,64.01,1976,75,0x0000000000000000,82.6
1790720944,2026/09/29 22:29:04.300,56.31,1976,75,0x0000000000000000,82.2
1790720954,2026/09/29 22:29:14.357,63.53,1976,75,0x0000000000000000,85.7
1790720964,2026/09/29 22:29:24.413,63.49,1976,75,0x0000000000000000,85.8
1790720974,2026/09/29 22:29:34.464,63.53,1976,75,0x0000000000000000,85.8
1790720984,2026/09/29 22:29:44.522,64.23,1976,76,0x0000000000000000,85.9
1790720994,2026/09/29 22:29:54.575,63.71,1976,75,0x0000000000000000,86.0
1790721004,2026/09/29 22:30:04.632,63.89,1976,75,0x0000000000000000,85.8
1790721014,2026/09/29 22:30:14.686,63.49,1976,75,0x0000000000000000,85.7
1790721024,2026/09/29 22:30:24.741,63.99,1976,76,0x0000000000000000,85.7
1790721034,2026/09/29 22:30:34.803,63.48,1976,75,0x0000000000000000,85.8
1790721044,2026/09/29 22:30:44.862,63.39,1976,75,0x0000000000000000,85.8
1790721054,2026/09/29 22:30:54.920,63.63,1976,76,0x0000000000000000,85.9
1790721064,2026/09/29 22:31:04.977,63.62,1976,76,0x0000000000000000,85.8
1790721075,2026/09/29 22:31:15.036,63.15,1976,76,0x0000000000000000,85.8
1790721085,2026/09/29 22:31:25.099,63.70,1976,76,0x0000000000000000,85.9
1790721095,2026/09/29 22:31:35.153,62.95,1976,75,0x0000000000000000,84.2
1790721105,2026/09/29 22:31:45.215,63.97,1976,76,0x0000000000000000,86.1
1790721115,2026/09/29 22:31:55.273,64.12,1976,76,0x0000000000000000,85.8
1790721125,2026/09/29 22:32:05.331,64.21,1976,76,0x0000000000000000,86.3
1790721135,2026/09/29 22:32:15.385,63.17,1976,75,0x0000000000000000,82.0
1790721145,2026/09/29 22:32:25.441,63.33,1976,75,0x0000000000000000,82.0
1790721155,2026/09/29 22:32:35.498,64.11,1976,75,0x0000000000000000,82.3
1790721165,2026/09/29 22:32:45.551,64.55,1976,76,0x0000000000000000,82.4
1790721175,2026/09/29 22:32:55.604,64.42,1976,75,0x0000000000000000,82.4
1790721185,2026/09/29 22:33:05.659,71.01,2086,78,0x0000000000000000,83.8
1790721195,2026/09/29 22:33:15.712,71.15,2086,77,0x0000000000000000,85.0
1790721205,2026/09/29 22:33:25.765,73.62,2086,78,0x0000000000000000,85.1
1790721215,2026/09/29 22:33:35.825,71.44,2086,78,0x0000000000000000,85.7
1790721225,2026/09/29 22:33:45.892,72.04,2086,78,0x0000000000000000,85.4
1790721235,2026/09/29 22:33:55.951,68.74,2086,78,0x0000000000000000,85.1
1790721246,2026/09/29 22:34:06.008,73.16,2086,78,0x0000000000000000,85.8
1790721256,2026/09/29 22:34:16.067,71.12,2086,79,0x0000000000000000,85.8
1790721266,2026/09/29 22:34:26.126,71.08,2086,77,0x0000000000000000,85.3
1790721276,2026/09/29 22:34:36.179,71.23,2086,78,0x0000000000000000,85.6
1790721286,2026/09/29 22:34:46.237,71.24,2086,78,0x0000000000000000,86.1
1790721296,2026/09/29 22:34:56.297,70.86,2086,77,0x0000000000000000,85.6
1790721306,2026/09/29 22:35:06.354,70.40,2086,77,0x0000000000000000,85.5
1790721316,2026/09/29 22:35:16.417,67.94,2086,79,0x0000000000000000,85.4
1790721326,2026/09/29 22:35:26.472,70.64,2086,77,0x0000000000000000,85.5
1790721336,2026/09/29 22:35:36.532,67.78,2086,79,0x0000000000000000,85.3
1790721346,2026/09/29 22:35:46.587,70.70,2086,78,0x0000000000000000,85.6
1790721356,2026/09/29 22:35:56.647,68.52,2086,79,0x0000000000000000,85.7
1790721366,2026/09/29 22:36:06.703,71.50,2086,78,0x0000000000000000,86.5
1790721376,2026/09/29 22:36:16.759,68.90,2086,78,0x0000000000000000,85.8
1790721386,2026/09/29 22:36:26.811,70.78,2086,78,0x0000000000000000,85.9
1790721396,2026/09/29 22:36:36.868,68.89,2086,78,0x0000000000000000,85.7
1790721406,2026/09/29 22:36:46.925,70.60,2086,79,0x0000000000000000,86.0
1790721416,2026/09/29 22:36:56.979,71.52,2086,78,0x0000000000000000,85.6
1790721427,2026/09/29 22:37:07.042,72.73,2086,79,0x0000000000000000,86.0
1790721437,2026/09/29 22:37:17.101,73.20,2086,79,0x0000000000000000,86.0
1790721447,2026/09/29 22:37:27.158,71.22,2086,78,0x0000000000000000,85.7
1790721457,2026/09/29 22:37:37.214,72.38,2086,79,0x0000000000000000,85.4
1790721467,2026/09/29 22:37:47.273,73.02,2086,79,0x0000000000000000,86.0
1790721477,2026/09/29 22:37:57.328,70.78,2086,79,0x0000000000000000,85.9
1790721487,2026/09/29 22:38:07.388,71.36,2086,79,0x0000000000000000,86.1
1790721497,2026/09/29 22:38:17.448,71.47,2086,78,0x0000000000000000,85.9
1790721507,2026/09/29 22:38:27.504,71.51,2086,79,0x0000000000000000,86.1
1790721517,2026/09/29 22:38:37.563,72.60,2086,78,0x0000000000000000,85.5
1790721527,2026/09/29 22:38:47.621,70.99,2086,78,0x0000000000000000,85.8
1790721537,2026/09/29 22:38:57.678,72.01,2086,78,0x0000000000000000,86.2
1790721547,2026/09/29 22:39:07.738,71.79,2086,78,0x0000000000000000,85.8
1790721557,2026/09/29 22:39:17.795,71.98,2086,78,0x0000000000000000,86.0
1790721567,2026/09/29 22:39:27.854,72.22,2086,78,0x0000000000000000,86.0
1790721577,2026/09/29 22:39:37.914,71.79,2086,78,0x0000000000000000,85.2
1790721587,2026/09/29 22:39:47.974,68.85,2086,78,0x0000000000000000,84.9
1790721598,2026/09/29 22:39:58.033,72.14,2086,79,0x0000000000000000,86.2
1790721608,2026/09/29 22:40:08.091,71.90,2086,78,0x0000000000000000,86.1
1790721618,2026/09/29 22:40:18.144,71.19,2086,77,0x0000000000000000,85.9
1790721628,2026/09/29 22:40:28.202,69.94,2086,78,0x0000000000000000,85.8
1790721638,2026/09/29 22:40:38.264,71.90,2086,78,0x0000000000000000,86.2
1790721648,2026/09/29 22:40:48.316,68.83,2086,78,0x0000000000000000,85.6
1790721658,2026/09/29 22:40:58.378,71.55,2086,78,0x0000000000000000,86.4
1790721668,2026/09/29 22:41:08.436,71.66,2086,77,0x0000000000000000,85.8
1790721678,2026/09/29 22:41:18.500,72.68,2086,78,0x0000000000000000,86.2
1790721688,2026/09/29 22:41:28.561,67.66,2086,78,0x0000000000000000,85.3
1790721698,2026/09/29 22:41:38.613,70.18,2086,78,0x0000000000000000,85.9
1790721708,2026/09/29 22:41:48.667,71.22,2086,78,0x0000000000000000,85.8
1790721718,2026/09/29 22:41:58.721,70.77,2086,79,0x0000000000000000,85.6
1790721728,2026/09/29 22:42:08.784,71.25,2086,79,0x0000000000000000,86.1
1790721738,2026/09/29 22:42:18.842,71.62,2086,78,0x0000000000000000,86.2
1790721748,2026/09/29 22:42:28.899,70.85,2086,79,0x0000000000000000,86.0
1790721758,2026/09/29 22:42:38.960,71.22,2086,79,0x0000000000000000,85.9
1790721769,2026/09/29 22:42:49.017,70.41,2086,79,0x0000000000000000,85.9
1790721779,2026/09/29 22:42:59.071,71.61,2086,79,0x0000000000000000,86.6
1790721789,2026/09/29 22:43:09.128,64.60,1976,78,0x0000000000000000,87.7
1790721799,2026/09/29 22:43:19.191,63.35,1976,77,0x0000000000000000,83.6
1790721809,2026/09/29 22:43:29.247,63.70,1976,77,0x0000000000000000,83.5
1790721819,2026/09/29 22:43:39.302,64.10,1976,76,0x0000000000000000,83.4
1790721829,2026/09/29 22:43:49.366,63.74,1976,77,0x0000000000000000,83.2
1790721839,2026/09/29 22:43:59.423,63.78,1976,76,0x0000000000000000,83.3
1790721849,2026/09/29 22:44:09.481,64.50,1976,77,0x0000000000000000,83.4
1790721859,2026/09/29 22:44:19.535,64.28,1976,76,0x0000000000000000,83.0
1790721869,2026/09/29 22:44:29.589,63.89,1976,76,0x0000000000000000,82.9
1790721879,2026/09/29 22:44:39.646,64.39,1976,76,0x0000000000000000,83.0
1790721889,2026/09/29 22:44:49.705,64.26,1976,76,0x0000000000000000,82.9
1790721899,2026/09/29 22:44:59.763,64.22,1976,76,0x0000000000000000,82.5
1790721909,2026/09/29 22:45:09.820,64.46,1976,76,0x0000000000000000,83.1
1790721919,2026/09/29 22:45:19.878,63.89,1976,76,0x0000000000000000,82.8
1790721929,2026/09/29 22:45:29.933,64.28,1976,75,0x0000000000000000,82.9
# end 1790721939 clean
