ts_utc,state,pool,duty_pct,trips_total,rate_60s_tmacs,accepted,rejected,stale,power_w,gpu_c,acpitz_c,sm_mhz,cap_status,mining_s,credited_macs
2026-09-29T13:51:31Z,mining,1,100,1,76.23,785,1,1,63.612,75.0,83.2,1976,capped,86234,7.118361423524135e+18
2026-09-29T13:52:01Z,mining,1,100,1,75.06,785,1,1,70.524,75.0,84.7,1976,capped,86264,7.120542854593642e+18
2026-09-29T13:52:31Z,mining,1,100,1,79.75,785,1,1,71.576,77.0,86.6,1976,capped,86294,7.123146498128216e+18
2026-09-29T13:53:01Z,mining,1,100,1,85.62,785,1,1,71.437,78.0,87.4,1976,capped,86324,7.12575014166279e+18
2026-09-29T13:53:31Z,mining,1,100,1,86.79,786,1,1,71.795,78.0,87.6,1976,capped,86354,7.128283416453186e+18
2026-09-29T13:54:01Z,mining,1,100,1,84.44,786,1,1,71.626,78.0,87.8,1976,capped,86384,7.130816691243581e+18
2026-09-29T13:54:31Z,mining,1,100,1,85.62,786,1,1,69.231,77.0,87.2,1976,capped,86414,7.133420334778155e+18
2026-09-29T13:55:01Z,mining,1,100,1,85.62,787,1,1,71.643,78.0,88.0,1976,capped,86444,7.135953609568551e+18
2026-09-29T13:55:31Z,mining,1,100,1,84.44,787,1,1,68.497,78.0,87.4,1976,capped,86474,7.138486884358947e+18
2026-09-29T13:56:01Z,mining,1,100,1,83.27,788,1,1,69.098,76.0,86.8,1976,capped,86505,7.140949790405165e+18
2026-09-29T13:56:31Z,mining,1,100,1,83.27,788,1,1,69.478,78.0,87.5,1976,capped,86535,7.143483065195561e+18
2026-09-29T13:57:01Z,mining,1,100,1,84.44,788,1,1,71.494,78.0,87.6,1976,capped,86565,7.146016339985957e+18
2026-09-29T13:57:31Z,mining,1,100,1,84.44,788,1,1,68.964,78.0,87.4,1976,capped,86595,7.148549614776353e+18
2026-09-29T13:58:01Z,mining,1,100,1,84.44,789,1,1,67.986,78.0,87.3,1976,capped,86625,7.151082889566749e+18
2026-09-29T13:58:31Z,mining,1,100,1,83.27,789,1,1,71.951,78.0,87.8,1976,capped,86655,7.153545795612967e+18
2026-09-29T13:59:01Z,mining,1,100,1,83.27,790,1,1,69.584,78.0,87.7,1976,capped,86685,7.156079070403363e+18
2026-09-29T13:59:31Z,mining,1,99,1,84.44,791,1,1,71.83,78.0,86.9,1976,capped,86715,7.158612345193759e+18
2026-09-29T14:00:01Z,mining,1,100,1,84.44,791,1,1,67.772,78.0,87.5,1976,capped,86745,7.161145619984155e+18
2026-09-29T14:00:31Z,mining,1,100,1,84.44,792,1,1,71.992,78.0,88.2,1976,capped,86775,7.163678894774551e+18
2026-09-29T14:01:01Z,mining,1,100,1,82.1,792,1,1,71.899,78.0,87.8,1976,capped,86805,7.166071432076591e+18
2026-09-29T14:01:31Z,mining,1,100,1,82.1,793,1,1,68.805,78.0,87.6,1976,capped,86835,7.168604706866987e+18
2026-09-29T14:02:01Z,mining,1,99,1,84.44,794,1,1,71.114,78.0,87.1,1976,capped,86865,7.171137981657383e+18
2026-09-29T14:02:31Z,mining,1,100,1,83.27,795,1,1,68.335,78.0,87.1,1976,capped,86895,7.173600887703601e+18
2026-09-29T14:03:01Z,mining,1,100,1,84.44,795,1,1,71.75,78.0,88.0,1976,capped,86925,7.176204531238175e+18
2026-09-29T14:03:31Z,mining,1,100,1,84.44,795,1,1,68.313,77.0,86.9,1976,capped,86955,7.178667437284393e+18
2026-09-29T14:04:01Z,mining,1,100,1,83.27,796,1,1,71.853,78.0,88.0,1976,capped,86985,7.181200712074789e+18
2026-09-29T14:04:31Z,mining,1,99,1,84.44,797,1,1,71.218,78.0,87.4,1976,capped,87015,7.183733986865185e+18
2026-09-29T14:05:01Z,mining,1,100,1,83.27,797,1,1,71.621,78.0,87.7,1976,capped,87045,7.186196892911403e+18
2026-09-29T14:05:31Z,mining,1,100,1,83.27,797,1,1,68.218,78.0,87.3,1976,capped,87075,7.188730167701799e+18
2026-09-29T14:06:01Z,mining,1,100,1,84.44,797,1,1,71.831,78.0,87.6,1976,capped,87105,7.191263442492195e+18
2026-09-29T14:06:31Z,mining,1,99,1,83.27,797,1,1,71.616,78.0,87.1,1976,capped,87135,7.193726348538413e+18
2026-09-29T14:07:01Z,mining,1,100,1,83.27,797,1,1,67.966,78.0,87.2,1976,capped,87165,7.196259623328809e+18
2026-09-29T14:07:31Z,mining,1,100,1,84.44,797,1,1,69.752,78.0,87.3,1976,capped,87195,7.198792898119205e+18
2026-09-29T14:08:01Z,mining,1,99,1,83.27,797,1,1,71.101,78.0,87.1,1976,capped,87225,7.201255804165423e+18
2026-09-29T14:08:31Z,mining,1,100,1,82.1,797,1,1,71.381,78.0,87.1,1976,capped,87255,7.203718710211641e+18
2026-09-29T14:09:01Z,mining,1,100,1,80.92,797,1,1,69.36,78.0,87.3,1976,capped,87285,7.206111247513682e+18
2026-09-29T14:09:31Z,mining,1,100,1,82.1,798,1,1,71.669,78.0,87.5,1976,capped,87315,7.208644522304078e+18
2026-09-29T14:10:01Z,mining,1,100,1,83.27,799,1,1,66.162,78.0,85.8,1976,capped,87345,7.211107428350296e+18
2026-09-29T14:10:31Z,mining,1,100,1,83.27,799,1,1,71.542,78.0,87.7,1976,capped,87375,7.213640703140692e+18
2026-09-29T14:11:01Z,mining,1,100,1,84.44,799,1,1,71.81,78.0,87.9,1976,capped,87405,7.216173977931088e+18
2026-09-29T14:11:31Z,mining,1,100,1,83.27,799,1,1,67.775,78.0,86.6,1976,capped,87435,7.218636883977306e+18
2026-09-29T14:12:01Z,mining,1,100,1,84.44,799,1,1,71.213,77.0,87.6,1976,capped,87465,7.22124052751188e+18
2026-09-29T14:12:31Z,mining,1,100,1,84.44,799,1,1,68.923,77.0,86.9,1976,capped,87495,7.223703433558098e+18
2026-09-29T14:13:01Z,mining,1,99,1,83.27,799,1,1,71.761,78.0,87.1,1976,capped,87525,7.226236708348494e+18
2026-09-29T14:13:31Z,mining,1,100,1,84.44,800,1,1,71.792,78.0,87.8,1976,capped,87555,7.22876998313889e+18
2026-09-29T14:14:01Z,mining,1,100,1,83.27,800,1,1,70.097,78.0,87.1,1976,capped,87585,7.231232889185108e+18
2026-09-29T14:14:31Z,mining,1,100,1,80.92,800,1,1,67.868,78.0,86.7,1976,capped,87615,7.233625426487149e+18
2026-09-29T14:15:01Z,mining,1,100,1,80.92,801,1,1,68.634,77.0,86.8,1976,capped,87645,7.236088332533367e+18
2026-09-29T14:15:31Z,mining,1,100,1,82.1,801,1,1,68.853,78.0,86.9,1976,capped,87675,7.238551238579585e+18
2026-09-29T14:16:01Z,mining,1,100,1,82.1,801,1,1,71.903,78.0,87.7,1976,capped,87705,7.241014144625803e+18
2026-09-29T14:16:31Z,mining,1,100,1,82.1,802,1,1,65.185,78.0,86.5,1976,capped,87735,7.243477050672022e+18
2026-09-29T14:17:01Z,mining,1,100,1,83.27,802,1,1,71.63,78.0,87.7,1976,capped,87765,7.246010325462417e+18
2026-09-29T14:17:31Z,mining,1,100,1,84.44,802,1,1,71.971,78.0,87.8,1976,capped,87795,7.248543600252813e+18
2026-09-29T14:18:01Z,mining,1,100,1,84.44,802,1,1,71.873,78.0,87.7,1976,capped,87825,7.251076875043209e+18
2026-09-29T14:18:31Z,mining,1,100,1,84.44,802,1,1,71.74,78.0,87.7,1976,capped,87855,7.253610149833605e+18
2026-09-29T14:19:01Z,mining,1,100,1,84.44,802,1,1,71.64,78.0,88.0,1976,capped,87885,7.256143424624001e+18
2026-09-29T14:19:31Z,mining,1,99,1,84.44,803,1,1,71.684,78.0,87.4,1976,capped,87915,7.258676699414397e+18
2026-09-29T14:20:01Z,mining,1,100,1,84.44,804,1,1,67.583,78.0,87.0,1976,capped,87945,7.261209974204793e+18
2026-09-29T14:20:31Z,mining,1,100,1,84.44,804,1,1,71.784,78.0,87.8,1976,capped,87975,7.263743248995189e+18
2026-09-29T14:21:01Z,mining,1,100,1,84.44,804,1,1,69.344,77.0,87.4,1976,capped,88005,7.266276523785585e+18
2026-09-29T14:21:31Z,mining,1,100,1,83.27,805,1,1,67.594,78.0,87.0,1976,capped,88035,7.268739429831803e+18
2026-09-29T14:22:01Z,mining,1,100,1,83.27,805,1,1,71.821,78.0,88.0,1976,capped,88065,7.271272704622199e+18
2026-09-29T14:22:31Z,mining,1,100,1,84.44,805,1,1,71.996,78.0,88.2,1976,capped,88095,7.273805979412595e+18
2026-09-29T14:23:01Z,mining,1,100,1,84.44,807,1,1,71.774,78.0,88.2,1976,capped,88125,7.276339254202991e+18
2026-09-29T14:23:31Z,mining,1,100,1,83.27,807,1,1,71.649,78.0,87.8,1976,capped,88155,7.278802160249209e+18
2026-09-29T14:24:01Z,mining,1,100,1,83.27,808,1,1,71.647,78.0,87.9,1976,capped,88185,7.281335435039605e+18
2026-09-29T14:24:31Z,mining,1,100,1,84.44,808,1,1,71.598,78.0,87.8,1976,capped,88215,7.283868709830001e+18
2026-09-29T14:25:01Z,mining,1,100,1,84.44,808,1,1,71.715,78.0,87.5,1976,capped,88245,7.286401984620397e+18
2026-09-29T14:25:31Z,mining,1,99,1,83.27,809,1,1,71.109,78.0,87.2,1976,capped,88275,7.288864890666615e+18
2026-09-29T14:26:01Z,mining,1,100,1,84.44,809,1,1,70.933,78.0,87.5,1976,capped,88305,7.291468534201188e+18
2026-09-29T14:26:31Z,mining,1,99,1,85.62,810,1,1,71.016,78.0,87.3,1976,capped,88335,7.294001808991584e+18
2026-09-29T14:27:01Z,mining,1,99,1,84.44,810,1,1,71.556,78.0,87.3,1976,capped,88365,7.29653508378198e+18
2026-09-29T14:27:31Z,mining,1,100,1,84.44,811,1,1,71.81,78.0,87.5,1976,capped,88395,7.299068358572376e+18
2026-09-29T14:28:01Z,mining,1,100,1,85.62,812,1,1,71.723,78.0,87.7,1976,capped,88425,7.30167200210695e+18
2026-09-29T14:28:31Z,mining,1,100,1,84.44,812,1,1,71.875,78.0,87.9,1976,capped,88455,7.304134908153168e+18
2026-09-29T14:29:01Z,mining,1,100,1,83.27,812,1,1,71.581,78.0,87.7,1976,capped,88485,7.306668182943564e+18
2026-09-29T14:29:31Z,mining,1,98,1,84.44,813,1,1,71.697,78.0,87.6,1976,capped,88515,7.30920145773396e+18
2026-09-29T14:30:01Z,mining,1,100,1,84.44,813,1,1,71.843,78.0,87.4,1976,capped,88545,7.311734732524356e+18
2026-09-29T14:30:31Z,mining,1,100,1,84.44,813,1,1,68.461,77.0,86.6,1976,capped,88575,7.314268007314751e+18
2026-09-29T14:31:01Z,mining,1,100,1,84.44,813,1,1,72.003,78.0,87.8,1976,capped,88605,7.316801282105147e+18
2026-09-29T14:31:31Z,mining,1,99,1,84.44,813,1,1,68.337,76.0,86.6,1976,capped,88635,7.319334556895543e+18
2026-09-29T14:32:01Z,mining,1,100,1,84.44,813,1,1,71.858,78.0,87.9,1976,capped,88665,7.321867831685939e+18
2026-09-29T14:32:31Z,mining,1,99,1,84.44,813,1,1,70.554,78.0,87.2,1976,capped,88695,7.324401106476335e+18
2026-09-29T14:33:01Z,mining,1,100,1,83.27,813,1,1,71.869,78.0,87.7,1976,capped,88725,7.326864012522553e+18
2026-09-29T14:33:31Z,mining,1,100,1,84.44,813,1,1,71.921,78.0,87.8,1976,capped,88755,7.329467656057127e+18
2026-09-29T14:34:01Z,mining,1,98,1,85.62,813,1,1,71.204,78.0,87.3,1976,capped,88785,7.332000930847523e+18
2026-09-29T14:34:31Z,mining,1,100,1,83.27,813,1,1,71.731,78.0,87.7,1976,capped,88815,7.334463836893741e+18
2026-09-29T14:35:01Z,mining,1,100,1,84.44,814,1,1,71.893,78.0,87.6,1976,capped,88845,7.337067480428315e+18
2026-09-29T14:35:31Z,mining,1,100,1,85.62,816,1,1,71.8,78.0,87.6,1976,capped,88875,7.339600755218711e+18
2026-09-29T14:36:01Z,mining,1,100,1,84.44,816,1,1,71.803,78.0,87.5,1976,capped,88905,7.342134030009106e+18
2026-09-29T14:36:31Z,mining,1,100,1,83.27,816,1,1,71.756,78.0,87.6,1976,capped,88935,7.344596936055325e+18
2026-09-29T14:37:01Z,mining,1,99,1,84.44,817,1,1,71.185,78.0,87.3,1976,capped,88965,7.347200579589898e+18
2026-09-29T14:37:31Z,mining,1,99,1,84.44,817,1,1,70.787,77.0,86.8,1976,capped,88995,7.349663485636116e+18
2026-09-29T14:38:01Z,mining,1,100,1,83.27,818,1,1,71.912,78.0,87.6,1976,capped,89025,7.352196760426512e+18
2026-09-29T14:38:31Z,mining,1,100,1,85.62,819,1,1,71.915,78.0,87.8,1976,capped,89055,7.354800403961086e+18
2026-09-29T14:39:01Z,mining,1,100,1,84.44,820,1,1,71.722,78.0,87.7,1976,capped,89085,7.357263310007304e+18
2026-09-29T14:39:31Z,mining,1,100,1,83.27,820,1,1,71.189,78.0,87.6,1976,capped,89115,7.3597965847977e+18
2026-09-29T14:40:01Z,mining,1,100,1,85.62,820,1,1,71.848,78.0,87.9,1976,capped,89145,7.362400228332274e+18
2026-09-29T14:40:31Z,mining,1,100,1,85.62,820,1,1,71.957,78.0,88.0,1976,capped,89175,7.36493350312267e+18
2026-09-29T14:41:01Z,mining,1,100,1,84.44,821,1,1,71.773,78.0,87.9,1976,capped,89205,7.367466777913065e+18
2026-09-29T14:41:31Z,mining,1,100,1,84.44,822,1,1,68.473,77.0,87.1,1976,capped,89235,7.370000052703461e+18
2026-09-29T14:42:01Z,mining,1,99,1,83.27,823,1,1,71.152,78.0,87.3,1976,capped,89265,7.37246295874968e+18
2026-09-29T14:42:31Z,mining,1,99,1,83.27,823,1,1,70.864,78.0,87.2,1976,capped,89295,7.374996233540076e+18
2026-09-29T14:43:01Z,mining,1,100,1,84.44,824,1,1,71.886,78.0,87.9,1976,capped,89325,7.377529508330471e+18
2026-09-29T14:43:31Z,mining,1,100,1,84.44,824,1,1,71.977,78.0,87.9,1976,capped,89355,7.380062783120867e+18
2026-09-29T14:44:01Z,mining,1,100,1,83.27,824,1,1,68.613,78.0,87.3,1976,capped,89385,7.382525689167086e+18
2026-09-29T14:44:31Z,mining,1,100,1,84.44,824,1,1,68.683,78.0,87.2,1976,capped,89415,7.385129332701659e+18
2026-09-29T14:45:01Z,mining,1,100,1,85.62,825,1,1,71.692,78.0,87.7,1976,capped,89445,7.387662607492055e+18
2026-09-29T14:45:31Z,mining,1,100,1,83.27,825,1,1,71.869,78.0,87.7,1976,capped,89475,7.390125513538273e+18
2026-09-29T14:46:01Z,mining,1,100,1,83.27,825,1,1,71.868,78.0,87.9,1976,capped,89505,7.392658788328669e+18
2026-09-29T14:46:31Z,mining,1,100,1,84.44,825,1,1,71.871,78.0,87.8,1976,capped,89535,7.395192063119065e+18
2026-09-29T14:47:01Z,mining,1,100,1,84.44,825,1,1,71.908,78.0,87.7,1976,capped,89565,7.397725337909461e+18
2026-09-29T14:47:31Z,mining,1,99,1,84.44,825,1,1,71.763,78.0,87.5,1976,capped,89595,7.400258612699857e+18
2026-09-29T14:48:01Z,mining,1,100,1,83.27,826,1,1,67.88,78.0,87.2,1976,capped,89625,7.402721518746075e+18
2026-09-29T14:48:31Z,mining,1,100,1,83.27,827,1,1,71.9,78.0,87.6,1976,capped,89655,7.405254793536471e+18
2026-09-29T14:49:01Z,mining,1,100,1,83.27,827,1,1,68.578,77.0,86.5,1976,capped,89685,7.407717699582689e+18
2026-09-29T14:49:31Z,mining,1,99,1,83.27,827,1,1,71.803,78.0,86.4,1976,capped,89715,7.410250974373085e+18
2026-09-29T14:50:01Z,mining,1,100,1,83.27,827,1,1,71.714,78.0,87.0,1976,capped,89745,7.412713880419303e+18
2026-09-29T14:50:31Z,mining,1,100,1,82.1,827,1,1,71.384,76.0,87.6,1976,capped,89775,7.415176786465522e+18
2026-09-29T14:51:01Z,mining,1,100,1,84.44,827,1,1,71.745,78.0,87.7,1976,capped,89805,7.417780430000095e+18
2026-09-29T14:51:31Z,mining,1,99,1,84.44,827,1,1,71.71,78.0,87.4,1976,capped,89835,7.420243336046313e+18
2026-09-29T14:52:01Z,mining,1,100,1,84.44,827,1,1,71.84,78.0,87.8,1976,capped,89865,7.422846979580887e+18
2026-09-29T14:52:31Z,mining,1,100,1,85.62,827,1,1,69.562,77.0,87.1,1976,capped,89895,7.425380254371283e+18
2026-09-29T14:53:01Z,mining,1,100,1,82.1,827,1,1,71.688,78.0,87.4,1976,capped,89925,7.427772791673324e+18
2026-09-29T14:53:31Z,mining,1,100,1,83.27,827,1,1,71.913,78.0,87.8,1976,capped,89955,7.430376435207897e+18
2026-09-29T14:54:01Z,mining,1,100,1,84.44,827,1,1,72.048,78.0,87.6,1976,capped,89985,7.432839341254115e+18
2026-09-29T14:54:31Z,mining,1,100,1,84.44,827,1,1,72.294,78.0,87.9,1976,capped,90015,7.435442984788689e+18
2026-09-29T14:55:01Z,mining,1,100,1,85.62,829,1,1,72.22,78.0,87.7,1976,capped,90045,7.437976259579085e+18
2026-09-29T14:55:31Z,mining,1,99,1,83.27,829,1,1,71.892,77.0,86.8,1976,capped,90075,7.440439165625303e+18
2026-09-29T14:56:01Z,mining,1,100,1,84.44,829,1,1,72.169,78.0,87.5,1976,capped,90105,7.443042809159877e+18
2026-09-29T14:56:31Z,mining,1,100,1,84.44,829,1,1,72.083,78.0,87.5,1976,capped,90135,7.445505715206095e+18
2026-09-29T14:57:01Z,mining,1,100,1,83.27,829,1,1,70.228,78.0,87.4,1976,capped,90165,7.448038989996491e+18
2026-09-29T14:57:31Z,mining,1,100,1,85.62,829,1,1,71.912,78.0,87.6,1976,capped,90195,7.450642633531064e+18
2026-09-29T14:58:01Z,mining,1,100,1,84.44,829,1,1,69.042,77.0,86.9,1976,capped,90225,7.453105539577283e+18
2026-09-29T14:58:31Z,mining,1,100,1,83.27,830,1,1,71.96,78.0,87.7,1976,capped,90255,7.455638814367678e+18
2026-09-29T14:59:01Z,mining,1,100,1,85.62,830,1,1,72.303,78.0,88.3,1976,capped,90285,7.458242457902252e+18
2026-09-29T14:59:31Z,mining,1,100,1,84.44,830,1,1,71.852,77.0,87.8,1976,capped,90315,7.46070536394847e+18
2026-09-29T15:00:01Z,mining,1,100,1,83.27,831,1,1,68.6,78.0,87.3,1976,capped,90345,7.463238638738866e+18
2026-09-29T15:00:31Z,mining,1,100,1,80.92,832,1,1,70.154,76.0,86.8,1976,capped,90375,7.465560807296729e+18
2026-09-29T15:01:01Z,mining,1,100,1,79.75,834,1,1,68.999,76.0,86.7,1976,capped,90405,7.468023713342947e+18
2026-09-29T15:01:31Z,mining,1,100,1,83.27,834,1,1,71.573,78.0,86.8,1976,capped,90435,7.470556988133343e+18
2026-09-29T15:02:01Z,mining,1,100,1,85.62,834,1,1,71.773,78.0,87.7,1976,capped,90465,7.473160631667917e+18
2026-09-29T15:02:31Z,mining,1,100,1,83.27,835,1,1,67.825,77.0,86.8,1976,capped,90495,7.475553168969957e+18
2026-09-29T15:03:01Z,mining,1,100,1,83.27,836,1,1,71.92,77.0,87.7,1976,capped,90525,7.478156812504531e+18
2026-09-29T15:03:31Z,mining,1,100,1,83.27,836,1,1,68.236,78.0,86.9,1976,capped,90555,7.480549349806572e+18
2026-09-29T15:04:01Z,mining,1,100,1,82.1,836,1,1,71.578,78.0,87.4,1976,capped,90585,7.483082624596967e+18
2026-09-29T15:04:31Z,mining,1,100,1,84.44,836,1,1,68.847,76.0,86.4,1976,capped,90615,7.485615899387363e+18
2026-09-29T15:05:01Z,mining,1,100,1,84.44,836,1,1,68.526,76.0,86.7,1976,capped,90645,7.488149174177759e+18
2026-09-29T15:05:31Z,mining,1,100,1,84.44,836,1,1,71.818,78.0,87.7,1976,capped,90675,7.490682448968155e+18
2026-09-29T15:06:01Z,mining,1,100,1,85.62,837,1,1,71.864,78.0,87.7,1976,capped,90705,7.493286092502729e+18
2026-09-29T15:06:31Z,mining,1,100,1,84.44,837,1,1,72.019,78.0,87.7,1976,capped,90735,7.495748998548947e+18
2026-09-29T15:07:01Z,mining,1,100,1,84.44,837,1,1,72.128,78.0,88.0,1976,capped,90765,7.49835264208352e+18
2026-09-29T15:07:31Z,mining,1,100,1,85.62,837,1,1,71.92,78.0,87.8,1976,capped,90795,7.500885916873916e+18
2026-09-29T15:08:01Z,mining,1,99,1,83.27,837,1,1,71.109,78.0,87.1,1976,capped,90825,7.503348822920135e+18
2026-09-29T15:08:31Z,mining,1,100,1,84.44,837,1,1,70.082,78.0,87.2,1976,capped,90855,7.505952466454708e+18
2026-09-29T15:09:01Z,mining,1,100,1,85.62,837,1,1,69.64,77.0,86.8,1976,capped,90885,7.508485741245104e+18
2026-09-29T15:09:31Z,mining,1,100,1,82.1,837,1,1,67.567,77.0,86.3,1976,capped,90915,7.510878278547145e+18
2026-09-29T15:10:01Z,mining,1,100,1,82.1,837,1,1,71.807,78.0,87.7,1976,capped,90945,7.513411553337541e+18
2026-09-29T15:10:31Z,mining,1,100,1,85.62,837,1,1,71.725,78.0,87.8,1976,capped,90975,7.516015196872114e+18
2026-09-29T15:11:01Z,mining,1,100,1,83.27,838,1,1,68.258,76.0,86.8,1976,capped,91005,7.518407734174155e+18
2026-09-29T15:11:31Z,mining,1,100,1,80.92,838,1,1,71.68,78.0,87.4,1976,capped,91035,7.520870640220373e+18
2026-09-29T15:12:01Z,mining,1,99,1,82.1,838,1,1,71.608,77.0,86.7,1976,capped,91065,7.523333546266591e+18
2026-09-29T15:12:31Z,mining,1,100,1,84.44,838,1,1,72.19,78.0,87.6,1976,capped,91095,7.525937189801165e+18
2026-09-29T15:13:01Z,mining,1,100,1,85.62,838,1,1,70.271,78.0,86.7,1976,capped,91125,7.528470464591561e+18
2026-09-29T15:13:31Z,mining,1,100,1,83.27,838,1,1,68.405,76.0,86.5,1976,capped,91155,7.530933370637779e+18
2026-09-29T15:14:01Z,mining,1,100,1,83.27,838,1,1,71.895,78.0,87.7,1976,capped,91185,7.533466645428175e+18
2026-09-29T15:14:31Z,mining,1,100,1,85.62,838,1,1,72.063,78.0,87.8,1976,capped,91215,7.536070288962748e+18
2026-09-29T15:15:01Z,mining,1,100,1,85.62,838,1,1,71.895,78.0,87.7,1976,capped,91245,7.538603563753144e+18
2026-09-29T15:15:31Z,mining,1,100,1,85.62,839,1,1,72.033,78.0,87.8,1976,capped,91275,7.541207207287718e+18
2026-09-29T15:16:01Z,mining,1,99,1,84.44,839,1,1,71.096,78.0,86.7,1976,capped,91305,7.543670113333936e+18
2026-09-29T15:16:31Z,mining,1,100,1,83.27,840,1,1,72.062,78.0,87.6,1976,capped,91335,7.546203388124332e+18
2026-09-29T15:17:01Z,mining,1,99,1,83.27,840,1,1,71.842,78.0,86.6,1976,capped,91365,7.54866629417055e+18
2026-09-29T15:17:31Z,mining,1,100,1,83.27,841,1,1,71.639,78.0,87.7,1976,capped,91395,7.551199568960946e+18
2026-09-29T15:18:01Z,mining,1,100,1,84.44,842,1,1,71.979,78.0,87.7,1976,capped,91425,7.553732843751342e+18
2026-09-29T15:18:31Z,mining,1,100,1,85.62,842,1,1,72.002,78.0,87.9,1976,capped,91455,7.556336487285916e+18
2026-09-29T15:19:01Z,mining,1,100,1,85.62,843,1,1,72.213,78.0,87.7,1976,capped,91485,7.558869762076312e+18
2026-09-29T15:19:31Z,mining,1,100,1,84.44,843,1,1,68.654,77.0,87.2,1976,capped,91515,7.561403036866707e+18
2026-09-29T15:20:01Z,mining,1,99,1,83.27,843,1,1,71.338,78.0,87.0,1976,capped,91545,7.563865942912926e+18
2026-09-29T15:20:31Z,mining,1,100,1,84.44,843,1,1,72.024,78.0,88.2,1976,capped,91575,7.566469586447499e+18
2026-09-29T15:21:01Z,mining,1,99,1,84.44,843,1,1,69.179,79.0,87.5,1976,capped,91605,7.568932492493718e+18
2026-09-29T15:21:31Z,mining,1,99,1,82.1,844,1,1,71.671,78.0,87.2,1976,capped,91635,7.571395398539936e+18
2026-09-29T15:22:01Z,mining,1,100,1,82.1,845,1,1,71.736,78.0,87.7,1976,capped,91665,7.573858304586154e+18
2026-09-29T15:22:31Z,mining,1,100,1,84.44,845,1,1,71.983,78.0,87.7,1976,capped,91695,7.576461948120728e+18
2026-09-29T15:23:01Z,mining,1,100,1,84.44,845,1,1,71.658,78.0,87.6,1976,capped,91725,7.578924854166946e+18
2026-09-29T15:23:31Z,mining,1,100,1,83.27,845,1,1,71.599,78.0,87.8,1976,capped,91755,7.581458128957342e+18
2026-09-29T15:24:01Z,mining,1,100,1,85.62,845,1,1,71.943,78.0,87.9,1976,capped,91785,7.584061772491915e+18
2026-09-29T15:24:31Z,mining,1,100,1,85.62,846,1,1,72.137,78.0,87.8,1976,capped,91815,7.586595047282311e+18
2026-09-29T15:25:01Z,mining,1,100,1,84.44,846,1,1,71.943,78.0,88.1,1976,capped,91845,7.589128322072707e+18
2026-09-29T15:25:31Z,mining,1,100,1,84.44,846,1,1,71.747,78.0,87.7,1976,capped,91875,7.591661596863103e+18
2026-09-29T15:26:01Z,mining,1,100,1,84.44,848,1,1,72.088,78.0,87.8,1976,capped,91905,7.594194871653499e+18
2026-09-29T15:26:31Z,mining,1,100,1,85.62,848,1,1,72.127,78.0,87.7,1976,capped,91935,7.596798515188072e+18
2026-09-29T15:27:01Z,mining,1,100,1,85.62,848,1,1,71.972,78.0,87.8,1976,capped,91965,7.599331789978468e+18
2026-09-29T15:27:31Z,mining,1,100,1,85.62,848,1,1,72.041,78.0,88.0,1976,capped,91995,7.601935433513042e+18
2026-09-29T15:28:01Z,mining,1,100,1,83.27,849,1,1,71.951,78.0,87.7,1976,capped,92025,7.604327970815082e+18
2026-09-29T15:28:31Z,mining,1,100,1,83.27,849,1,1,71.996,78.0,88.0,1976,capped,92055,7.606931614349656e+18
2026-09-29T15:29:01Z,mining,1,100,1,85.62,849,1,1,71.837,78.0,88.1,1976,capped,92085,7.609464889140052e+18
2026-09-29T15:29:31Z,mining,1,100,1,83.27,849,1,1,71.928,78.0,87.6,1976,capped,92115,7.61192779518627e+18
2026-09-29T15:30:01Z,mining,1,100,1,84.44,849,1,1,72.119,78.0,87.8,1976,capped,92145,7.614531438720844e+18
2026-09-29T15:30:31Z,mining,1,100,1,84.44,849,1,1,67.7,78.0,87.0,1976,capped,92175,7.616994344767062e+18
2026-09-29T15:31:01Z,mining,1,100,1,83.27,849,1,1,71.586,78.0,87.6,1976,capped,92205,7.619527619557458e+18
2026-09-29T15:31:31Z,mining,1,100,1,84.44,849,1,1,66.269,78.0,86.4,1976,capped,92235,7.622060894347854e+18
2026-09-29T15:32:01Z,mining,1,100,1,84.44,849,1,1,71.922,78.0,87.8,1976,capped,92265,7.62459416913825e+18
2026-09-29T15:32:31Z,mining,1,100,1,85.62,850,1,1,72.154,78.0,88.1,1976,capped,92295,7.627197812672823e+18
2026-09-29T15:33:01Z,mining,1,100,1,85.62,850,1,1,69.149,77.0,87.1,1976,capped,92325,7.629731087463219e+18
2026-09-29T15:33:31Z,mining,1,100,1,84.44,850,1,1,72.102,78.0,87.9,1976,capped,92355,7.632264362253615e+18
2026-09-29T15:34:01Z,mining,1,100,1,84.44,851,1,1,69.792,78.0,87.3,1976,capped,92385,7.634797637044011e+18
2026-09-29T15:34:31Z,mining,1,100,1,83.27,851,1,1,71.997,78.0,87.7,1976,capped,92415,7.637260543090229e+18
2026-09-29T15:35:01Z,mining,1,100,1,83.27,852,1,1,72.134,78.0,88.2,1976,capped,92445,7.639793817880625e+18
2026-09-29T15:35:31Z,mining,1,97,1,84.44,853,1,1,71.827,78.0,87.0,1976,capped,92475,7.642327092671021e+18
2026-09-29T15:36:01Z,mining,1,100,1,83.27,853,1,1,72.03,78.0,87.7,1976,capped,92505,7.644789998717239e+18
2026-09-29T15:36:31Z,mining,1,100,1,84.44,853,1,1,72.078,78.0,87.4,1976,capped,92535,7.647393642251813e+18
2026-09-29T15:37:01Z,mining,1,100,1,85.62,854,1,1,72.141,78.0,87.7,1976,capped,92565,7.649926917042209e+18
2026-09-29T15:37:31Z,mining,1,100,1,84.44,854,1,1,68.021,78.0,87.0,1976,capped,92595,7.652460191832605e+18
2026-09-29T15:38:01Z,mining,1,99,1,83.27,854,1,1,71.19,78.0,87.0,1976,capped,92625,7.654923097878823e+18
2026-09-29T15:38:31Z,mining,1,100,1,83.27,854,1,1,71.895,78.0,87.3,1976,capped,92655,7.657456372669219e+18
2026-09-29T15:39:01Z,mining,1,100,1,85.62,854,1,1,72.12,78.0,87.6,1976,capped,92685,7.660060016203792e+18
2026-09-29T15:39:31Z,mining,1,99,1,84.44,855,1,1,71.486,77.0,87.0,1976,capped,92715,7.662522922250011e+18
2026-09-29T15:40:01Z,mining,1,100,1,83.27,856,1,1,71.951,78.0,87.6,1976,capped,92745,7.665056197040407e+18
2026-09-29T15:40:31Z,mining,1,100,1,83.27,856,1,1,67.854,78.0,87.0,1976,capped,92775,7.667519103086625e+18
2026-09-29T15:41:01Z,mining,1,100,1,83.27,856,1,1,72.09,78.0,87.5,1976,capped,92805,7.670052377877021e+18
2026-09-29T15:41:31Z,mining,1,100,1,84.44,856,1,1,72.035,78.0,87.7,1976,capped,92835,7.672585652667417e+18
2026-09-29T15:42:01Z,mining,1,100,1,84.44,856,1,1,72.037,78.0,87.7,1976,capped,92865,7.675118927457812e+18
2026-09-29T15:42:31Z,mining,1,100,1,85.62,857,1,1,72.286,78.0,87.7,1976,capped,92895,7.677722570992386e+18
2026-09-29T15:43:01Z,mining,1,100,1,85.62,857,1,1,72.386,78.0,88.0,1976,capped,92925,7.680255845782782e+18
2026-09-29T15:43:31Z,mining,1,99,1,83.27,857,1,1,71.262,78.0,86.9,1976,capped,92955,7.682718751829e+18
2026-09-29T15:44:01Z,mining,1,100,1,83.27,858,1,1,72.024,78.0,86.8,1976,capped,92985,7.685252026619396e+18
2026-09-29T15:44:31Z,mining,1,100,1,83.27,859,1,1,71.99,78.0,87.3,1976,capped,93015,7.687714932665614e+18
2026-09-29T15:45:01Z,mining,1,100,1,84.44,859,1,1,72.038,78.0,87.7,1976,capped,93045,7.690318576200188e+18
2026-09-29T15:45:31Z,mining,1,100,1,84.44,859,1,1,69.012,78.0,87.0,1976,capped,93075,7.692781482246406e+18
2026-09-29T15:46:01Z,mining,1,100,1,83.27,859,1,1,72.186,78.0,87.7,1976,capped,93105,7.695314757036802e+18
2026-09-29T15:46:31Z,mining,1,100,1,85.62,860,1,1,68.267,78.0,87.3,1976,capped,93135,7.697918400571376e+18
2026-09-29T15:47:01Z,mining,1,100,1,84.44,860,1,1,71.001,78.0,87.4,1976,capped,93165,7.700381306617594e+18
2026-09-29T15:47:31Z,mining,1,100,1,84.44,860,1,1,72.258,78.0,87.8,1976,capped,93195,7.702984950152167e+18
2026-09-29T15:48:01Z,mining,1,99,1,85.62,860,1,1,72.111,78.0,87.4,1976,capped,93225,7.705518224942563e+18
2026-09-29T15:48:31Z,mining,1,100,1,83.27,860,1,1,71.028,77.0,87.3,1976,capped,93255,7.707981130988782e+18
2026-09-29T15:49:01Z,mining,1,100,1,83.27,860,1,1,72.005,78.0,87.7,1976,capped,93285,7.710514405779177e+18
2026-09-29T15:49:31Z,mining,1,100,1,85.62,860,1,1,63.429,78.0,86.9,1976,capped,93315,7.713118049313751e+18
2026-09-29T15:50:02Z,mining,1,100,1,84.44,860,1,1,69.35,78.0,87.0,1976,capped,93345,7.715580955359969e+18
2026-09-29T15:50:32Z,mining,1,100,1,83.27,860,1,1,69.258,77.0,86.9,1976,capped,93375,7.718114230150365e+18
2026-09-29T15:51:02Z,mining,1,99,1,82.1,860,1,1,71.217,78.0,86.8,1976,capped,93405,7.720506767452406e+18
2026-09-29T15:51:32Z,mining,1,100,1,82.1,860,1,1,69.053,77.0,86.3,1976,capped,93435,7.723040042242802e+18
2026-09-29T15:57:12Z,mining,1,100,1,72.71,864,2,2,63.457,75.0,84.2,1976,capped,93776,7.750343114983735e+18
2026-09-29T15:57:42Z,mining,1,100,1,72.71,865,2,2,63.889,76.0,84.0,1976,capped,93806,7.752594914797421e+18
2026-09-29T15:58:12Z,mining,1,100,1,78.58,865,2,2,69.261,77.0,86.3,1976,capped,93836,7.755057820843639e+18
2026-09-29T15:58:42Z,mining,1,99,1,83.27,865,2,2,68.342,77.0,86.1,1976,capped,93866,7.757591095634035e+18
2026-09-29T15:59:12Z,mining,1,100,1,82.1,865,2,2,68.733,77.0,86.2,1976,capped,93896,7.759983632936075e+18
2026-09-29T15:59:42Z,mining,1,100,1,83.27,865,2,2,71.692,78.0,87.7,1976,capped,93926,7.762587276470649e+18
2026-09-29T16:00:12Z,mining,1,100,1,84.44,865,2,2,67.698,78.0,87.0,1976,capped,93956,7.765050182516867e+18
2026-09-29T16:00:42Z,mining,1,100,1,83.27,865,2,2,71.677,78.0,87.6,1976,capped,93986,7.767583457307263e+18
2026-09-29T16:01:12Z,mining,1,100,1,85.62,866,2,2,71.813,78.0,87.5,1976,capped,94016,7.770187100841837e+18
2026-09-29T16:01:42Z,mining,1,100,1,83.27,866,2,2,67.598,78.0,86.4,1976,capped,94046,7.772579638143877e+18
2026-09-29T16:02:12Z,mining,1,100,1,80.92,866,2,2,71.59,78.0,87.5,1976,capped,94076,7.775042544190095e+18
2026-09-29T16:02:42Z,mining,1,100,1,82.1,866,2,2,68.332,77.0,86.2,1976,capped,94106,7.777505450236314e+18
2026-09-29T16:03:12Z,mining,1,100,1,83.27,866,2,2,71.855,78.0,87.5,1976,capped,94136,7.78003872502671e+18
2026-09-29T16:03:42Z,mining,1,100,1,83.27,866,2,2,67.781,77.0,86.3,1976,capped,94166,7.782501631072928e+18
2026-09-29T16:04:12Z,mining,1,100,1,84.44,866,2,2,71.747,78.0,87.7,1976,capped,94196,7.785105274607501e+18
2026-09-29T16:04:42Z,mining,1,100,1,85.62,866,2,2,71.583,78.0,87.7,1976,capped,94226,7.787638549397897e+18
2026-09-29T16:05:12Z,mining,1,100,1,82.1,866,2,2,70.316,78.0,87.3,1976,capped,94256,7.790031086699938e+18
2026-09-29T16:05:42Z,mining,1,100,1,83.27,866,2,2,71.696,78.0,87.9,1976,capped,94286,7.792634730234511e+18
2026-09-29T16:06:12Z,mining,1,100,1,85.62,866,2,2,71.254,78.0,87.5,1976,capped,94316,7.795168005024907e+18
2026-09-29T16:06:42Z,mining,1,100,1,85.62,867,2,2,64.25,78.0,86.9,1976,capped,94346,7.797771648559481e+18
2026-09-29T16:07:12Z,mining,1,100,1,85.62,867,2,2,71.832,78.0,88.0,1976,capped,94376,7.800304923349877e+18
2026-09-29T16:07:42Z,mining,1,100,1,85.62,867,2,2,71.942,78.0,87.6,1976,capped,94406,7.80290856688445e+18
2026-09-29T16:08:12Z,mining,1,100,1,84.44,867,2,2,72.001,78.0,87.7,1976,capped,94436,7.805371472930669e+18
2026-09-29T16:08:42Z,mining,1,100,1,83.27,867,2,2,71.953,78.0,87.7,1976,capped,94466,7.807904747721064e+18
2026-09-29T16:09:13Z,mining,1,100,1,83.27,867,2,2,71.839,78.0,87.6,1976,capped,94496,7.810367653767283e+18
2026-09-29T16:09:43Z,mining,1,100,1,84.44,868,2,2,71.772,78.0,87.8,1976,capped,94526,7.812971297301856e+18
2026-09-29T16:10:13Z,mining,1,100,1,85.62,868,2,2,71.841,78.0,88.0,1976,capped,94556,7.815504572092252e+18
2026-09-29T16:10:43Z,mining,1,100,1,84.44,868,2,2,72.122,78.0,87.8,1976,capped,94586,7.818037846882648e+18
2026-09-29T16:11:13Z,mining,1,99,1,85.62,868,2,2,71.973,79.0,88.1,1976,capped,94616,7.820641490417222e+18
2026-09-29T16:11:43Z,mining,1,99,1,84.44,868,2,2,71.257,78.0,87.3,1976,capped,94646,7.82310439646344e+18
2026-09-29T16:12:13Z,mining,1,100,1,84.44,868,2,2,72.083,78.0,88.0,1976,capped,94676,7.825708039998013e+18
2026-09-29T16:12:43Z,mining,1,100,1,84.44,869,2,2,68.933,77.0,86.8,1976,capped,94706,7.828170946044232e+18
2026-09-29T16:13:13Z,mining,1,100,1,83.27,869,2,2,71.884,78.0,88.0,1976,capped,94736,7.830704220834628e+18
2026-09-29T16:13:43Z,mining,1,100,1,84.44,870,2,2,71.856,78.0,87.7,1976,capped,94766,7.833237495625023e+18
2026-09-29T16:14:13Z,mining,1,97,1,85.62,870,2,2,70.487,78.0,86.7,1976,capped,94796,7.835841139159597e+18
2026-09-29T16:14:43Z,mining,1,100,1,85.62,870,2,2,72.05,78.0,87.6,1976,capped,94826,7.838374413949993e+18
2026-09-29T16:15:13Z,mining,1,100,1,84.44,870,2,2,72.023,78.0,87.7,1976,capped,94856,7.840907688740389e+18
2026-09-29T16:15:43Z,mining,1,100,1,83.27,871,2,2,71.747,78.0,87.5,1976,capped,94886,7.843370594786607e+18
2026-09-29T16:16:13Z,mining,1,99,1,80.92,871,2,2,71.391,78.0,87.3,1976,capped,94916,7.845763132088648e+18
2026-09-29T16:16:43Z,mining,1,100,1,82.1,871,2,2,71.845,78.0,87.7,1976,capped,94946,7.848296406879044e+18
2026-09-29T16:17:13Z,mining,1,100,1,84.44,871,2,2,68.65,78.0,87.0,1976,capped,94976,7.85082968166944e+18
2026-09-29T16:17:43Z,mining,1,100,1,84.44,871,2,2,71.742,78.0,88.0,1976,capped,95006,7.853362956459835e+18
2026-09-29T16:18:13Z,mining,1,100,1,85.62,871,2,2,71.952,78.0,87.7,1976,capped,95036,7.855966599994409e+18
2026-09-29T16:18:43Z,mining,1,100,1,84.44,871,2,2,68.439,76.0,86.8,1976,capped,95066,7.858429506040627e+18
2026-09-29T16:19:13Z,mining,1,100,1,82.1,872,2,2,69.347,77.0,87.2,1976,capped,95096,7.860892412086845e+18
2026-09-29T16:19:43Z,mining,1,100,1,84.44,873,2,2,71.884,78.0,87.7,1976,capped,95126,7.863496055621419e+18
2026-09-29T16:20:13Z,mining,1,100,1,85.62,874,2,2,69.393,78.0,87.3,1976,capped,95156,7.866029330411815e+18
2026-09-29T16:20:43Z,mining,1,100,1,83.27,874,2,2,72.157,78.0,86.9,1976,capped,95186,7.868492236458033e+18
2026-09-29T16:21:13Z,mining,1,98,1,83.27,874,2,2,72.139,79.0,88.1,1976,capped,95216,7.871025511248429e+18
2026-09-29T16:21:43Z,mining,1,100,1,84.44,874,2,2,71.933,78.0,87.6,1976,capped,95246,7.873558786038825e+18
2026-09-29T16:22:13Z,mining,1,100,1,83.27,874,2,2,71.966,78.0,87.6,1976,capped,95276,7.876021692085043e+18
2026-09-29T16:22:43Z,mining,1,100,1,84.44,874,2,2,68.784,78.0,87.5,1976,capped,95306,7.878625335619617e+18
2026-09-29T16:23:13Z,mining,1,100,1,84.44,874,2,2,71.79,77.0,87.5,1976,capped,95336,7.881088241665835e+18
2026-09-29T16:23:43Z,mining,1,100,1,83.27,874,2,2,71.559,78.0,87.9,1976,capped,95366,7.883621516456231e+18
2026-09-29T16:24:13Z,mining,1,100,1,84.44,874,2,2,68.079,77.0,86.3,1976,capped,95396,7.886154791246627e+18
2026-09-29T16:24:43Z,mining,1,100,1,84.44,874,2,2,71.767,78.0,87.6,1976,capped,95426,7.888688066037023e+18
2026-09-29T16:25:13Z,mining,1,100,1,84.44,874,2,2,68.522,78.0,87.2,1976,capped,95456,7.891221340827419e+18
2026-09-29T16:25:43Z,mining,1,100,1,84.44,875,2,2,71.689,78.0,87.7,1976,capped,95486,7.893754615617815e+18
2026-09-29T16:26:13Z,mining,1,100,1,83.27,875,2,2,68.389,78.0,87.0,1976,capped,95516,7.896217521664033e+18
2026-09-29T16:26:43Z,mining,1,100,1,83.27,875,2,2,72.037,78.0,87.7,1976,capped,95546,7.898750796454429e+18
2026-09-29T16:27:13Z,mining,1,100,1,85.62,876,2,2,71.756,78.0,87.7,1976,capped,95576,7.901354439989002e+18
2026-09-29T16:27:43Z,mining,1,100,1,82.1,876,2,2,64.146,77.0,84.6,1976,capped,95606,7.903676608546865e+18
2026-09-29T16:28:13Z,mining,1,100,1,79.75,876,2,2,69.271,78.0,86.8,1976,capped,95636,7.906139514593083e+18
2026-09-29T16:28:43Z,mining,1,100,1,82.1,877,2,2,71.877,78.0,87.6,1976,capped,95666,7.908602420639302e+18
2026-09-29T16:29:13Z,mining,1,100,1,84.44,877,2,2,68.998,77.0,86.7,1976,capped,95696,7.911206064173875e+18
2026-09-29T16:29:43Z,mining,1,100,1,84.44,877,2,2,68.46,76.0,86.8,1976,capped,95726,7.913668970220093e+18
2026-09-29T16:30:13Z,mining,1,99,1,82.1,877,2,2,71.568,78.0,86.3,1976,capped,95756,7.916131876266312e+18
2026-09-29T16:30:43Z,mining,1,100,1,84.44,877,2,2,71.91,78.0,87.6,1976,capped,95786,7.918805888545063e+18
2026-09-29T16:31:13Z,mining,1,100,1,85.62,877,2,2,71.699,78.0,88.0,1976,capped,95816,7.921268794591281e+18
2026-09-29T16:31:43Z,mining,1,99,1,82.1,877,2,2,71.514,78.0,86.6,1976,capped,95846,7.923731700637499e+18
2026-09-29T16:32:13Z,mining,1,99,1,80.92,877,2,2,71.485,77.0,85.9,1976,capped,95876,7.92612423793954e+18
2026-09-29T16:32:43Z,mining,1,100,1,84.44,879,2,2,71.925,78.0,87.5,1976,capped,95906,7.928727881474114e+18
2026-09-29T16:33:13Z,mining,1,100,1,85.62,879,2,2,68.447,77.0,86.7,1976,capped,95936,7.931261156264509e+18
2026-09-29T16:33:43Z,mining,1,100,1,83.27,879,2,2,68.59,77.0,86.3,1976,capped,95966,7.933724062310728e+18
2026-09-29T16:34:13Z,mining,1,100,1,82.1,880,2,2,68.408,77.0,86.2,1976,capped,95996,7.936186968356946e+18
2026-09-29T16:34:43Z,mining,1,100,1,83.27,880,2,2,71.95,78.0,87.7,1976,capped,96026,7.938720243147342e+18
2026-09-29T16:35:13Z,mining,1,100,1,85.62,880,2,2,71.75,78.0,87.7,1976,capped,96056,7.941323886681915e+18
2026-09-29T16:35:43Z,mining,1,100,1,85.62,880,2,2,68.998,78.0,87.1,1976,capped,96086,7.943857161472311e+18
2026-09-29T16:36:13Z,mining,1,100,1,84.44,882,2,2,71.666,78.0,87.5,1976,capped,96116,7.946390436262707e+18
2026-09-29T16:36:43Z,mining,1,100,1,85.62,882,2,2,72.027,78.0,87.6,1976,capped,96146,7.948994079797281e+18
2026-09-29T16:37:13Z,mining,1,100,1,86.79,882,2,2,71.637,78.0,87.6,1976,capped,96176,7.951668092076032e+18
2026-09-29T16:37:43Z,mining,1,100,1,83.27,882,2,2,68.152,78.0,87.0,1976,capped,96206,7.954060629378073e+18
2026-09-29T16:38:13Z,mining,1,100,1,83.27,883,2,2,71.857,78.0,87.8,1976,capped,96236,7.956593904168468e+18
2026-09-29T16:38:43Z,mining,1,100,1,85.62,883,2,2,71.851,78.0,87.7,1976,capped,96266,7.959127178958864e+18
2026-09-29T16:39:13Z,mining,1,100,1,82.1,883,2,2,68.888,78.0,87.1,1976,capped,96296,7.961519716260905e+18
2026-09-29T16:39:43Z,mining,1,100,1,82.1,883,2,2,71.664,78.0,87.7,1976,capped,96326,7.964052991051301e+18
2026-09-29T16:40:13Z,mining,1,100,1,84.44,883,3,3,71.41,78.0,87.7,1976,capped,96356,7.966586265841697e+18
2026-09-29T16:40:43Z,mining,1,100,1,84.44,883,3,3,71.937,78.0,87.8,1976,capped,96386,7.96918990937627e+18
2026-09-29T16:41:13Z,mining,1,100,1,85.62,883,3,3,68.065,78.0,87.3,1976,capped,96416,7.971793552910844e+18
2026-09-29T16:41:43Z,mining,1,100,1,82.1,883,3,3,71.746,78.0,87.7,1976,capped,96446,7.974115721468707e+18
2026-09-29T16:42:13Z,mining,1,100,1,80.92,883,3,3,71.82,78.0,87.3,1976,capped,96476,7.976578627514925e+18
2026-09-29T16:42:43Z,mining,1,100,1,84.44,883,3,3,68.314,78.0,87.0,1976,capped,96506,7.979111902305321e+18
2026-09-29T16:43:13Z,mining,1,100,1,83.27,883,3,3,68.777,77.0,86.5,1976,capped,96537,7.981645177095717e+18
2026-09-29T16:43:43Z,mining,1,100,1,79.75,883,3,3,71.552,78.0,86.3,1976,capped,96567,7.98396734565358e+18
2026-09-29T16:44:13Z,mining,1,100,1,80.92,883,3,3,71.605,77.0,86.1,1976,capped,96597,7.986500620443976e+18
2026-09-29T16:44:43Z,mining,1,100,1,83.27,883,3,3,71.689,77.0,85.8,1976,capped,96627,7.988963526490194e+18
2026-09-29T16:45:13Z,mining,1,100,1,80.92,883,3,3,69.174,77.0,86.2,1976,capped,96657,7.991356063792234e+18
2026-09-29T16:45:43Z,mining,1,100,1,83.27,885,3,3,71.653,78.0,87.7,1976,capped,96687,7.993959707326808e+18
2026-09-29T16:46:13Z,mining,1,100,1,85.62,885,3,3,71.556,78.0,87.6,1976,capped,96717,7.996492982117204e+18
2026-09-29T16:46:43Z,mining,1,100,1,85.62,885,3,3,68.761,78.0,87.3,1976,capped,96747,7.999096625651778e+18
2026-09-29T16:47:13Z,mining,1,100,1,84.44,885,3,3,71.578,78.0,87.6,1976,capped,96777,8.001559531697996e+18
2026-09-29T16:47:43Z,mining,1,100,1,83.27,885,3,3,71.581,78.0,87.7,1976,capped,96807,8.004092806488392e+18
2026-09-29T16:48:13Z,mining,1,100,1,84.44,888,3,3,71.711,78.0,87.1,1976,capped,96837,8.006626081278788e+18
2026-09-29T16:48:43Z,mining,1,100,1,84.44,888,3,3,70.23,78.0,87.4,1976,capped,96867,8.009159356069183e+18
2026-09-29T16:49:13Z,mining,1,100,1,83.27,888,3,3,66.2,78.0,86.8,1976,capped,96897,8.011622262115402e+18
2026-09-29T16:49:43Z,mining,1,100,1,83.27,889,3,3,71.612,78.0,87.4,1976,capped,96927,8.014155536905798e+18
2026-09-29T16:50:13Z,mining,1,100,1,83.27,889,3,3,68.667,75.0,86.5,1976,capped,96957,8.016618442952016e+18
2026-09-29T16:50:43Z,mining,1,100,1,82.1,890,3,3,71.85,78.0,87.4,1976,capped,96987,8.019081348998234e+18
2026-09-29T16:51:13Z,mining,1,100,1,83.27,890,3,3,68.0,78.0,87.0,1976,capped,97017,8.02161462378863e+18
2026-09-29T16:51:43Z,mining,1,100,1,84.44,890,3,3,71.827,78.0,87.5,1976,capped,97047,8.024147898579026e+18
2026-09-29T16:52:13Z,mining,1,100,1,83.27,890,3,3,72.064,78.0,87.5,1976,capped,97077,8.026610804625244e+18
2026-09-29T16:52:43Z,mining,1,100,1,84.44,890,3,3,72.064,78.0,87.7,1976,capped,97107,8.029214448159818e+18
2026-09-29T16:53:13Z,mining,1,100,1,84.44,891,3,3,72.036,78.0,87.6,1976,capped,97137,8.031677354206036e+18
2026-09-29T16:53:43Z,mining,1,100,1,83.27,891,3,3,71.64,78.0,87.2,1976,capped,97167,8.034210628996432e+18
2026-09-29T16:54:13Z,mining,1,100,1,84.44,891,3,3,68.514,77.0,87.2,1976,capped,97197,8.036743903786828e+18
2026-09-29T16:54:43Z,mining,1,100,1,83.27,891,3,3,68.513,77.0,86.8,1976,capped,97227,8.039206809833046e+18
2026-09-29T16:55:13Z,mining,1,100,1,82.1,891,3,3,71.642,78.0,86.8,1976,capped,97257,8.041669715879264e+18
2026-09-29T16:55:43Z,mining,1,100,1,82.1,891,3,3,71.7,78.0,87.7,1976,capped,97287,8.044132621925482e+18
2026-09-29T16:56:13Z,mining,1,100,1,83.27,891,3,3,63.182,78.0,87.0,1976,capped,97317,8.046665896715878e+18
2026-09-29T16:56:43Z,mining,1,100,1,83.27,891,3,3,68.863,77.0,87.2,1976,capped,97347,8.049128802762097e+18
2026-09-29T16:57:13Z,mining,1,100,1,83.27,891,3,3,71.919,78.0,87.7,1976,capped,97377,8.051662077552493e+18
2026-09-29T16:57:43Z,mining,1,100,1,84.44,892,3,3,64.567,77.0,86.0,1976,capped,97407,8.054195352342888e+18
2026-09-29T16:58:13Z,mining,1,100,1,82.1,893,3,3,71.869,78.0,87.6,1976,capped,97437,8.056587889644929e+18
2026-09-29T16:58:43Z,mining,1,100,1,82.1,893,3,3,71.942,78.0,87.6,1976,capped,97467,8.059121164435325e+18
2026-09-29T16:59:13Z,mining,1,100,1,84.44,893,3,3,72.093,78.0,87.7,1976,capped,97497,8.061654439225721e+18
2026-09-29T16:59:43Z,mining,1,100,1,83.27,893,3,3,71.913,78.0,87.7,1976,capped,97527,8.064117345271939e+18
2026-09-29T17:00:13Z,mining,1,100,1,83.27,893,3,3,71.998,78.0,87.7,1976,capped,97557,8.066650620062335e+18
2026-09-29T17:00:43Z,mining,1,100,1,83.27,893,3,3,69.031,77.0,87.2,1976,capped,97587,8.069113526108553e+18
2026-09-29T17:01:13Z,mining,1,100,1,83.27,893,3,3,71.902,78.0,87.5,1976,capped,97617,8.071646800898949e+18
2026-09-29T17:01:43Z,mining,1,100,1,83.27,894,3,3,68.562,78.0,87.1,1976,capped,97647,8.074109706945167e+18
2026-09-29T17:02:13Z,mining,1,100,1,82.1,895,3,3,68.105,77.0,86.7,1976,capped,97677,8.076572612991386e+18
2026-09-29T17:02:43Z,mining,1,100,1,83.27,895,3,3,69.573,77.0,87.3,1976,capped,97707,8.079105887781782e+18
2026-09-29T17:03:13Z,mining,1,100,1,84.44,895,3,3,71.949,78.0,87.9,1976,capped,97737,8.081639162572177e+18
2026-09-29T17:03:43Z,mining,1,100,1,83.27,895,3,3,71.137,78.0,87.0,1976,capped,97767,8.084102068618396e+18
2026-09-29T17:04:13Z,mining,1,100,1,83.27,895,3,3,68.343,78.0,87.0,1976,capped,97797,8.086635343408792e+18
2026-09-29T17:04:43Z,mining,1,100,1,84.44,895,3,3,71.679,78.0,87.6,1976,capped,97827,8.089168618199187e+18
2026-09-29T17:05:13Z,mining,1,96,1,83.27,895,3,3,72.044,78.0,86.6,1976,capped,97857,8.091631524245406e+18
2026-09-29T17:05:43Z,mining,1,100,1,83.27,895,3,3,68.267,78.0,87.2,1976,capped,97887,8.094164799035802e+18
2026-09-29T17:06:13Z,mining,1,100,1,84.44,896,3,3,71.815,78.0,87.6,1976,capped,97917,8.096698073826198e+18
2026-09-29T17:06:43Z,mining,1,100,1,83.27,896,3,3,66.796,78.0,86.5,1976,capped,97947,8.099160979872416e+18
2026-09-29T17:07:13Z,mining,1,100,1,82.1,896,3,3,71.497,78.0,86.9,1976,capped,97977,8.101623885918634e+18
2026-09-29T17:07:43Z,mining,1,100,1,83.27,896,3,3,72.162,78.0,87.7,1976,capped,98007,8.10415716070903e+18
2026-09-29T17:08:13Z,mining,1,100,1,83.27,896,3,3,72.056,78.0,87.7,1976,capped,98037,8.106620066755248e+18
2026-09-29T17:08:43Z,mining,1,100,1,83.27,896,3,3,72.044,78.0,87.3,1976,capped,98067,8.109153341545644e+18
2026-09-29T17:09:13Z,mining,1,100,1,84.44,896,3,3,72.008,78.0,87.7,1976,capped,98097,8.11168661633604e+18
2026-09-29T17:09:43Z,mining,1,100,1,83.27,896,3,3,72.196,78.0,87.7,1976,capped,98127,8.114149522382258e+18
2026-09-29T17:10:13Z,mining,1,100,1,83.27,896,3,3,71.848,78.0,87.4,1976,capped,98157,8.116682797172654e+18
2026-09-29T17:10:43Z,mining,1,100,1,84.44,897,3,3,71.913,78.0,87.7,1976,capped,98187,8.11921607196305e+18
2026-09-29T17:11:13Z,mining,1,98,1,84.44,898,3,3,72.117,79.0,87.1,1976,capped,98217,8.121749346753446e+18
2026-09-29T17:11:43Z,mining,1,100,1,84.44,898,3,3,68.087,77.0,86.3,1976,capped,98247,8.124282621543842e+18
2026-09-29T17:12:13Z,mining,1,100,1,83.27,899,3,3,71.742,78.0,87.7,1976,capped,98277,8.12674552759006e+18
2026-09-29T17:12:43Z,mining,1,100,1,82.1,899,3,3,69.03,77.0,87.0,1976,capped,98307,8.129208433636278e+18
2026-09-29T17:13:13Z,mining,1,100,1,83.27,900,3,3,69.223,78.0,87.3,1976,capped,98337,8.131741708426674e+18
2026-09-29T17:13:43Z,mining,1,100,1,84.44,900,3,3,68.959,78.0,87.1,1976,capped,98367,8.13427498321707e+18
2026-09-29T17:14:13Z,mining,1,100,1,84.44,901,3,3,68.136,78.0,87.1,1976,capped,98397,8.136808258007466e+18
2026-09-29T17:14:43Z,mining,1,100,1,84.44,901,3,3,68.688,78.0,87.2,1976,capped,98427,8.139341532797862e+18
2026-09-29T17:15:13Z,mining,1,100,1,83.27,901,3,3,68.108,78.0,87.2,1976,capped,98457,8.14180443884408e+18
2026-09-29T17:15:43Z,mining,1,100,1,84.44,901,3,3,67.853,78.0,87.0,1976,capped,98487,8.144408082378654e+18
2026-09-29T17:16:13Z,mining,1,100,1,85.62,902,3,3,68.639,75.0,86.7,1976,capped,98517,8.14694135716905e+18
2026-09-29T17:16:43Z,mining,1,100,1,84.44,902,3,3,71.989,78.0,87.7,1976,capped,98547,8.149474631959446e+18
2026-09-29T17:17:13Z,mining,1,100,1,84.44,903,3,3,72.084,78.0,87.5,1976,capped,98577,8.152007906749841e+18
2026-09-29T17:17:43Z,mining,1,100,1,82.1,903,3,3,67.214,77.0,86.5,1976,capped,98607,8.154400444051882e+18
2026-09-29T17:18:13Z,mining,1,100,1,82.1,903,3,3,71.893,78.0,87.6,1976,capped,98637,8.156933718842278e+18
2026-09-29T17:18:43Z,mining,1,100,1,84.44,903,3,3,68.015,78.0,87.1,1976,capped,98667,8.159466993632674e+18
2026-09-29T17:19:13Z,mining,1,100,1,83.27,903,3,3,68.055,78.0,86.6,1976,capped,98697,8.161929899678892e+18
2026-09-29T17:19:43Z,mining,1,100,1,83.27,904,3,3,71.817,78.0,87.7,1976,capped,98727,8.164463174469288e+18
2026-09-29T17:20:13Z,mining,1,99,1,84.44,904,3,3,71.658,78.0,87.2,1976,capped,98757,8.166996449259684e+18
2026-09-29T17:20:43Z,mining,1,100,1,84.44,904,3,3,69.979,78.0,87.4,1976,capped,98787,8.16952972405008e+18
2026-09-29T17:21:13Z,mining,1,100,1,82.1,904,3,3,68.041,78.0,87.1,1976,capped,98817,8.17192226135212e+18
2026-09-29T17:21:43Z,mining,1,100,1,82.1,905,3,3,71.788,78.0,87.1,1976,capped,98847,8.174455536142516e+18
2026-09-29T17:22:13Z,mining,1,100,1,83.27,905,3,3,69.031,77.0,86.9,1976,capped,98877,8.176918442188734e+18
2026-09-29T17:22:43Z,mining,1,100,1,82.1,905,3,3,71.598,78.0,87.6,1976,capped,98907,8.179381348234953e+18
2026-09-29T17:23:13Z,mining,1,100,1,84.44,906,3,3,71.653,78.0,87.6,1976,capped,98937,8.181984991769526e+18
2026-09-29T17:23:43Z,mining,1,100,1,83.27,907,3,3,71.25,78.0,86.9,1976,capped,98967,8.184377529071567e+18
2026-09-29T17:24:13Z,mining,1,100,1,83.27,907,3,3,68.712,76.0,86.7,1976,capped,98997,8.18698117260614e+18
2026-09-29T17:24:43Z,mining,1,100,1,84.44,907,3,3,69.043,77.0,86.4,1976,capped,99027,8.189444078652359e+18
2026-09-29T17:25:13Z,mining,1,100,1,82.1,907,3,3,71.127,78.0,87.1,1976,capped,99057,8.191906984698577e+18
2026-09-29T17:25:43Z,mining,1,100,1,82.1,907,3,3,71.46,78.0,86.5,1976,capped,99087,8.194369890744795e+18
2026-09-29T17:26:13Z,mining,1,100,1,83.27,908,3,3,71.704,78.0,87.4,1976,capped,99117,8.196903165535191e+18
2026-09-29T17:26:43Z,mining,1,100,1,84.44,908,3,3,65.745,78.0,86.9,1976,capped,99147,8.199436440325587e+18
2026-09-29T17:27:13Z,mining,1,100,1,84.44,909,3,3,68.632,78.0,87.0,1976,capped,99177,8.201969715115983e+18
2026-09-29T17:27:43Z,mining,1,100,1,84.44,909,3,3,71.789,78.0,87.7,1976,capped,99207,8.204502989906379e+18
2026-09-29T17:28:13Z,mining,1,100,1,80.92,909,3,3,64.212,77.0,85.0,1976,capped,99237,8.206825158464242e+18
2026-09-29T17:28:43Z,mining,1,100,1,76.23,910,3,3,64.452,76.0,84.8,1976,capped,99267,8.209076958277927e+18
2026-09-29T17:29:13Z,mining,1,100,1,76.23,910,3,3,64.017,76.0,84.7,1976,capped,99297,8.21139912683579e+18
2026-09-29T17:29:43Z,mining,1,100,1,76.23,910,3,3,63.402,75.0,84.1,1976,capped,99327,8.213650926649475e+18
2026-09-29T17:30:13Z,mining,1,100,1,76.23,910,3,3,63.899,76.0,84.2,1976,capped,99357,8.215973095207338e+18
2026-09-29T17:30:43Z,mining,1,100,1,76.23,910,3,3,64.377,76.0,84.3,1976,capped,99387,8.218224895021023e+18
2026-09-29T17:31:13Z,mining,1,100,1,76.23,910,3,3,64.662,76.0,83.9,1976,capped,99417,8.220547063578886e+18
2026-09-29T17:31:43Z,mining,1,100,1,76.23,910,3,3,64.595,75.0,84.5,1976,capped,99447,8.222798863392571e+18
2026-09-29T17:32:13Z,mining,1,100,1,76.23,911,3,3,63.605,75.0,83.9,1976,capped,99477,8.225121031950434e+18
2026-09-29T17:32:43Z,mining,1,98,1,76.23,911,3,3,63.373,76.0,83.2,1976,capped,99507,8.22737283176412e+18
2026-09-29T17:33:13Z,mining,1,100,1,75.06,911,3,3,63.832,75.0,83.9,1976,capped,99537,8.229624631577805e+18
2026-09-29T17:33:43Z,mining,1,100,1,76.23,911,3,3,64.461,76.0,84.0,1976,capped,99567,8.231946800135668e+18
2026-09-29T17:34:13Z,mining,1,100,1,76.23,911,3,3,64.404,76.0,83.9,1976,capped,99597,8.234198599949353e+18
2026-09-29T17:34:43Z,mining,1,100,1,75.06,911,3,3,63.794,75.0,83.8,1976,capped,99627,8.236450399763038e+18
2026-09-29T17:35:13Z,mining,1,100,1,76.23,911,3,3,64.075,76.0,84.0,1976,capped,99657,8.238772568320901e+18
2026-09-29T17:35:43Z,mining,1,100,1,77.41,912,3,3,63.405,75.0,83.7,1976,capped,99687,8.241094736878764e+18
2026-09-29T17:36:13Z,mining,1,100,1,76.23,912,3,3,63.662,76.0,83.6,1976,capped,99717,8.243346536692449e+18
2026-09-29T17:36:43Z,mining,1,100,1,75.06,913,3,3,63.768,75.0,83.3,1976,capped,99747,8.245598336506135e+18
2026-09-29T17:37:13Z,mining,1,100,1,76.23,913,3,3,63.915,75.0,83.7,1976,capped,99777,8.247920505063997e+18
2026-09-29T17:37:43Z,mining,1,100,1,77.41,913,3,3,63.907,75.0,83.9,1976,capped,99807,8.25024267362186e+18
2026-09-29T17:38:13Z,mining,1,100,1,76.23,913,3,3,64.004,75.0,84.0,1976,capped,99837,8.252494473435546e+18
2026-09-29T17:38:43Z,mining,1,100,1,76.23,915,3,3,63.573,75.0,83.7,1976,capped,99867,8.254816641993409e+18
2026-09-29T17:39:13Z,mining,1,100,1,77.41,915,3,3,63.379,75.0,83.6,1976,capped,99897,8.257138810551271e+18
2026-09-29T17:39:43Z,mining,1,100,1,76.23,915,3,3,63.248,75.0,83.4,1976,capped,99927,8.259390610364957e+18
2026-09-29T17:40:13Z,mining,1,100,1,75.06,915,3,3,63.587,75.0,83.6,1976,capped,99957,8.261642410178642e+18
2026-09-29T17:40:43Z,mining,1,100,1,76.23,915,3,3,64.225,76.0,84.3,1976,capped,99987,8.263964578736505e+18
2026-09-29T17:41:13Z,mining,1,100,1,77.41,915,3,3,63.95,75.0,84.2,1976,capped,100017,8.266286747294368e+18
2026-09-29T17:41:43Z,mining,1,100,1,76.23,915,3,3,64.329,76.0,85.1,1976,capped,100047,8.268538547108053e+18
2026-09-29T17:42:13Z,mining,1,100,1,76.23,918,3,3,66.941,76.0,84.4,1976,capped,100077,8.270860715665916e+18
2026-09-29T17:42:43Z,mining,1,100,1,76.23,918,3,3,63.458,74.0,83.1,1976,capped,100107,8.273112515479601e+18
2026-09-29T17:43:13Z,mining,1,100,1,75.06,918,3,3,63.36,75.0,85.2,1976,capped,100137,8.275364315293286e+18
2026-09-29T17:43:43Z,mining,1,100,1,76.23,918,3,3,64.001,75.0,83.4,1976,capped,100167,8.277686483851149e+18
2026-09-29T17:44:13Z,mining,1,100,1,76.23,918,3,3,63.988,76.0,84.6,1976,capped,100197,8.279938283664835e+18
2026-09-29T17:44:43Z,mining,1,100,1,76.23,918,3,3,63.667,75.0,85.1,1976,capped,100227,8.282260452222697e+18
2026-09-29T17:45:13Z,mining,1,97,1,75.06,919,3,3,63.889,75.0,82.7,1976,capped,100257,8.284441883292205e+18
2026-09-29T17:45:43Z,mining,1,100,1,73.89,919,3,3,63.777,76.0,83.5,1976,capped,100287,8.28669368310589e+18
2026-09-29T17:46:13Z,mining,1,100,1,75.06,919,3,3,63.57,75.0,82.9,1976,capped,100317,8.288945482919576e+18
2026-09-29T17:46:43Z,mining,1,100,1,75.06,919,3,3,63.502,75.0,83.3,1976,capped,100347,8.291197282733261e+18
2026-09-29T17:47:13Z,mining,1,100,1,76.23,919,3,3,63.815,75.0,83.4,1976,capped,100377,8.293519451291124e+18
2026-09-29T17:47:43Z,mining,1,100,1,76.23,919,3,3,64.321,75.0,84.5,1976,capped,100407,8.295771251104809e+18
2026-09-29T17:48:13Z,mining,1,100,1,76.23,919,3,3,64.008,75.0,83.4,1976,capped,100437,8.298093419662672e+18
2026-09-29T17:48:43Z,mining,1,100,1,76.23,919,3,3,64.131,76.0,83.5,1976,capped,100467,8.300345219476357e+18
2026-09-29T17:49:13Z,mining,1,100,1,76.23,919,3,3,63.416,75.0,83.4,1976,capped,100497,8.30266738803422e+18
2026-09-29T17:49:43Z,mining,1,100,1,77.41,919,3,3,63.246,75.0,83.0,1976,capped,100527,8.304989556592083e+18
2026-09-29T17:50:13Z,mining,1,100,1,76.23,919,3,3,56.454,75.0,82.8,1976,capped,100557,8.307241356405768e+18
2026-09-29T17:50:43Z,mining,1,100,1,76.23,919,3,3,64.347,75.0,83.4,1976,capped,100587,8.309563524963631e+18
2026-09-29T17:51:13Z,mining,1,100,1,77.41,920,3,3,63.535,76.0,84.8,1976,capped,100617,8.311885693521494e+18
2026-09-29T17:51:43Z,mining,1,100,1,76.23,920,3,3,64.294,75.0,84.5,1976,capped,100647,8.314137493335179e+18
2026-09-29T17:52:13Z,mining,1,100,1,75.06,921,3,3,64.077,76.0,83.7,1976,capped,100677,8.316389293148865e+18
2026-09-29T17:52:43Z,mining,1,100,1,76.23,921,3,3,63.766,75.0,83.6,1976,capped,100707,8.318711461706727e+18
2026-09-29T17:53:13Z,mining,1,100,1,76.23,921,3,3,63.543,75.0,84.5,1976,capped,100737,8.320963261520413e+18
2026-09-29T17:53:43Z,mining,1,100,1,75.06,921,3,3,64.235,75.0,85.4,1976,capped,100767,8.323215061334098e+18
2026-09-29T17:54:13Z,mining,1,100,1,75.06,921,3,3,64.319,75.0,83.7,1976,capped,100797,8.325466861147783e+18
2026-09-29T17:54:43Z,mining,1,100,1,76.23,921,3,3,64.329,75.0,83.9,1976,capped,100827,8.327789029705646e+18
2026-09-29T17:55:13Z,mining,1,100,1,76.23,921,3,3,63.947,75.0,83.9,1976,capped,100857,8.330040829519331e+18
2026-09-29T17:55:43Z,mining,1,100,1,75.06,921,3,3,64.129,75.0,85.4,1976,capped,100887,8.332292629333017e+18
2026-09-29T17:56:13Z,mining,1,100,1,73.89,921,3,3,63.354,75.0,83.4,1976,capped,100917,8.334474060402524e+18
2026-09-29T17:56:43Z,mining,1,100,1,75.06,921,3,3,63.933,75.0,83.7,1976,capped,100947,8.336796228960387e+18
2026-09-29T17:57:13Z,mining,1,100,1,76.23,921,3,3,63.641,76.0,83.4,1976,capped,100977,8.339048028774072e+18
2026-09-29T17:57:43Z,mining,1,100,1,76.23,922,3,3,64.402,75.0,85.1,1976,capped,101007,8.341370197331935e+18
2026-09-29T17:58:13Z,mining,1,100,1,77.41,922,3,3,63.904,76.0,83.8,1976,capped,101037,8.343692365889798e+18
2026-09-29T17:58:43Z,mining,1,100,1,76.23,922,3,3,64.22,75.0,83.7,1976,capped,101067,8.345944165703483e+18
2026-09-29T17:59:13Z,mining,1,100,1,76.23,922,3,3,63.364,75.0,83.5,1976,capped,101097,8.348266334261346e+18
2026-09-29T17:59:43Z,mining,1,100,1,76.23,922,3,3,63.52,75.0,83.5,1976,capped,101127,8.350518134075032e+18
2026-09-29T18:00:13Z,mining,1,100,1,75.06,922,3,3,63.407,75.0,83.3,1976,capped,101157,8.352769933888717e+18
2026-09-29T18:00:43Z,mining,1,100,1,76.23,924,3,3,63.939,75.0,83.7,1976,capped,101187,8.35509210244658e+18
2026-09-29T18:01:13Z,mining,1,100,1,79.75,925,3,3,71.973,78.0,86.6,1976,capped,101217,8.357555008492798e+18
2026-09-29T18:01:43Z,mining,1,100,1,83.27,925,3,3,70.183,78.0,86.7,1976,capped,101247,8.360088283283194e+18
2026-09-29T18:02:13Z,mining,1,100,1,82.1,925,3,3,70.805,77.0,87.1,1976,capped,101277,8.362480820585234e+18
2026-09-29T18:02:43Z,mining,1,100,1,79.75,925,3,3,63.976,77.0,84.8,1976,capped,101307,8.364873357887275e+18
2026-09-29T18:03:13Z,mining,1,100,1,77.41,926,3,3,63.562,76.0,84.1,1976,capped,101337,8.36712515770096e+18
2026-09-29T18:03:43Z,mining,1,100,1,73.89,927,3,3,64.293,75.0,84.3,1976,capped,101367,8.369306588770468e+18
2026-09-29T18:04:13Z,mining,1,100,1,72.71,927,3,3,62.876,76.0,83.7,1976,capped,101397,8.371488019839975e+18
2026-09-29T18:04:43Z,mining,1,100,1,71.54,927,3,3,63.217,75.0,85.8,1976,capped,101427,8.373599082165305e+18
2026-09-29T18:05:13Z,mining,1,99,1,72.71,929,3,3,67.235,76.0,84.6,1976,capped,101457,8.375850881978991e+18
2026-09-29T18:05:43Z,mining,1,99,1,76.23,930,3,3,67.686,76.0,84.8,1976,capped,101487,8.378173050536854e+18
2026-09-29T18:06:13Z,mining,1,99,1,77.41,930,3,3,67.459,76.0,84.7,1976,capped,101517,8.380495219094716e+18
2026-09-29T18:06:43Z,mining,1,99,1,76.23,930,3,3,67.158,76.0,84.3,1976,capped,101547,8.382747018908402e+18
2026-09-29T18:07:13Z,mining,1,99,1,76.23,930,3,3,67.781,76.0,84.9,1976,capped,101577,8.385069187466265e+18
2026-09-29T18:07:43Z,mining,1,99,1,76.23,930,3,3,67.946,77.0,84.8,1976,capped,101607,8.38732098727995e+18
2026-09-29T18:08:13Z,mining,1,99,1,76.23,930,3,3,67.442,75.0,84.3,1976,capped,101637,8.389643155837813e+18
2026-09-29T18:08:43Z,mining,1,99,1,77.41,930,3,3,67.342,77.0,84.9,1976,capped,101667,8.391965324395676e+18
2026-09-29T18:09:13Z,mining,1,99,1,76.23,930,3,3,67.217,76.0,84.5,1976,capped,101697,8.394217124209361e+18
2026-09-29T18:09:43Z,mining,1,100,1,76.23,930,3,3,67.596,76.0,84.5,1976,capped,101727,8.396539292767224e+18
2026-09-29T18:10:13Z,mining,1,99,1,76.23,930,3,3,67.949,77.0,84.5,1976,capped,101757,8.398791092580909e+18
2026-09-29T18:10:43Z,mining,1,100,1,76.23,930,3,3,66.877,77.0,84.4,1976,capped,101787,8.401113261138772e+18
2026-09-29T18:11:13Z,mining,1,100,1,76.23,930,3,3,68.056,76.0,84.5,1976,capped,101817,8.403365060952457e+18
2026-09-29T18:11:43Z,mining,1,100,1,76.23,931,3,3,67.471,75.0,84.8,1976,capped,101847,8.40568722951032e+18
2026-09-29T18:12:13Z,mining,1,100,1,77.41,931,3,3,67.467,76.0,84.6,1976,capped,101877,8.408009398068183e+18
2026-09-29T18:12:43Z,mining,1,99,1,76.23,931,3,3,68.118,75.0,84.4,1976,capped,101907,8.410261197881868e+18
2026-09-29T18:13:13Z,mining,1,99,1,76.23,931,3,3,67.026,77.0,84.4,1976,capped,101937,8.412583366439731e+18
2026-09-29T18:13:43Z,mining,1,100,1,76.23,931,3,3,67.287,75.0,84.2,1976,capped,101967,8.414835166253416e+18
2026-09-29T18:14:13Z,mining,1,99,1,75.06,931,3,3,66.816,76.0,84.2,1976,capped,101997,8.417086966067102e+18
2026-09-29T18:14:43Z,mining,1,99,1,76.23,931,3,3,67.6,76.0,84.3,1976,capped,102027,8.419409134624965e+18
2026-09-29T18:15:13Z,mining,1,99,1,76.23,931,3,3,68.03,76.0,84.2,1976,capped,102057,8.42166093443865e+18
2026-09-29T18:15:43Z,mining,1,99,1,76.23,931,3,3,67.937,76.0,84.7,1976,capped,102087,8.423983102996513e+18
2026-09-29T18:16:13Z,mining,1,100,1,76.23,931,3,3,65.125,77.0,85.1,1976,capped,102117,8.426234902810198e+18
2026-09-29T18:16:43Z,mining,1,99,1,76.23,931,3,3,68.053,77.0,84.6,1976,capped,102147,8.428557071368061e+18
2026-09-29T18:17:13Z,mining,1,100,1,77.41,931,3,3,67.482,74.0,84.5,1976,capped,102177,8.430879239925924e+18
2026-09-29T18:17:43Z,mining,1,99,1,76.23,931,3,3,68.669,76.0,84.6,1976,capped,102207,8.433131039739609e+18
2026-09-29T18:18:13Z,mining,1,99,1,75.06,931,3,3,68.443,76.0,84.6,1976,capped,102237,8.435382839553294e+18
2026-09-29T18:18:43Z,mining,1,99,1,76.23,931,3,3,68.304,76.0,84.6,1976,capped,102267,8.437705008111157e+18
2026-09-29T18:19:13Z,mining,1,99,1,76.23,931,3,3,67.723,76.0,84.5,1976,capped,102297,8.439956807924842e+18
2026-09-29T18:19:43Z,mining,1,99,1,76.23,931,3,3,67.724,76.0,84.5,1976,capped,102327,8.442278976482705e+18
2026-09-29T18:20:13Z,mining,1,99,1,77.41,932,3,3,68.228,76.0,85.1,1976,capped,102357,8.444601145040568e+18
2026-09-29T18:20:43Z,mining,1,99,1,77.41,933,3,3,65.834,76.0,84.5,1976,capped,102387,8.446923313598431e+18
2026-09-29T18:21:13Z,mining,1,100,1,75.06,933,3,3,67.347,77.0,85.2,1976,capped,102417,8.449104744667939e+18
2026-09-29T18:21:43Z,mining,1,98,1,73.89,933,3,3,68.637,77.0,85.0,1976,capped,102447,8.451356544481624e+18
2026-09-29T18:22:13Z,mining,1,99,1,76.23,933,3,3,67.086,77.0,84.8,1976,capped,102477,8.453678713039487e+18
2026-09-29T18:22:43Z,mining,1,99,1,77.41,933,3,3,68.602,77.0,84.5,1976,capped,102507,8.45600088159735e+18
2026-09-29T18:23:13Z,mining,1,99,1,77.41,933,3,3,68.295,76.0,84.4,1976,capped,102537,8.458323050155213e+18
2026-09-29T18:23:44Z,mining,1,99,1,76.23,933,3,3,68.197,77.0,84.9,1976,capped,102567,8.460574849968898e+18
2026-09-29T18:24:14Z,mining,1,99,1,75.06,934,3,3,68.57,77.0,84.8,1976,capped,102597,8.462826649782583e+18
2026-09-29T18:24:44Z,mining,1,99,1,76.23,934,3,3,67.795,77.0,84.6,1976,capped,102627,8.465148818340446e+18
2026-09-29T18:25:14Z,mining,1,100,1,77.41,934,3,3,65.963,77.0,84.5,1976,capped,102657,8.467470986898309e+18
2026-09-29T18:25:44Z,mining,1,99,1,73.89,934,3,3,68.114,77.0,84.7,1976,capped,102687,8.469582049223639e+18
2026-09-29T18:26:14Z,mining,1,100,1,73.89,934,3,3,68.149,77.0,84.8,1976,capped,102717,8.471904217781502e+18
2026-09-29T18:26:44Z,mining,1,99,1,75.06,934,3,3,68.777,77.0,84.7,1976,capped,102747,8.47408564885101e+18
2026-09-29T18:27:14Z,mining,1,99,1,75.06,934,3,3,67.404,77.0,84.3,1976,capped,102777,8.476407817408872e+18
2026-09-29T18:27:44Z,mining,1,99,1,77.41,934,3,3,69.073,76.0,84.7,1976,capped,102807,8.478729985966735e+18
2026-09-29T18:28:14Z,mining,1,99,1,76.23,934,3,3,68.93,77.0,84.5,1976,capped,102837,8.480981785780421e+18
2026-09-29T18:28:44Z,mining,1,99,1,75.06,934,3,3,68.567,77.0,85.6,1976,capped,102867,8.483233585594106e+18
2026-09-29T18:29:14Z,mining,1,100,1,76.23,934,3,3,67.769,76.0,84.6,1976,capped,102897,8.485555754151969e+18
2026-09-29T18:29:44Z,mining,1,98,1,76.23,935,3,3,68.908,77.0,84.6,1976,capped,102927,8.487807553965654e+18
2026-09-29T18:30:14Z,mining,1,99,1,75.06,935,3,3,68.636,76.0,84.5,1976,capped,102957,8.490059353779339e+18
2026-09-29T18:30:44Z,mining,1,100,1,75.06,935,3,3,67.746,76.0,84.5,1976,capped,102987,8.492311153593025e+18
2026-09-29T18:31:14Z,mining,1,100,1,76.23,936,3,3,68.036,75.0,84.6,1976,capped,103017,8.494633322150887e+18
2026-09-29T18:31:44Z,mining,1,99,1,76.23,936,3,3,69.099,76.0,84.8,1976,capped,103047,8.496885121964573e+18
2026-09-29T18:32:14Z,mining,1,99,1,76.23,936,3,3,68.264,76.0,84.5,1976,capped,103077,8.499207290522436e+18
2026-09-29T18:32:44Z,mining,1,99,1,77.41,936,3,3,68.469,76.0,84.8,1976,capped,103107,8.501529459080298e+18
2026-09-29T18:33:14Z,mining,1,100,1,76.23,936,3,3,68.085,77.0,84.7,1976,capped,103137,8.503781258893984e+18
2026-09-29T18:33:44Z,mining,1,100,1,75.06,936,3,3,67.56,76.0,84.2,1976,capped,103167,8.506033058707669e+18
2026-09-29T18:34:14Z,mining,1,100,1,76.23,936,3,3,68.363,77.0,84.4,1976,capped,103197,8.508355227265532e+18
2026-09-29T18:34:44Z,mining,1,100,1,77.41,936,3,3,67.618,76.0,84.7,1976,capped,103227,8.510677395823395e+18
2026-09-29T18:35:14Z,mining,1,100,1,75.06,936,3,3,62.365,76.0,83.7,1976,capped,103257,8.512858826892902e+18
2026-09-29T18:35:44Z,mining,1,99,1,73.89,936,3,3,68.77,76.0,84.4,1976,capped,103287,8.515110626706588e+18
2026-09-29T18:36:14Z,mining,1,100,1,76.23,936,3,3,67.901,77.0,84.2,1976,capped,103317,8.517432795264451e+18
2026-09-29T18:36:44Z,mining,1,100,1,77.41,937,3,3,69.066,76.0,84.8,1976,capped,103347,8.519754963822313e+18
2026-09-29T18:37:14Z,mining,1,98,1,76.23,937,3,3,67.572,76.0,84.1,1976,capped,103377,8.522006763635999e+18
2026-09-29T18:37:44Z,mining,1,100,1,75.06,937,3,3,66.746,77.0,84.2,1976,capped,103407,8.524258563449684e+18
2026-09-29T18:38:14Z,mining,1,100,1,76.23,938,3,3,68.481,77.0,84.5,1976,capped,103437,8.526580732007547e+18
2026-09-29T18:38:44Z,mining,1,99,1,75.06,938,3,3,68.817,76.0,84.1,1976,capped,103467,8.528762163077054e+18
2026-09-29T18:39:14Z,mining,1,100,1,72.71,938,3,3,67.638,77.0,84.3,1976,capped,103497,8.530943594146562e+18
2026-09-29T18:39:44Z,mining,1,99,1,75.06,938,3,3,68.5,77.0,84.4,1976,capped,103527,8.533265762704425e+18
2026-09-29T18:40:14Z,mining,1,100,1,76.23,939,3,3,68.207,76.0,84.0,1976,capped,103557,8.53551756251811e+18
2026-09-29T18:40:44Z,mining,1,100,1,76.23,939,3,3,68.229,76.0,84.0,1976,capped,103587,8.537839731075973e+18
2026-09-29T18:41:14Z,mining,1,100,1,77.41,939,3,3,68.391,76.0,84.1,1976,capped,103617,8.540161899633836e+18
2026-09-29T18:41:44Z,mining,1,100,1,75.06,939,3,3,68.357,77.0,84.0,1976,capped,103647,8.542343330703344e+18
2026-09-29T18:42:14Z,mining,1,100,1,75.06,939,3,3,68.347,76.0,83.9,1976,capped,103677,8.544665499261207e+18
2026-09-29T18:42:44Z,mining,1,100,1,76.23,939,3,3,68.002,76.0,84.3,1976,capped,103707,8.546917299074892e+18
2026-09-29T18:43:14Z,mining,1,100,1,75.06,939,3,3,68.489,76.0,84.0,1976,capped,103737,8.549169098888577e+18
2026-09-29T18:43:44Z,mining,1,100,1,76.23,939,3,3,68.215,76.0,84.4,1976,capped,103767,8.55149126744644e+18
2026-09-29T18:44:14Z,mining,1,100,1,76.23,939,3,3,68.099,76.0,84.0,1976,capped,103797,8.553743067260125e+18
2026-09-29T18:44:44Z,mining,1,100,1,76.23,940,3,3,68.833,76.0,84.6,1976,capped,103827,8.556065235817988e+18
2026-09-29T18:45:14Z,mining,1,100,1,77.41,940,3,3,68.003,76.0,84.6,1976,capped,103857,8.558387404375851e+18
2026-09-29T18:45:44Z,mining,1,100,1,75.06,940,3,3,68.517,76.0,84.0,1976,capped,103887,8.560568835445359e+18
2026-09-29T18:46:14Z,mining,1,100,1,75.06,940,3,3,67.415,75.0,84.3,1976,capped,103917,8.562891004003222e+18
2026-09-29T18:46:44Z,mining,1,100,1,75.06,941,3,3,68.31,75.0,84.2,1976,capped,103947,8.565213172561084e+18
2026-09-29T18:47:14Z,mining,1,100,1,75.06,941,3,3,68.154,76.0,84.4,1976,capped,103977,8.567394603630592e+18
2026-09-29T18:47:44Z,mining,1,100,1,76.23,941,3,3,65.811,75.0,83.7,1976,capped,104007,8.569646403444277e+18
2026-09-29T18:48:14Z,mining,1,100,1,76.23,941,3,3,68.557,76.0,84.6,1976,capped,104037,8.572038940746318e+18
2026-09-29T18:48:44Z,mining,1,100,1,77.41,941,3,3,67.614,75.0,84.1,1976,capped,104067,8.574290740560003e+18
2026-09-29T18:49:14Z,mining,1,100,1,76.23,941,3,3,68.434,75.0,84.4,1976,capped,104097,8.576612909117866e+18
2026-09-29T18:49:44Z,mining,1,100,1,76.23,941,3,3,67.24,76.0,84.2,1976,capped,104127,8.578864708931551e+18
2026-09-29T18:50:14Z,mining,1,100,1,76.23,941,3,3,67.852,76.0,84.1,1976,capped,104157,8.581186877489414e+18
2026-09-29T18:50:44Z,mining,1,100,1,75.06,941,3,3,69.189,75.0,84.3,1976,capped,104187,8.583297939814744e+18
2026-09-29T18:51:14Z,mining,1,100,1,75.06,941,3,3,68.253,76.0,84.6,1976,capped,104217,8.585690477116785e+18
2026-09-29T18:51:44Z,mining,1,100,1,75.06,941,3,3,67.418,76.0,83.9,1976,capped,104247,8.587871908186292e+18
2026-09-29T18:52:14Z,mining,1,100,1,73.89,941,3,3,67.804,75.0,84.2,1976,capped,104277,8.5900533392558e+18
2026-09-29T18:52:44Z,mining,1,100,1,76.23,941,3,3,66.943,75.0,83.9,1976,capped,104307,8.59244587655784e+18
2026-09-29T18:53:14Z,mining,1,100,1,76.23,941,3,3,67.661,75.0,84.2,1976,capped,104337,8.594697676371526e+18
2026-09-29T18:53:44Z,mining,1,100,1,75.06,941,3,3,68.675,76.0,84.4,1976,capped,104367,8.596879107441033e+18
2026-09-29T18:54:14Z,mining,1,100,1,76.23,941,3,3,68.386,75.0,84.5,1976,capped,104397,8.599271644743074e+18
2026-09-29T18:54:44Z,mining,1,100,1,77.41,941,3,3,67.269,76.0,84.0,1976,capped,104427,8.601593813300937e+18
2026-09-29T18:55:14Z,mining,1,100,1,77.41,941,3,3,68.065,76.0,84.5,1976,capped,104457,8.6039159818588e+18
2026-09-29T18:55:44Z,mining,1,100,1,76.23,941,3,3,66.943,75.0,83.7,1976,capped,104487,8.60602704418413e+18
2026-09-29T18:56:14Z,mining,1,100,1,75.06,941,3,3,67.729,75.0,83.9,1976,capped,104517,8.60841958148617e+18
2026-09-29T18:56:44Z,mining,1,98,1,77.41,941,3,3,69.474,76.0,83.8,1976,capped,104547,8.610741750044033e+18
2026-09-29T18:57:14Z,mining,1,100,1,75.06,941,3,3,67.837,76.0,84.4,1976,capped,104578,8.612923181113541e+18
2026-09-29T18:57:44Z,mining,1,100,1,75.06,941,3,3,67.486,75.0,83.8,1976,capped,104608,8.615245349671404e+18
2026-09-29T18:58:14Z,mining,1,100,1,75.06,941,3,3,67.673,75.0,84.0,1976,capped,104638,8.617426780740911e+18
2026-09-29T18:58:44Z,mining,1,100,1,75.06,941,3,3,68.364,75.0,84.2,1976,capped,104668,8.619748949298774e+18
2026-09-29T18:59:14Z,mining,1,100,1,77.41,941,3,3,67.497,75.0,83.8,1976,capped,104698,8.622071117856637e+18
2026-09-29T18:59:44Z,mining,1,100,1,76.23,941,3,3,67.358,75.0,83.9,1976,capped,104728,8.624322917670322e+18
2026-09-29T19:00:14Z,mining,1,100,1,75.06,941,3,3,67.674,75.0,83.9,1976,capped,104758,8.626574717484007e+18
2026-09-29T19:00:44Z,mining,1,100,1,76.23,941,3,3,68.316,76.0,83.9,1976,capped,104788,8.62889688604187e+18
2026-09-29T19:01:14Z,mining,1,100,1,76.23,941,3,3,67.711,75.0,84.3,1976,capped,104818,8.631148685855556e+18
2026-09-29T19:01:44Z,mining,1,100,1,76.23,941,3,3,67.133,76.0,83.8,1976,capped,104848,8.633470854413418e+18
2026-09-29T19:02:14Z,mining,1,100,1,76.23,941,3,3,67.332,76.0,84.2,1976,capped,104878,8.635722654227104e+18
2026-09-29T19:02:44Z,mining,1,100,1,76.23,941,3,3,67.517,75.0,84.0,1976,capped,104908,8.638044822784967e+18
2026-09-29T19:03:14Z,mining,1,100,1,75.06,941,3,3,67.813,75.0,83.8,1976,capped,104938,8.640226253854474e+18
2026-09-29T19:03:44Z,mining,1,100,1,75.06,942,3,3,67.199,75.0,84.1,1976,capped,104968,8.642548422412337e+18
2026-09-29T19:04:14Z,mining,1,100,1,77.41,942,3,3,67.188,76.0,83.7,1976,capped,104998,8.6448705909702e+18
2026-09-29T19:04:44Z,mining,1,100,1,76.23,942,3,3,67.391,76.0,84.2,1976,capped,105028,8.647122390783885e+18
2026-09-29T19:05:14Z,mining,1,100,1,76.23,942,3,3,66.969,76.0,84.3,1976,capped,105058,8.649444559341748e+18
2026-09-29T19:05:44Z,mining,1,100,1,77.41,942,3,3,67.087,75.0,84.0,1976,capped,105088,8.651766727899611e+18
2026-09-29T19:06:14Z,mining,1,100,1,75.06,943,3,3,66.902,75.0,84.0,1976,capped,105118,8.653948158969119e+18
2026-09-29T19:06:44Z,mining,1,100,1,75.06,943,3,3,67.294,76.0,84.2,1976,capped,105148,8.656270327526982e+18
2026-09-29T19:07:14Z,mining,1,100,1,77.41,943,3,3,66.698,76.0,84.1,1976,capped,105178,8.658592496084845e+18
2026-09-29T19:07:44Z,mining,1,100,1,76.23,945,3,3,65.648,76.0,83.5,1976,capped,105208,8.66084429589853e+18
2026-09-29T19:08:14Z,mining,1,100,1,75.06,946,3,3,60.674,75.0,82.6,1976,capped,105238,8.663096095712215e+18
2026-09-29T19:08:44Z,mining,1,100,1,72.71,947,3,3,67.004,75.0,83.8,1976,capped,105268,8.665207158037545e+18
2026-09-29T19:09:14Z,mining,1,100,1,73.89,947,3,3,67.083,76.0,84.2,1976,capped,105298,8.667529326595408e+18
2026-09-29T19:09:44Z,mining,1,100,1,76.23,947,3,3,66.584,75.0,83.8,1976,capped,105328,8.669781126409093e+18
2026-09-29T19:10:14Z,mining,1,100,1,75.06,947,3,3,68.006,77.0,84.1,1976,capped,105358,8.672032926222778e+18
2026-09-29T19:10:44Z,mining,1,100,1,75.06,947,3,3,68.414,77.0,84.1,1976,capped,105388,8.674284726036464e+18
2026-09-29T19:11:14Z,mining,1,100,1,76.23,948,3,3,66.684,75.0,84.1,1976,capped,105418,8.676606894594327e+18
2026-09-29T19:11:44Z,mining,1,100,1,77.41,948,3,3,68.071,77.0,84.2,1976,capped,105448,8.678929063152189e+18
2026-09-29T19:12:14Z,mining,1,100,1,76.23,949,3,3,68.377,77.0,84.0,1976,capped,105478,8.681180862965875e+18
2026-09-29T19:12:44Z,mining,1,100,1,76.23,950,3,3,59.754,76.0,83.4,1976,capped,105508,8.683503031523738e+18
2026-09-29T19:13:14Z,mining,1,100,1,76.23,950,3,3,66.045,75.0,83.8,1976,capped,105538,8.685754831337423e+18
2026-09-29T19:13:44Z,mining,1,100,1,75.06,950,3,3,68.727,76.0,83.8,1976,capped,105568,8.688006631151108e+18
2026-09-29T19:14:14Z,mining,1,100,1,76.23,950,3,3,68.868,77.0,84.2,1976,capped,105598,8.690328799708971e+18
2026-09-29T19:14:44Z,mining,1,100,1,76.23,951,3,3,66.706,76.0,84.2,1976,capped,105628,8.692580599522656e+18
2026-09-29T19:15:14Z,mining,1,100,1,76.23,952,3,3,66.433,75.0,84.1,1976,capped,105658,8.694902768080519e+18
2026-09-29T19:15:44Z,mining,1,100,1,77.41,952,3,3,68.055,76.0,84.4,1976,capped,105688,8.697224936638382e+18
2026-09-29T19:16:14Z,mining,1,100,1,76.23,952,3,3,68.958,77.0,84.0,1976,capped,105718,8.699476736452067e+18
2026-09-29T19:16:44Z,mining,1,100,1,75.06,953,3,3,66.515,75.0,83.6,1976,capped,105748,8.701728536265753e+18
2026-09-29T19:17:14Z,mining,1,100,1,76.23,954,3,3,65.906,76.0,83.4,1976,capped,105778,8.704050704823615e+18
2026-09-29T19:17:44Z,mining,1,100,1,76.23,954,3,3,68.128,77.0,83.5,1976,capped,105808,8.706302504637301e+18
2026-09-29T19:18:14Z,mining,1,100,1,75.06,954,3,3,67.757,77.0,83.9,1976,capped,105838,8.708554304450986e+18
2026-09-29T19:18:44Z,mining,1,100,1,73.89,954,3,3,65.17,75.0,82.5,1976,capped,105868,8.710735735520494e+18
2026-09-29T19:19:14Z,mining,1,99,1,73.89,954,3,3,68.624,77.0,83.9,1976,capped,105898,8.712987535334179e+18
2026-09-29T19:19:44Z,mining,1,100,1,76.23,954,3,3,65.915,75.0,83.4,1976,capped,105928,8.715309703892042e+18
2026-09-29T19:20:14Z,mining,1,97,1,76.23,954,3,3,69.225,77.0,83.4,1976,capped,105958,8.717561503705727e+18
2026-09-29T19:20:44Z,mining,1,100,1,76.23,954,3,3,67.579,77.0,84.6,1976,capped,105988,8.71988367226359e+18
2026-09-29T19:21:14Z,mining,1,100,1,77.41,954,3,3,68.738,77.0,84.9,1976,capped,106018,8.722205840821453e+18
2026-09-29T19:21:44Z,mining,1,100,1,75.06,954,3,3,68.524,77.0,83.9,1976,capped,106048,8.72438727189096e+18
2026-09-29T19:22:14Z,mining,1,100,1,75.06,954,3,3,68.07,77.0,84.1,1976,capped,106078,8.726709440448823e+18
2026-09-29T19:22:44Z,mining,1,100,1,76.23,955,3,3,68.725,77.0,84.2,1976,capped,106108,8.728961240262509e+18
2026-09-29T19:23:14Z,mining,1,100,1,76.23,956,3,3,67.92,77.0,83.9,1976,capped,106138,8.731283408820371e+18
2026-09-29T19:23:44Z,mining,1,100,1,76.23,956,3,3,69.148,77.0,84.2,1976,capped,106168,8.733535208634057e+18
2026-09-29T19:24:14Z,mining,1,100,1,76.23,956,3,3,68.481,77.0,84.3,1976,capped,106198,8.73585737719192e+18
2026-09-29T19:24:44Z,mining,1,100,1,76.23,957,3,3,61.265,76.0,83.3,1976,capped,106228,8.738109177005605e+18
2026-09-29T19:25:14Z,mining,1,100,1,76.23,958,3,3,68.004,77.0,83.9,1976,capped,106258,8.740431345563468e+18
2026-09-29T19:25:44Z,mining,1,100,1,77.41,959,3,3,69.088,77.0,84.3,1976,capped,106288,8.742753514121331e+18
2026-09-29T19:26:14Z,mining,1,97,1,76.23,959,3,3,69.189,77.0,83.3,1976,capped,106318,8.745005313935016e+18
2026-09-29T19:26:44Z,mining,1,100,1,76.23,959,3,3,68.495,76.0,84.2,1976,capped,106348,8.747327482492879e+18
2026-09-29T19:27:14Z,mining,1,100,1,76.23,960,3,3,68.312,77.0,83.8,1976,capped,106378,8.749579282306564e+18
2026-09-29T19:27:44Z,mining,1,100,1,76.23,961,3,3,68.406,76.0,84.1,1976,capped,106408,8.751901450864427e+18
2026-09-29T19:28:14Z,mining,1,100,1,77.41,962,3,3,68.745,77.0,84.0,1976,capped,106438,8.75422361942229e+18
2026-09-29T19:28:44Z,mining,1,100,1,77.41,962,3,3,68.43,77.0,84.2,1976,capped,106468,8.756545787980153e+18
2026-09-29T19:29:14Z,mining,1,100,1,77.41,962,3,3,68.84,76.0,84.5,1976,capped,106498,8.758867956538016e+18
2026-09-29T19:29:44Z,mining,1,100,1,76.23,962,3,3,67.459,77.0,84.3,1976,capped,106528,8.761119756351701e+18
2026-09-29T19:30:14Z,mining,1,100,1,75.06,962,3,3,68.183,77.0,84.2,1976,capped,106558,8.763371556165386e+18
2026-09-29T19:30:44Z,mining,1,100,1,75.06,962,3,3,67.804,76.0,83.9,1976,capped,106588,8.765623355979071e+18
2026-09-29T19:31:14Z,mining,1,100,1,73.89,962,3,3,68.809,77.0,83.9,1976,capped,106618,8.767804787048579e+18
2026-09-29T19:31:44Z,mining,1,100,1,75.06,963,3,3,68.711,76.0,84.1,1976,capped,106648,8.770126955606442e+18
2026-09-29T19:32:14Z,mining,1,100,1,76.23,963,3,3,68.624,76.0,84.1,1976,capped,106678,8.772378755420127e+18
2026-09-29T19:32:44Z,mining,1,100,1,76.23,963,3,3,68.171,76.0,84.3,1976,capped,106708,8.77470092397799e+18
2026-09-29T19:33:14Z,mining,1,100,1,76.23,963,3,3,68.497,76.0,84.1,1976,capped,106738,8.776952723791675e+18
2026-09-29T19:33:44Z,mining,1,100,1,76.23,963,3,3,67.426,75.0,83.8,1976,capped,106768,8.779274892349538e+18
2026-09-29T19:34:14Z,mining,1,100,1,76.23,964,3,3,68.084,77.0,84.1,1976,capped,106798,8.781526692163224e+18
2026-09-29T19:34:44Z,mining,1,100,1,73.89,964,3,3,68.653,76.0,83.8,1976,capped,106828,8.783708123232731e+18
2026-09-29T19:35:14Z,mining,1,100,1,75.06,964,3,3,68.53,76.0,84.2,1976,capped,106858,8.786030291790594e+18
2026-09-29T19:35:44Z,mining,1,100,1,76.23,964,3,3,68.594,76.0,84.0,1976,capped,106888,8.788282091604279e+18
2026-09-29T19:36:14Z,mining,1,100,1,76.23,964,3,3,68.098,76.0,83.8,1976,capped,106918,8.790604260162142e+18
2026-09-29T19:36:44Z,mining,1,100,1,75.06,964,3,3,61.093,76.0,82.3,1976,capped,106948,8.79278569123165e+18
2026-09-29T19:37:14Z,mining,1,100,1,75.06,964,3,3,68.383,75.0,84.0,1976,capped,106978,8.795107859789513e+18
2026-09-29T19:37:44Z,mining,1,100,1,77.41,964,3,3,68.367,77.0,84.2,1976,capped,107008,8.797430028347376e+18
2026-09-29T19:38:14Z,mining,1,100,1,73.89,964,3,3,68.207,76.0,83.9,1976,capped,107038,8.799541090672706e+18
2026-09-29T19:38:44Z,mining,1,100,1,73.89,964,3,3,68.246,75.0,83.8,1976,capped,107068,8.801863259230568e+18
2026-09-29T19:39:14Z,mining,1,100,1,77.41,964,3,3,67.785,75.0,83.8,1976,capped,107098,8.804185427788431e+18
2026-09-29T19:39:44Z,mining,1,100,1,77.41,965,3,3,67.68,75.0,83.9,1976,capped,107128,8.806507596346294e+18
2026-09-29T19:40:14Z,mining,1,100,1,73.89,965,3,3,64.818,76.0,83.1,1976,capped,107158,8.808618658671624e+18
2026-09-29T19:40:44Z,mining,1,100,1,72.71,965,3,3,67.816,75.0,83.8,1976,capped,107188,8.810870458485309e+18
2026-09-29T19:41:14Z,mining,1,100,1,76.23,966,3,3,68.461,75.0,84.9,1976,capped,107218,8.813192627043172e+18
2026-09-29T19:41:44Z,mining,1,100,1,76.23,967,3,3,68.32,76.0,84.0,1976,capped,107248,8.815444426856858e+18
2026-09-29T19:42:14Z,mining,1,100,1,76.23,967,3,3,67.749,75.0,84.0,1976,capped,107278,8.81776659541472e+18
2026-09-29T19:42:44Z,mining,1,100,1,76.23,967,3,3,68.11,76.0,84.0,1976,capped,107308,8.820018395228406e+18
2026-09-29T19:43:14Z,mining,1,100,1,76.23,967,3,3,68.338,76.0,84.2,1976,capped,107338,8.822340563786269e+18
2026-09-29T19:43:44Z,mining,1,100,1,75.06,967,3,3,68.267,76.0,83.7,1976,capped,107368,8.824521994855776e+18
2026-09-29T19:44:14Z,mining,1,100,1,75.06,968,3,3,68.354,76.0,84.2,1976,capped,107398,8.826844163413639e+18
2026-09-29T19:44:44Z,mining,1,100,1,76.23,969,3,3,67.782,76.0,83.8,1976,capped,107428,8.829095963227324e+18
2026-09-29T19:45:14Z,mining,1,100,1,76.23,969,3,3,67.507,76.0,84.0,1976,capped,107458,8.831418131785187e+18
2026-09-29T19:45:44Z,mining,1,100,1,76.23,969,3,3,68.222,76.0,83.9,1976,capped,107488,8.833669931598873e+18
2026-09-29T19:46:14Z,mining,1,100,1,75.06,971,3,3,67.012,75.0,83.8,1976,capped,107518,8.835921731412558e+18
2026-09-29T19:46:44Z,mining,1,100,1,73.89,972,3,3,67.72,75.0,83.9,1976,capped,107548,8.838103162482065e+18
2026-09-29T19:47:14Z,mining,1,100,1,72.71,972,3,3,67.658,76.0,84.0,1976,capped,107578,8.840284593551573e+18
2026-09-29T19:47:44Z,mining,1,100,1,75.06,972,3,3,67.308,76.0,84.1,1976,capped,107608,8.842606762109436e+18
2026-09-29T19:48:14Z,mining,1,100,1,76.23,972,3,3,61.993,76.0,84.1,1976,capped,107638,8.844858561923121e+18
2026-09-29T19:48:44Z,mining,1,100,1,72.71,972,3,3,67.502,76.0,84.1,1976,capped,107668,8.846969624248451e+18
2026-09-29T19:49:14Z,mining,1,100,1,72.71,973,3,3,67.556,75.0,84.0,1976,capped,107698,8.849221424062136e+18
2026-09-29T19:49:44Z,mining,1,100,1,76.23,973,3,3,67.567,76.0,84.1,1976,capped,107728,8.851543592619999e+18
2026-09-29T19:50:14Z,mining,1,100,1,76.23,973,3,3,68.079,76.0,84.3,1976,capped,107758,8.853795392433684e+18
2026-09-29T19:50:44Z,mining,1,100,1,76.23,973,3,3,67.063,76.0,83.9,1976,capped,107788,8.856117560991547e+18
2026-09-29T19:51:14Z,mining,1,100,1,76.23,973,3,3,67.289,75.0,84.3,1976,capped,107818,8.858369360805233e+18
2026-09-29T19:51:44Z,mining,1,100,1,76.23,973,3,3,67.417,76.0,84.4,1976,capped,107848,8.860691529363096e+18
2026-09-29T19:52:14Z,mining,1,100,1,77.41,973,3,3,66.655,76.0,83.9,1976,capped,107878,8.863013697920958e+18
2026-09-29T19:52:44Z,mining,1,100,1,76.23,973,3,3,66.728,76.0,83.9,1976,capped,107908,8.865265497734644e+18
2026-09-29T19:53:14Z,mining,1,100,1,73.89,973,3,3,66.822,75.0,84.0,1976,capped,107938,8.867446928804151e+18
2026-09-29T19:53:44Z,mining,1,100,1,75.06,974,3,3,67.401,76.0,84.2,1976,capped,107968,8.869769097362014e+18
2026-09-29T19:54:14Z,mining,1,100,1,76.23,974,3,3,67.243,76.0,84.5,1976,capped,107998,8.872020897175699e+18
2026-09-29T19:54:44Z,mining,1,98,1,75.06,975,3,3,68.053,76.0,83.7,1976,capped,108028,8.874272696989385e+18
2026-09-29T19:55:14Z,mining,1,100,1,76.23,975,3,3,67.067,76.0,84.2,1976,capped,108058,8.876594865547248e+18
2026-09-29T19:55:44Z,mining,1,100,1,76.23,975,3,3,67.018,76.0,84.3,1976,capped,108088,8.878846665360933e+18
2026-09-29T19:56:14Z,mining,1,100,1,75.06,975,3,3,67.16,76.0,84.5,1976,capped,108118,8.881098465174618e+18
2026-09-29T19:56:44Z,mining,1,100,1,76.23,975,3,3,66.647,75.0,84.4,1976,capped,108148,8.883420633732481e+18
2026-09-29T19:57:14Z,mining,1,100,1,76.23,976,3,3,66.856,76.0,84.4,1976,capped,108178,8.885672433546166e+18
2026-09-29T19:57:34Z,mining,1,100,1,75.06,976,3,3,64.623,76.0,84.3,1976,capped,108197,8.88707980842972e+18
2026-09-29T19:58:04Z,mining,1,100,1,78.58,977,3,3,72.009,78.0,86.8,1976,capped,108227,8.889542714475938e+18
2026-09-29T19:58:34Z,mining,1,100,1,82.1,978,3,3,71.826,78.0,86.6,1976,capped,108257,8.892005620522156e+18
2026-09-29T19:59:04Z,mining,1,100,1,82.1,979,3,3,70.35,78.0,86.6,1976,capped,108287,8.894468526568374e+18
2026-09-29T19:59:34Z,mining,1,99,1,83.27,979,3,3,71.541,78.0,86.8,1976,capped,108317,8.89700180135877e+18
2026-09-29T20:00:04Z,mining,1,96,1,83.27,979,3,3,71.849,78.0,86.0,1976,capped,108347,8.899464707404988e+18
2026-09-29T20:00:34Z,mining,1,99,1,82.1,979,4,4,71.82,78.0,86.6,1976,capped,108377,8.901927613451207e+18
2026-09-29T20:01:04Z,mining,1,100,1,80.92,979,4,4,71.126,78.0,86.8,1976,capped,108407,8.904320150753247e+18
2026-09-29T20:01:34Z,mining,1,100,1,80.92,979,4,4,69.663,78.0,86.8,1976,capped,108437,8.906783056799465e+18
2026-09-29T20:02:04Z,mining,1,100,1,82.1,980,4,4,71.012,78.0,86.8,1976,capped,108467,8.909245962845684e+18
2026-09-29T20:02:34Z,mining,1,100,1,82.1,980,4,4,68.912,78.0,86.7,1976,capped,108497,8.911708868891902e+18
2026-09-29T20:03:04Z,mining,1,100,1,82.1,980,4,4,70.626,78.0,87.0,1976,capped,108527,8.91417177493812e+18
2026-09-29T20:03:34Z,mining,1,98,1,82.1,980,4,4,72.027,79.0,87.4,1976,capped,108557,8.916634680984338e+18
2026-09-29T20:04:04Z,mining,1,100,1,83.27,981,4,4,70.253,78.0,86.7,1976,capped,108587,8.919167955774734e+18
2026-09-29T20:04:34Z,mining,1,100,1,83.27,982,4,4,68.714,77.0,86.6,1976,capped,108617,8.921630861820953e+18
2026-09-29T20:05:04Z,mining,1,100,1,80.92,982,4,4,66.284,78.0,85.6,1976,capped,108647,8.924023399122993e+18
2026-09-29T20:05:34Z,mining,1,99,1,82.1,982,4,4,71.293,78.0,86.7,1976,capped,108677,8.926556673913389e+18
2026-09-29T20:06:04Z,mining,1,99,1,80.92,982,4,4,71.394,78.0,86.7,1976,capped,108707,8.928878842471252e+18
2026-09-29T20:06:34Z,mining,1,100,1,80.92,982,4,4,70.447,78.0,86.8,1976,capped,108737,8.931412117261648e+18
2026-09-29T20:07:04Z,mining,1,100,1,83.27,982,4,4,69.035,77.0,86.4,1976,capped,108767,8.933875023307866e+18
2026-09-29T20:07:34Z,mining,1,99,1,82.1,984,4,4,70.427,79.0,86.7,1976,capped,108797,8.936337929354084e+18
2026-09-29T20:08:04Z,mining,1,100,1,80.92,984,4,4,71.816,78.0,87.2,1976,capped,108827,8.938730466656125e+18
2026-09-29T20:08:34Z,mining,1,99,1,82.1,984,4,4,70.894,78.0,87.0,1976,capped,108857,8.941263741446521e+18
2026-09-29T20:09:04Z,mining,1,100,1,83.27,984,4,4,68.672,78.0,86.7,1976,capped,108887,8.943726647492739e+18
2026-09-29T20:09:34Z,mining,1,97,1,82.1,984,4,4,71.797,79.0,87.3,1976,capped,108917,8.946189553538957e+18
2026-09-29T20:10:04Z,mining,1,100,1,82.1,984,4,4,68.884,78.0,86.9,1976,capped,108947,8.948652459585176e+18
2026-09-29T20:10:34Z,mining,1,99,1,82.1,985,4,4,71.721,78.0,86.7,1976,capped,108977,8.951115365631394e+18
2026-09-29T20:11:04Z,mining,1,99,1,80.92,985,4,4,71.365,78.0,86.3,1976,capped,109007,8.953507902933434e+18
2026-09-29T20:11:34Z,mining,1,100,1,82.1,985,4,4,67.816,78.0,86.3,1976,capped,109037,8.95604117772383e+18
2026-09-29T20:12:04Z,mining,1,99,1,83.27,986,4,4,71.789,78.0,86.6,1976,capped,109067,8.958504083770049e+18
2026-09-29T20:12:34Z,mining,1,100,1,82.1,986,4,4,71.778,78.0,87.0,1976,capped,109097,8.960966989816267e+18
2026-09-29T20:13:04Z,mining,1,99,1,83.27,986,4,4,71.237,78.0,86.5,1976,capped,109127,8.963500264606663e+18
2026-09-29T20:13:34Z,mining,1,99,1,82.1,986,4,4,71.151,78.0,86.7,1976,capped,109157,8.965892801908703e+18
2026-09-29T20:14:04Z,mining,1,97,1,80.92,986,4,4,72.233,79.0,86.4,1976,capped,109187,8.968355707954921e+18
2026-09-29T20:14:34Z,mining,1,99,1,83.27,987,4,4,70.894,78.0,86.7,1976,capped,109217,8.970888982745317e+18
2026-09-29T20:15:04Z,mining,1,100,1,83.27,989,4,4,69.848,78.0,86.7,1976,capped,109247,8.973351888791536e+18
2026-09-29T20:15:34Z,mining,1,100,1,82.1,989,4,4,70.036,78.0,86.8,1976,capped,109277,8.975814794837754e+18
2026-09-29T20:16:04Z,mining,1,100,1,82.1,990,4,4,68.531,78.0,86.5,1976,capped,109307,8.97834806962815e+18
2026-09-29T20:16:34Z,mining,1,98,1,82.1,990,4,4,72.105,79.0,87.1,1976,capped,109337,8.980810975674368e+18
2026-09-29T20:17:04Z,mining,1,99,1,82.1,990,4,4,71.608,78.0,86.3,1976,capped,109367,8.983273881720586e+18
2026-09-29T20:17:34Z,mining,1,97,1,82.1,992,4,4,71.861,79.0,86.8,1976,capped,109397,8.985736787766804e+18
2026-09-29T20:18:04Z,mining,1,99,1,83.27,993,4,4,71.523,78.0,86.3,1976,capped,109427,8.9882700625572e+18
2026-09-29T20:18:34Z,mining,1,100,1,83.27,993,4,4,70.756,78.0,86.6,1976,capped,109457,8.990732968603419e+18
2026-09-29T20:19:04Z,mining,1,100,1,82.1,993,4,4,69.479,78.0,86.3,1976,capped,109487,8.993195874649637e+18
2026-09-29T20:19:34Z,mining,1,100,1,83.27,994,4,4,68.125,78.0,86.2,1976,capped,109517,8.995729149440033e+18
2026-09-29T20:20:04Z,mining,1,100,1,83.27,994,4,4,68.595,78.0,86.0,1976,capped,109547,8.998121686742073e+18
2026-09-29T20:20:34Z,mining,1,97,1,80.92,994,4,4,71.749,79.0,87.1,1976,capped,109577,9.000584592788292e+18
2026-09-29T20:21:04Z,mining,1,100,1,80.92,994,4,4,68.649,78.0,86.6,1976,capped,109607,9.002977130090332e+18
2026-09-29T20:21:34Z,mining,1,100,1,83.27,994,4,4,67.938,78.0,86.5,1976,capped,109637,9.005510404880728e+18
2026-09-29T20:22:04Z,mining,1,100,1,82.1,994,4,4,68.398,77.0,86.0,1976,capped,109667,9.007902942182769e+18
2026-09-29T20:22:34Z,mining,1,100,1,79.75,994,4,4,70.188,78.0,86.3,1976,capped,109697,9.010225110740632e+18
2026-09-29T20:23:04Z,mining,1,100,1,80.92,994,4,4,70.493,78.0,86.6,1976,capped,109727,9.012828754275205e+18
2026-09-29T20:23:34Z,mining,1,100,1,82.1,995,4,4,65.904,78.0,85.7,1976,capped,109757,9.015291660321423e+18
2026-09-29T20:24:04Z,mining,1,100,1,83.27,995,4,4,68.909,78.0,86.3,1976,capped,109787,9.017824935111819e+18
2026-09-29T20:24:34Z,mining,1,100,1,83.27,995,4,4,70.096,78.0,86.5,1976,capped,109817,9.020287841158038e+18
2026-09-29T20:25:04Z,mining,1,99,1,78.58,995,4,4,71.919,78.0,86.5,1976,capped,109848,9.022539640971723e+18
2026-09-29T20:25:34Z,mining,1,99,1,79.75,997,4,4,71.607,78.0,86.5,1976,capped,109878,9.025072915762119e+18
2026-09-29T20:26:04Z,mining,1,99,1,84.44,997,4,4,71.463,78.0,86.6,1976,capped,109908,9.027606190552515e+18
2026-09-29T20:26:34Z,mining,1,100,1,82.1,997,4,4,68.748,78.0,86.1,1976,capped,109938,9.029998727854555e+18
2026-09-29T20:27:04Z,mining,1,100,1,82.1,997,4,4,68.75,78.0,86.3,1976,capped,109968,9.032532002644951e+18
2026-09-29T20:27:34Z,mining,1,100,1,83.27,997,4,4,69.422,78.0,86.5,1976,capped,109998,9.034994908691169e+18
2026-09-29T20:28:04Z,mining,1,100,1,82.1,997,4,4,69.712,78.0,86.5,1976,capped,110028,9.037457814737388e+18
2026-09-29T20:28:34Z,mining,1,100,1,82.1,997,4,4,68.749,77.0,85.9,1976,capped,110058,9.039920720783606e+18
2026-09-29T20:29:04Z,mining,1,100,1,82.1,997,4,4,68.851,77.0,85.9,1976,capped,110088,9.042383626829824e+18
2026-09-29T20:29:34Z,mining,1,100,1,82.1,997,4,4,68.406,77.0,85.9,1976,capped,110118,9.044846532876042e+18
2026-09-29T20:30:04Z,mining,1,100,1,83.27,999,4,4,68.767,76.0,85.8,1976,capped,110148,9.047379807666438e+18
2026-09-29T20:30:34Z,mining,1,100,1,83.27,999,4,4,64.233,77.0,85.3,1976,capped,110178,9.049842713712656e+18
2026-09-29T20:31:04Z,mining,1,100,1,83.27,999,4,4,68.876,78.0,86.4,1976,capped,110208,9.052375988503052e+18
2026-09-29T20:31:34Z,mining,1,100,1,83.27,1001,4,4,69.006,78.0,86.4,1976,capped,110238,9.054838894549271e+18
2026-09-29T20:32:04Z,mining,1,100,1,82.1,1001,4,4,68.811,77.0,86.3,1976,capped,110268,9.057301800595489e+18
2026-09-29T20:32:34Z,mining,1,100,1,82.1,1001,4,4,68.732,77.0,85.9,1976,capped,110298,9.059764706641707e+18
2026-09-29T20:33:04Z,mining,1,100,1,82.1,1001,4,4,63.837,78.0,85.6,1976,capped,110328,9.062227612687925e+18
2026-09-29T20:33:34Z,mining,1,100,1,82.1,1001,4,4,69.017,78.0,85.6,1976,capped,110358,9.064690518734143e+18
2026-09-29T20:34:04Z,mining,1,100,1,83.27,1001,4,4,68.843,78.0,86.2,1976,capped,110388,9.067223793524539e+18
2026-09-29T20:34:34Z,mining,1,100,1,83.27,1001,4,4,68.268,78.0,86.3,1976,capped,110418,9.069686699570758e+18
2026-09-29T20:35:04Z,mining,1,99,1,80.92,1001,4,4,70.1,78.0,86.2,1976,capped,110448,9.072079236872798e+18
2026-09-29T20:35:34Z,mining,1,100,1,82.1,1002,4,4,67.729,77.0,85.9,1976,capped,110478,9.074612511663194e+18
2026-09-29T20:36:04Z,mining,1,100,1,82.1,1002,4,4,69.461,78.0,86.0,1976,capped,110508,9.077005048965235e+18
2026-09-29T20:36:34Z,mining,1,100,1,82.1,1002,4,4,68.841,77.0,85.9,1976,capped,110538,9.079538323755631e+18
2026-09-29T20:37:04Z,mining,1,100,1,83.27,1003,4,4,68.898,77.0,86.0,1976,capped,110568,9.082001229801849e+18
2026-09-29T20:37:34Z,mining,1,99,1,80.92,1004,4,4,69.71,78.0,86.2,1976,capped,110598,9.084393767103889e+18
2026-09-29T20:38:04Z,mining,1,99,1,79.75,1004,4,4,71.331,78.0,86.4,1976,capped,110628,9.08678630440593e+18
2026-09-29T20:38:34Z,mining,1,100,1,82.1,1004,4,4,68.786,75.0,86.2,1976,capped,110658,9.089319579196326e+18
2026-09-29T20:39:04Z,mining,1,99,1,83.27,1004,4,4,71.307,78.0,86.5,1976,capped,110688,9.091782485242544e+18
2026-09-29T20:39:34Z,mining,1,100,1,82.1,1005,4,4,70.992,78.0,86.6,1976,capped,110718,9.094245391288762e+18
2026-09-29T20:40:04Z,mining,1,99,1,82.1,1005,4,4,71.681,78.0,86.3,1976,capped,110748,9.096708297334981e+18
2026-09-29T20:40:34Z,mining,1,100,1,82.1,1005,4,4,68.86,77.0,86.0,1976,capped,110778,9.099171203381199e+18
2026-09-29T20:41:04Z,mining,1,100,1,83.27,1005,4,4,68.862,77.0,85.7,1976,capped,110808,9.101704478171595e+18
2026-09-29T20:41:34Z,mining,1,100,1,82.1,1005,4,4,70.516,78.0,86.6,1976,capped,110838,9.104097015473635e+18
2026-09-29T20:42:04Z,mining,1,99,1,82.1,1005,4,4,71.494,78.0,86.5,1976,capped,110868,9.106630290264031e+18
2026-09-29T20:42:34Z,mining,1,100,1,82.1,1005,4,4,70.659,78.0,86.6,1976,capped,110898,9.109022827566072e+18
2026-09-29T20:43:04Z,mining,1,100,1,80.92,1005,4,4,71.22,78.0,86.7,1976,capped,110928,9.11148573361229e+18
2026-09-29T20:43:34Z,mining,1,100,1,82.1,1005,4,4,70.521,78.0,86.5,1976,capped,110958,9.113948639658508e+18
2026-09-29T20:44:04Z,mining,1,100,1,82.1,1005,4,4,62.773,78.0,85.5,1976,capped,110988,9.116411545704727e+18
2026-09-29T20:44:34Z,mining,1,100,1,82.1,1005,4,4,71.08,78.0,86.7,1976,capped,111018,9.118874451750945e+18
2026-09-29T20:45:04Z,mining,1,100,1,83.27,1006,4,4,71.169,78.0,86.6,1976,capped,111048,9.121407726541341e+18
2026-09-29T20:45:34Z,mining,1,100,1,83.27,1006,4,4,68.429,77.0,85.7,1976,capped,111078,9.123870632587559e+18
2026-09-29T20:46:04Z,mining,1,99,1,82.1,1006,4,4,71.8,78.0,86.6,1976,capped,111108,9.126333538633777e+18
2026-09-29T20:46:34Z,mining,1,100,1,83.27,1007,4,4,69.137,77.0,86.1,1976,capped,111138,9.128866813424173e+18
2026-09-29T20:47:04Z,mining,1,98,1,82.1,1007,4,4,71.952,79.0,86.8,1976,capped,111168,9.131259350726214e+18
2026-09-29T20:47:34Z,mining,1,99,1,82.1,1007,4,4,70.919,78.0,86.3,1976,capped,111198,9.13379262551661e+18
2026-09-29T20:48:04Z,mining,1,100,1,83.27,1008,4,4,70.356,78.0,86.6,1976,capped,111228,9.136255531562828e+18
2026-09-29T20:48:34Z,mining,1,100,1,82.1,1009,4,4,69.922,78.0,86.5,1976,capped,111258,9.138718437609046e+18
2026-09-29T20:49:04Z,mining,1,99,1,83.27,1009,4,4,71.498,78.0,86.2,1976,capped,111288,9.141251712399442e+18
2026-09-29T20:49:34Z,mining,1,99,1,83.27,1009,4,4,71.294,78.0,86.4,1976,capped,111318,9.14371461844566e+18
2026-09-29T20:50:04Z,mining,1,99,1,82.1,1010,4,4,69.553,78.0,86.2,1976,capped,111348,9.146177524491878e+18
2026-09-29T20:50:34Z,mining,1,99,1,82.1,1010,4,4,71.577,78.0,86.3,1976,capped,111378,9.148640430538097e+18
2026-09-29T20:51:04Z,mining,1,99,1,83.27,1010,4,4,71.166,78.0,86.4,1976,capped,111408,9.151173705328493e+18
2026-09-29T20:51:34Z,mining,1,100,1,83.27,1010,4,4,68.84,78.0,86.3,1976,capped,111438,9.153636611374711e+18
2026-09-29T20:52:04Z,mining,1,100,1,82.1,1010,4,4,69.796,78.0,86.4,1976,capped,111468,9.156099517420929e+18
2026-09-29T20:52:34Z,mining,1,99,1,83.27,1011,4,4,71.451,78.0,86.4,1976,capped,111498,9.158632792211325e+18
2026-09-29T20:53:04Z,mining,1,100,1,82.1,1011,4,4,69.521,78.0,85.9,1976,capped,111528,9.161025329513366e+18
2026-09-29T20:53:34Z,mining,1,100,1,82.1,1012,4,4,68.843,77.0,86.3,1976,capped,111558,9.163558604303761e+18
2026-09-29T20:54:04Z,mining,1,100,1,84.44,1012,4,4,71.09,78.0,86.5,1976,capped,111588,9.166091879094157e+18
2026-09-29T20:54:34Z,mining,1,100,1,83.27,1012,4,4,69.561,78.0,86.2,1976,capped,111618,9.168554785140376e+18
2026-09-29T20:55:04Z,mining,1,100,1,83.27,1012,4,4,71.953,78.0,86.3,1976,capped,111648,9.171088059930771e+18
2026-09-29T20:55:34Z,mining,1,100,1,83.27,1012,4,4,71.434,78.0,86.6,1976,capped,111678,9.17355096597699e+18
2026-09-29T20:56:04Z,mining,1,99,1,82.1,1012,4,4,71.472,78.0,86.4,1976,capped,111708,9.176013872023208e+18
2026-09-29T20:56:34Z,mining,1,100,1,83.27,1012,4,4,70.184,78.0,86.5,1976,capped,111738,9.178547146813604e+18
2026-09-29T20:57:04Z,mining,1,100,1,83.27,1013,4,4,68.55,77.0,86.0,1976,capped,111768,9.181010052859822e+18
2026-09-29T20:57:34Z,mining,1,100,1,82.1,1013,4,4,68.351,77.0,85.9,1976,capped,111798,9.18347295890604e+18
2026-09-29T20:58:04Z,mining,1,100,1,82.1,1013,4,4,69.497,78.0,86.4,1976,capped,111828,9.185935864952259e+18
2026-09-29T20:58:34Z,mining,1,100,1,82.1,1013,4,4,68.424,76.0,86.0,1976,capped,111858,9.188398770998477e+18
2026-09-29T20:59:04Z,mining,1,99,1,82.1,1013,4,4,71.115,78.0,86.3,1976,capped,111888,9.190861677044695e+18
2026-09-29T20:59:34Z,mining,1,100,1,83.27,1013,4,4,70.391,78.0,86.5,1976,capped,111918,9.193394951835091e+18
2026-09-29T21:00:04Z,mining,1,100,1,83.27,1013,4,4,63.318,78.0,84.8,1976,capped,111948,9.195857857881309e+18
2026-09-29T21:00:34Z,mining,1,100,1,82.1,1013,4,4,68.523,77.0,86.0,1976,capped,111978,9.198320763927527e+18
2026-09-29T21:01:04Z,mining,1,100,1,83.27,1014,4,4,70.403,78.0,86.4,1976,capped,112008,9.200854038717923e+18
2026-09-29T21:01:34Z,mining,1,100,1,80.92,1014,4,4,71.727,78.0,86.8,1976,capped,112038,9.203176207275786e+18
2026-09-29T21:02:04Z,mining,1,100,1,79.75,1014,4,4,70.607,78.0,86.4,1976,capped,112068,9.205639113322004e+18
2026-09-29T21:02:34Z,mining,1,100,1,82.1,1014,4,4,70.801,77.0,86.5,1976,capped,112098,9.208102019368223e+18
2026-09-29T21:03:04Z,mining,1,100,1,82.1,1015,4,4,68.312,77.0,85.9,1976,capped,112128,9.210564925414441e+18
2026-09-29T21:03:34Z,mining,1,99,1,83.27,1015,4,4,71.269,78.0,86.3,1976,capped,112158,9.213098200204837e+18
2026-09-29T21:04:04Z,mining,1,100,1,83.27,1017,4,4,67.754,78.0,86.2,1976,capped,112188,9.215561106251055e+18
2026-09-29T21:04:34Z,mining,1,100,1,82.1,1018,4,4,71.916,78.0,86.7,1976,capped,112218,9.218024012297273e+18
2026-09-29T21:05:04Z,mining,1,97,1,82.1,1019,4,4,71.194,79.0,86.3,1976,capped,112248,9.220486918343492e+18
2026-09-29T21:05:34Z,mining,1,100,1,83.27,1019,4,4,68.021,78.0,86.2,1976,capped,112278,9.223020193133887e+18
2026-09-29T21:06:04Z,mining,1,100,1,83.27,1020,4,4,68.341,78.0,86.4,1976,capped,112308,9.225483099180106e+18
2026-09-29T21:06:34Z,mining,1,100,1,83.27,1020,4,4,68.901,77.0,85.8,1976,capped,112338,9.228016373970502e+18
2026-09-29T21:07:04Z,mining,1,100,1,83.27,1020,4,4,70.903,78.0,86.6,1976,capped,112368,9.23047928001672e+18
2026-09-29T21:07:34Z,mining,1,100,1,83.27,1020,4,4,65.076,77.0,85.5,1976,capped,112398,9.233012554807116e+18
2026-09-29T21:08:04Z,mining,1,99,1,78.58,1020,4,4,66.202,78.0,84.7,1976,capped,112428,9.235193985876623e+18
2026-09-29T21:08:34Z,mining,1,100,1,76.23,1021,4,4,64.253,76.0,84.3,1976,capped,112458,9.237586523178664e+18
2026-09-29T21:09:04Z,mining,1,100,1,77.41,1021,4,4,56.815,77.0,83.5,1976,capped,112488,9.23983832299235e+18
2026-09-29T21:09:34Z,mining,1,97,1,73.89,1021,4,4,73.63,79.0,86.8,2086,uncapped,112518,9.242019754061857e+18
2026-09-29T21:10:04Z,mining,1,100,1,73.89,1021,4,4,70.929,78.0,86.3,2086,uncapped,112548,9.244271553875542e+18
2026-09-29T21:10:34Z,mining,1,97,1,75.06,1021,4,4,73.71,77.0,86.7,2086,uncapped,112578,9.246523353689227e+18
2026-09-29T21:11:04Z,mining,1,100,1,75.06,1021,4,4,68.92,79.0,86.2,2086,uncapped,112608,9.248775153502913e+18
2026-09-29T21:11:34Z,mining,1,99,1,73.89,1021,4,4,71.718,78.0,86.6,2086,uncapped,112638,9.25095658457242e+18
2026-09-29T21:12:04Z,mining,1,97,1,72.71,1021,4,4,72.258,78.0,86.7,2086,uncapped,112668,9.253138015641928e+18
2026-09-29T21:12:34Z,mining,1,97,1,76.23,1021,4,4,73.482,78.0,87.0,2086,uncapped,112698,9.255530552943968e+18
2026-09-29T21:13:04Z,mining,1,97,1,78.58,1022,4,4,74.634,78.0,87.0,2086,uncapped,112728,9.257852721501831e+18
2026-09-29T21:13:34Z,mining,1,99,1,77.41,1022,4,4,74.175,78.0,86.2,2086,uncapped,112758,9.260174890059694e+18
2026-09-29T21:14:04Z,mining,1,96,1,78.58,1025,4,4,75.61,78.0,86.5,2086,uncapped,112788,9.262567427361735e+18
2026-09-29T21:14:34Z,mining,1,98,1,78.58,1025,4,4,74.731,78.0,86.2,2086,uncapped,112818,9.264889595919598e+18
2026-09-29T21:15:04Z,mining,1,98,1,78.58,1025,4,4,74.805,78.0,86.6,2086,uncapped,112848,9.267282133221638e+18
2026-09-29T21:15:34Z,mining,1,95,1,76.23,1025,4,4,77.267,78.0,86.7,2086,uncapped,112878,9.269463564291146e+18
2026-09-29T21:16:04Z,mining,1,98,1,76.23,1025,4,4,73.959,78.0,86.4,2086,uncapped,112908,9.271856101593186e+18
2026-09-29T21:16:34Z,mining,1,99,1,78.58,1025,4,4,74.185,77.0,85.9,2086,uncapped,112938,9.27417827015105e+18
2026-09-29T21:17:04Z,mining,1,97,1,79.75,1025,4,4,69.487,77.0,85.3,2086,uncapped,112968,9.276641176197267e+18
2026-09-29T21:17:34Z,mining,1,99,1,79.75,1025,4,4,74.426,77.0,86.4,2086,uncapped,112998,9.27896334475513e+18
2026-09-29T21:18:04Z,mining,1,96,1,79.75,1025,4,4,77.715,78.0,86.3,2086,uncapped,113028,9.281426250801349e+18
2026-09-29T21:18:34Z,mining,1,95,1,80.92,1025,4,4,78.04,77.0,86.3,2086,uncapped,113058,9.28381878810339e+18
2026-09-29T21:19:04Z,mining,1,96,1,78.58,1025,4,4,77.254,77.0,85.9,2086,uncapped,113088,9.286140956661252e+18
2026-09-29T21:19:34Z,mining,1,99,1,78.58,1026,4,4,74.734,78.0,86.1,2086,uncapped,113118,9.288533493963293e+18
2026-09-29T21:20:04Z,mining,1,98,1,79.75,1027,4,4,72.954,78.0,86.2,2086,uncapped,113148,9.290926031265333e+18
2026-09-29T21:20:34Z,mining,1,94,1,79.75,1027,4,4,74.005,77.0,86.3,2086,uncapped,113178,9.293318568567374e+18
2026-09-29T21:21:04Z,mining,1,97,1,79.75,1027,4,4,73.194,78.0,86.4,2086,uncapped,113208,9.295711105869414e+18
2026-09-29T21:21:34Z,mining,1,99,1,79.75,1027,4,4,73.996,78.0,85.9,2086,uncapped,113238,9.298103643171455e+18
2026-09-29T21:22:04Z,mining,1,99,1,78.58,1027,4,4,74.111,78.0,86.2,2086,uncapped,113268,9.300425811729318e+18
2026-09-29T21:22:34Z,mining,1,99,1,78.58,1028,4,4,72.93,78.0,86.2,2086,uncapped,113298,9.302818349031358e+18
2026-09-29T21:23:04Z,mining,1,99,1,78.58,1029,4,4,73.181,77.0,85.9,2086,uncapped,113328,9.305140517589221e+18
2026-09-29T21:23:34Z,mining,1,99,1,78.58,1029,4,4,74.361,77.0,85.7,2086,uncapped,113358,9.307533054891262e+18
2026-09-29T21:24:04Z,mining,1,97,1,79.75,1029,4,4,76.414,79.0,86.3,2086,uncapped,113388,9.309925592193303e+18
2026-09-29T21:24:34Z,mining,1,99,1,78.58,1029,4,4,72.928,77.0,85.7,2086,uncapped,113418,9.312247760751165e+18
2026-09-29T21:25:04Z,mining,1,99,1,78.58,1029,4,4,74.415,77.0,86.1,2086,uncapped,113448,9.314640298053206e+18
2026-09-29T21:25:34Z,mining,1,99,1,79.75,1029,4,4,74.184,77.0,85.7,2086,uncapped,113478,9.317032835355247e+18
2026-09-29T21:26:04Z,mining,1,99,1,79.75,1029,4,4,73.565,78.0,85.6,2086,uncapped,113508,9.319425372657287e+18
2026-09-29T21:26:34Z,mining,1,100,1,79.75,1030,4,4,72.066,77.0,85.1,2086,uncapped,113538,9.321817909959328e+18
2026-09-29T21:27:04Z,mining,1,99,1,79.75,1030,4,4,74.324,77.0,86.1,2086,uncapped,113568,9.324210447261368e+18
2026-09-29T21:27:34Z,mining,1,99,1,79.75,1030,4,4,74.634,78.0,85.7,2086,uncapped,113598,9.326602984563409e+18
2026-09-29T21:28:04Z,mining,1,99,1,79.75,1030,4,4,73.951,77.0,85.6,2086,uncapped,113628,9.32899552186545e+18
2026-09-29T21:28:34Z,mining,1,98,1,79.75,1030,4,4,75.047,78.0,85.7,2086,uncapped,113658,9.33138805916749e+18
2026-09-29T21:29:04Z,mining,1,99,1,78.58,1031,4,4,73.825,78.0,85.8,2086,uncapped,113688,9.333710227725353e+18
2026-09-29T21:29:34Z,mining,1,98,1,78.58,1031,4,4,75.896,77.0,85.8,2086,uncapped,113718,9.336102765027394e+18
2026-09-29T21:30:04Z,mining,1,96,1,79.75,1031,4,4,78.145,78.0,86.2,2086,uncapped,113748,9.338495302329434e+18
2026-09-29T21:30:34Z,mining,1,97,1,78.58,1031,4,4,74.054,79.0,85.9,2099,uncapped,113778,9.340817470887297e+18
2026-09-29T21:31:04Z,mining,1,99,1,78.58,1031,4,4,74.434,77.0,86.0,2086,uncapped,113808,9.343210008189338e+18
2026-09-29T21:31:34Z,mining,1,98,1,79.75,1031,4,4,73.215,77.0,85.8,2086,uncapped,113838,9.345602545491378e+18
2026-09-29T21:32:04Z,mining,1,96,1,79.75,1031,4,4,77.58,77.0,86.4,2086,uncapped,113868,9.347995082793419e+18
2026-09-29T21:32:34Z,mining,1,99,1,77.41,1031,4,4,73.949,77.0,85.4,2086,uncapped,113898,9.350246882607104e+18
2026-09-29T21:33:04Z,mining,1,96,1,77.41,1031,4,4,77.233,77.0,85.8,2086,uncapped,113928,9.352639419909145e+18
2026-09-29T21:33:34Z,mining,1,99,1,77.41,1032,4,4,74.591,77.0,85.4,2086,uncapped,113958,9.35489121972283e+18
2026-09-29T21:34:04Z,mining,1,100,1,78.58,1032,4,4,74.002,77.0,85.6,2086,uncapped,113988,9.357354125769048e+18
2026-09-29T21:34:34Z,mining,1,98,1,80.92,1032,4,4,77.831,78.0,86.2,2086,uncapped,114018,9.359746663071089e+18
2026-09-29T21:35:04Z,mining,1,98,1,79.75,1033,4,4,74.125,77.0,85.5,2086,uncapped,114048,9.36213920037313e+18
2026-09-29T21:35:34Z,mining,1,99,1,79.75,1033,4,4,74.242,77.0,85.7,2086,uncapped,114078,9.36453173767517e+18
2026-09-29T21:36:04Z,mining,1,99,1,79.75,1033,4,4,73.912,77.0,85.3,2086,uncapped,114108,9.36692427497721e+18
2026-09-29T21:36:34Z,mining,1,98,1,79.75,1034,4,4,74.822,77.0,85.7,2086,uncapped,114138,9.36931681227925e+18
2026-09-29T21:37:04Z,mining,1,99,1,79.75,1034,4,4,74.034,77.0,85.6,2086,uncapped,114168,9.371709349581292e+18
2026-09-29T21:37:34Z,mining,1,99,1,79.75,1034,4,4,73.3,77.0,85.2,2086,uncapped,114198,9.374101886883332e+18
2026-09-29T21:38:04Z,mining,1,99,1,78.58,1034,4,4,73.582,77.0,85.4,2086,uncapped,114228,9.376424055441195e+18
2026-09-29T21:38:34Z,mining,1,95,1,78.58,1034,4,4,77.529,79.0,86.0,2086,uncapped,114258,9.378816592743236e+18
2026-09-29T21:39:04Z,mining,1,100,1,79.75,1034,4,4,72.735,76.0,84.9,2086,uncapped,114288,9.381209130045276e+18
2026-09-29T21:39:34Z,mining,1,99,1,79.75,1034,4,4,73.827,77.0,85.6,2086,uncapped,114318,9.383601667347317e+18
2026-09-29T21:40:04Z,mining,1,100,1,79.75,1034,4,4,64.112,76.0,82.9,1976,uncapped,114348,9.385994204649357e+18
2026-09-29T21:40:34Z,mining,1,100,1,75.06,1034,4,4,63.978,75.0,82.3,1976,uncapped,114378,9.388105266974687e+18
2026-09-29T21:41:04Z,mining,1,100,1,72.71,1034,4,4,63.563,75.0,82.3,1976,uncapped,114408,9.390357066788372e+18
2026-09-29T21:41:34Z,mining,1,100,1,75.06,1035,4,4,63.342,74.0,82.1,1976,uncapped,114438,9.392608866602058e+18
2026-09-29T21:42:04Z,mining,1,100,1,73.89,1035,4,4,62.975,74.0,81.7,1976,uncapped,114468,9.394790297671565e+18
2026-09-29T21:42:34Z,mining,1,100,1,72.71,1035,4,4,63.504,75.0,81.7,1976,uncapped,114498,9.396971728741073e+18
2026-09-29T21:43:04Z,mining,1,100,1,73.89,1035,4,4,63.311,74.0,81.6,1976,uncapped,114528,9.399223528554758e+18
2026-09-29T21:43:34Z,mining,1,100,1,73.89,1035,4,4,63.282,74.0,81.7,1976,uncapped,114558,9.401404959624266e+18
2026-09-29T21:44:04Z,mining,1,100,1,79.75,1036,4,4,71.749,77.0,84.7,1976,uncapped,114588,9.40400860315884e+18
2026-09-29T21:44:34Z,mining,1,100,1,84.44,1036,4,4,72.056,77.0,84.7,1976,uncapped,114618,9.406471509205058e+18
2026-09-29T21:45:04Z,mining,1,100,1,84.44,1036,4,4,71.914,78.0,85.7,1976,uncapped,114648,9.409075152739631e+18
2026-09-29T21:45:34Z,mining,1,100,1,86.79,1036,4,4,72.065,78.0,85.7,1976,uncapped,114678,9.411678796274205e+18
2026-09-29T21:46:04Z,mining,1,99,1,83.27,1036,4,4,70.157,77.0,84.2,1976,uncapped,114708,9.414071333576245e+18
2026-09-29T21:46:34Z,mining,1,100,1,83.27,1036,4,4,72.188,78.0,85.7,1976,uncapped,114738,9.416674977110819e+18
2026-09-29T21:47:04Z,mining,1,100,1,84.44,1036,4,4,72.337,78.0,86.8,1976,uncapped,114768,9.419137883157037e+18
2026-09-29T21:47:34Z,mining,1,100,1,83.27,1037,4,4,72.206,78.0,85.9,1976,uncapped,114798,9.421671157947433e+18
2026-09-29T21:48:04Z,mining,1,100,1,85.62,1038,4,4,72.222,78.0,86.5,1976,uncapped,114828,9.424274801482007e+18
2026-09-29T21:48:34Z,mining,1,100,1,86.79,1039,4,4,72.065,78.0,86.6,1976,uncapped,114858,9.42687844501658e+18
2026-09-29T21:49:04Z,mining,1,100,1,84.44,1039,4,4,71.299,78.0,85.0,1976,uncapped,114888,9.429341351062798e+18
2026-09-29T21:49:34Z,mining,1,100,1,84.44,1039,4,4,72.214,78.0,86.4,1976,uncapped,114918,9.431944994597372e+18
2026-09-29T21:50:04Z,mining,1,100,1,84.44,1039,4,4,71.994,78.0,86.8,1976,capped,114948,9.43440790064359e+18
2026-09-29T21:50:34Z,mining,1,100,1,83.27,1039,4,4,68.586,77.0,85.1,1976,capped,114978,9.436941175433986e+18
2026-09-29T21:51:04Z,mining,1,100,1,84.44,1040,4,4,68.737,78.0,85.9,1976,capped,115008,9.439474450224382e+18
2026-09-29T21:51:34Z,mining,1,100,1,84.44,1040,4,4,69.479,77.0,85.2,1976,capped,115038,9.442007725014778e+18
2026-09-29T21:52:04Z,mining,1,100,1,83.27,1040,4,4,71.81,78.0,85.6,1976,capped,115068,9.444470631060996e+18
2026-09-29T21:52:34Z,mining,1,100,1,82.1,1041,4,4,65.892,77.0,86.5,1976,capped,115098,9.446933537107214e+18
2026-09-29T21:53:04Z,mining,1,100,1,83.27,1042,4,4,67.847,76.0,85.4,2086,capped,115128,9.44946681189761e+18
2026-09-29T21:53:34Z,mining,1,100,1,78.58,1042,4,4,69.875,78.0,85.8,2086,uncapped,115158,9.451648242967118e+18
2026-09-29T21:54:04Z,mining,1,100,1,73.89,1042,4,4,67.566,78.0,85.2,2086,uncapped,115188,9.453900042780803e+18
2026-09-29T21:54:34Z,mining,1,99,1,76.23,1042,4,4,74.578,78.0,86.0,2086,uncapped,115218,9.456222211338666e+18
2026-09-29T21:55:04Z,mining,1,96,1,77.41,1042,4,4,74.918,78.0,85.3,2086,uncapped,115248,9.458544379896529e+18
2026-09-29T21:55:34Z,mining,1,99,1,76.23,1042,4,4,73.287,78.0,85.4,2086,uncapped,115278,9.460796179710214e+18
2026-09-29T21:56:04Z,mining,1,98,1,76.23,1042,4,4,75.177,77.0,85.7,2086,uncapped,115308,9.463118348268077e+18
2026-09-29T21:56:34Z,mining,1,100,1,76.23,1043,4,4,71.492,77.0,86.0,2086,uncapped,115338,9.465370148081762e+18
2026-09-29T21:57:04Z,mining,1,98,1,76.23,1043,4,4,72.935,79.0,86.0,2086,uncapped,115368,9.467692316639625e+18
2026-09-29T21:57:34Z,mining,1,99,1,76.23,1044,4,4,69.905,77.0,85.4,2086,uncapped,115398,9.46994411645331e+18
2026-09-29T21:58:05Z,mining,1,97,1,76.23,1044,4,4,74.42,77.0,85.8,2086,uncapped,115428,9.472266285011173e+18
2026-09-29T21:58:35Z,mining,1,97,1,77.41,1044,4,4,74.067,79.0,86.1,2086,uncapped,115458,9.474588453569036e+18
2026-09-29T21:59:05Z,mining,1,100,1,77.41,1045,4,4,71.96,78.0,86.6,2086,uncapped,115488,9.4769106221269e+18
2026-09-29T21:59:35Z,mining,1,100,1,76.23,1045,4,4,72.387,78.0,86.2,2086,uncapped,115518,9.479162421940584e+18
2026-09-29T22:00:05Z,mining,1,100,1,76.23,1045,4,4,71.679,78.0,86.0,2086,uncapped,115548,9.481484590498447e+18
2026-09-29T22:00:35Z,mining,1,99,1,77.41,1045,4,4,71.024,76.0,85.6,2086,uncapped,115578,9.48380675905631e+18
2026-09-29T22:01:05Z,mining,1,98,1,77.41,1045,4,4,70.49,76.0,85.6,2086,uncapped,115608,9.486128927614173e+18
2026-09-29T22:01:35Z,mining,1,100,1,76.23,1046,4,4,71.936,77.0,86.3,2086,uncapped,115638,9.488380727427858e+18
2026-09-29T22:02:05Z,mining,1,95,1,76.23,1046,4,4,75.052,76.0,86.2,2086,uncapped,115668,9.490702895985721e+18
2026-09-29T22:02:35Z,mining,1,99,1,77.41,1046,4,4,73.632,77.0,86.4,2086,uncapped,115698,9.493025064543584e+18
2026-09-29T22:03:05Z,mining,1,100,1,77.41,1046,4,4,67.981,77.0,85.2,1976,uncapped,115728,9.495347233101447e+18
2026-09-29T22:03:35Z,mining,1,98,1,77.41,1046,4,4,68.669,77.0,84.6,1976,uncapped,115758,9.49766940165931e+18
2026-09-29T22:04:05Z,mining,1,100,1,79.75,1047,4,4,67.699,78.0,86.9,1976,uncapped,115788,9.500132307705528e+18
2026-09-29T22:04:35Z,mining,1,100,1,80.92,1048,4,4,68.067,77.0,88.0,1976,uncapped,115818,9.502524845007569e+18
2026-09-29T22:05:05Z,mining,1,100,1,80.92,1049,4,4,67.86,77.0,88.0,1976,uncapped,115848,9.504987751053787e+18
2026-09-29T22:05:35Z,mining,1,100,1,80.92,1049,4,4,67.395,78.0,85.2,1976,uncapped,115878,9.507380288355828e+18
2026-09-29T22:06:05Z,mining,1,100,1,80.92,1051,4,4,67.808,78.0,85.4,1976,uncapped,115908,9.509843194402046e+18
2026-09-29T22:06:35Z,mining,1,100,1,79.75,1052,4,4,68.633,77.0,86.2,1976,uncapped,115938,9.512165362959909e+18
2026-09-29T22:07:05Z,mining,1,100,1,79.75,1052,4,4,67.297,78.0,86.0,1976,uncapped,115968,9.514628269006127e+18
2026-09-29T22:07:35Z,mining,1,99,1,78.58,1052,4,4,68.219,77.0,84.2,1976,uncapped,115998,9.516880068819812e+18
2026-09-29T22:08:05Z,mining,1,100,1,78.58,1052,4,4,67.789,78.0,85.2,1976,uncapped,116028,9.51934297486603e+18
2026-09-29T22:08:35Z,mining,1,100,1,79.75,1053,4,4,68.567,77.0,84.9,1976,uncapped,116058,9.521665143423894e+18
2026-09-29T22:09:05Z,mining,1,100,1,79.75,1053,4,4,67.4,78.0,85.2,1976,uncapped,116088,9.524128049470112e+18
2026-09-29T22:09:35Z,mining,1,100,1,80.92,1053,4,4,62.066,77.0,84.1,1976,uncapped,116118,9.526520586772152e+18
2026-09-29T22:10:05Z,mining,1,100,1,80.92,1054,4,4,67.804,77.0,85.0,1976,uncapped,116148,9.52898349281837e+18
2026-09-29T22:10:35Z,mining,1,100,1,80.92,1054,4,4,65.68,77.0,84.4,1976,uncapped,116178,9.531376030120411e+18
2026-09-29T22:11:05Z,mining,1,100,1,79.75,1054,4,4,67.81,77.0,84.7,1976,uncapped,116208,9.533768567422452e+18
2026-09-29T22:11:35Z,mining,1,100,1,79.75,1054,4,4,65.213,77.0,84.2,1976,uncapped,116238,9.536161104724492e+18
2026-09-29T22:12:05Z,mining,1,100,1,76.23,1054,4,4,65.299,76.0,87.8,1976,uncapped,116268,9.538342535794e+18
2026-09-29T22:12:35Z,mining,1,100,1,73.89,1054,4,4,64.357,77.0,83.8,1976,uncapped,116298,9.540594335607685e+18
2026-09-29T22:13:05Z,mining,1,97,1,75.06,1054,4,4,69.253,76.0,84.3,2086,capped,116328,9.54284613542137e+18
2026-09-29T22:13:35Z,mining,1,99,1,75.06,1054,4,4,70.917,79.0,86.1,2086,uncapped,116358,9.545097935235056e+18
2026-09-29T22:14:05Z,mining,1,99,1,75.06,1054,4,4,69.919,79.0,85.1,2086,uncapped,116388,9.54734973504874e+18
2026-09-29T22:14:35Z,mining,1,100,1,73.89,1054,4,4,71.131,78.0,86.4,2086,uncapped,116418,9.549531166118248e+18
2026-09-29T22:15:05Z,mining,1,99,1,73.89,1056,4,4,70.546,79.0,85.5,2086,uncapped,116448,9.551782965931934e+18
2026-09-29T22:15:35Z,mining,1,100,1,73.89,1057,4,4,63.037,79.0,85.3,2093,uncapped,116478,9.553964397001441e+18
2026-09-29T22:16:05Z,mining,1,99,1,72.71,1057,4,4,70.77,79.0,85.4,2086,uncapped,116508,9.556145828070949e+18
2026-09-29T22:16:35Z,mining,1,100,1,72.71,1057,4,4,70.567,78.0,85.9,2086,uncapped,116538,9.558327259140456e+18
2026-09-29T22:17:05Z,mining,1,99,1,75.06,1058,4,4,71.228,79.0,86.0,2086,uncapped,116568,9.56064942769832e+18
2026-09-29T22:17:35Z,mining,1,97,1,76.23,1058,4,4,73.173,79.0,86.6,2086,uncapped,116598,9.562901227512005e+18
2026-09-29T22:18:05Z,mining,1,98,1,73.89,1058,4,4,72.327,79.0,86.0,2086,uncapped,116628,9.565012289837335e+18
2026-09-29T22:18:35Z,mining,1,99,1,72.71,1058,4,4,70.19,79.0,86.2,2086,uncapped,116658,9.567193720906842e+18
2026-09-29T22:19:05Z,mining,1,100,1,73.89,1058,4,4,70.292,78.0,86.3,2086,uncapped,116688,9.569445520720527e+18
2026-09-29T22:19:35Z,mining,1,98,1,73.89,1058,4,4,71.681,79.0,86.2,2086,uncapped,116718,9.571626951790035e+18
2026-09-29T22:20:05Z,mining,1,100,1,72.71,1058,4,4,70.839,78.0,86.1,2086,uncapped,116748,9.573808382859543e+18
2026-09-29T22:20:35Z,mining,1,100,1,73.89,1058,4,4,71.225,78.0,86.1,2086,uncapped,116778,9.576060182673228e+18
2026-09-29T22:21:05Z,mining,1,100,1,72.71,1058,4,4,69.69,78.0,86.2,2086,uncapped,116808,9.578171244998558e+18
2026-09-29T22:21:35Z,mining,1,98,1,71.54,1058,4,4,70.166,79.0,85.9,2086,uncapped,116838,9.580352676068065e+18
2026-09-29T22:22:05Z,mining,1,100,1,72.71,1058,4,4,70.872,78.0,86.1,2086,uncapped,116868,9.582534107137573e+18
2026-09-29T22:22:35Z,mining,1,99,1,73.89,1058,4,4,70.771,79.0,86.2,2086,uncapped,116898,9.584785906951258e+18
2026-09-29T22:23:05Z,mining,1,100,1,73.89,1059,4,4,64.247,78.0,85.0,1976,uncapped,116928,9.587037706764943e+18
2026-09-29T22:23:35Z,mining,1,100,1,72.71,1060,4,4,63.897,75.0,87.6,1976,uncapped,116958,9.589148769090273e+18
2026-09-29T22:24:05Z,mining,1,100,1,73.89,1060,4,4,64.468,77.0,88.2,1976,uncapped,116988,9.591400568903959e+18
2026-09-29T22:24:35Z,mining,1,100,1,73.89,1060,4,4,63.858,77.0,86.9,1976,uncapped,117018,9.593581999973466e+18
2026-09-29T22:25:05Z,mining,1,100,1,73.89,1060,4,4,64.312,77.0,86.8,1976,uncapped,117048,9.595833799787151e+18
2026-09-29T22:25:35Z,mining,1,100,1,73.89,1060,4,4,63.712,76.0,86.8,1976,uncapped,117078,9.598015230856659e+18
2026-09-29T22:26:05Z,mining,1,100,1,72.71,1060,4,4,63.292,75.0,86.7,1976,uncapped,117108,9.600196661926167e+18
2026-09-29T22:26:35Z,mining,1,100,1,71.54,1060,4,4,63.887,76.0,82.8,1976,uncapped,117138,9.602307724251496e+18
2026-09-29T22:27:05Z,mining,1,100,1,71.54,1060,4,4,63.76,75.0,82.9,1976,uncapped,117168,9.604489155321004e+18
2026-09-29T22:27:35Z,mining,1,100,1,71.54,1060,4,4,55.871,75.0,81.9,1976,uncapped,117198,9.606600217646334e+18
2026-09-29T22:28:05Z,mining,1,100,1,71.54,1060,4,4,63.184,76.0,82.4,1976,uncapped,117228,9.608781648715842e+18
2026-09-29T22:28:35Z,mining,1,100,1,72.71,1060,4,4,62.954,75.0,82.7,1976,uncapped,117258,9.610892711041171e+18
2026-09-29T22:29:05Z,mining,1,100,1,72.71,1060,4,4,61.146,75.0,82.0,1976,uncapped,117288,9.613144510854857e+18
2026-09-29T22:29:35Z,mining,1,100,1,72.71,1060,4,4,63.358,75.0,85.9,1976,uncapped,117318,9.615325941924364e+18
2026-09-29T22:30:05Z,mining,1,100,1,73.89,1060,4,4,63.817,76.0,85.8,1976,uncapped,117348,9.61757774173805e+18
2026-09-29T22:30:35Z,mining,1,100,1,73.89,1060,4,4,63.354,75.0,85.8,1976,uncapped,117379,9.619759172807557e+18
2026-09-29T22:31:05Z,mining,1,100,1,72.71,1060,4,4,63.621,76.0,85.8,1976,uncapped,117409,9.621940603877065e+18
2026-09-29T22:31:35Z,mining,1,100,1,72.71,1060,4,4,62.95,75.0,84.2,1976,uncapped,117439,9.624122034946572e+18
2026-09-29T22:32:05Z,mining,1,100,1,73.89,1060,4,4,64.208,76.0,86.3,1976,uncapped,117469,9.626373834760258e+18
2026-09-29T22:32:35Z,mining,1,100,1,72.71,1060,4,4,64.09,75.0,82.2,1976,uncapped,117499,9.628484897085587e+18
2026-09-29T22:33:05Z,mining,1,100,1,72.71,1060,4,4,68.549,77.0,83.9,2086,capped,117529,9.630736696899273e+18
2026-09-29T22:33:35Z,mining,1,100,1,75.06,1061,4,4,71.823,77.0,85.4,2086,uncapped,117559,9.632988496712958e+18
2026-09-29T22:34:05Z,mining,1,100,1,75.06,1061,4,4,70.824,77.0,85.1,2086,uncapped,117589,9.635240296526643e+18
2026-09-29T22:34:35Z,mining,1,100,1,75.06,1061,4,4,69.075,79.0,85.6,2086,uncapped,117619,9.637492096340328e+18
2026-09-29T22:35:05Z,mining,1,100,1,73.89,1061,4,4,70.409,77.0,85.4,2086,uncapped,117649,9.639673527409836e+18
2026-09-29T22:35:35Z,mining,1,100,1,73.89,1061,4,4,70.413,78.0,85.7,2086,uncapped,117679,9.641925327223521e+18
2026-09-29T22:36:05Z,mining,1,100,1,73.89,1061,4,4,70.049,78.0,86.0,2086,uncapped,117709,9.644106758293029e+18
2026-09-29T22:36:35Z,mining,1,100,1,71.54,1061,4,4,71.009,78.0,86.2,2086,uncapped,117739,9.646217820618359e+18
2026-09-29T22:37:05Z,mining,1,100,1,72.71,1061,4,4,70.719,78.0,85.9,2086,uncapped,117769,9.648469620432044e+18
2026-09-29T22:37:35Z,mining,1,100,1,73.89,1061,4,4,68.886,78.0,85.9,2086,uncapped,117799,9.650651051501552e+18
2026-09-29T22:38:05Z,mining,1,98,1,73.89,1062,4,4,72.346,79.0,85.8,2086,uncapped,117829,9.652902851315237e+18
2026-09-29T22:38:35Z,mining,1,100,1,73.89,1062,4,4,67.679,78.0,85.4,2086,uncapped,117859,9.655084282384744e+18
2026-09-29T22:39:05Z,mining,1,100,1,72.71,1062,4,4,71.315,78.0,85.9,2086,uncapped,117889,9.657265713454252e+18
2026-09-29T22:39:35Z,mining,1,100,1,73.89,1063,4,4,70.728,78.0,85.8,2086,uncapped,117919,9.659517513267937e+18
2026-09-29T22:40:05Z,mining,1,100,1,73.89,1063,4,4,71.538,78.0,86.1,2086,uncapped,117949,9.661698944337445e+18
2026-09-29T22:40:35Z,mining,1,99,1,73.89,1063,4,4,71.101,79.0,86.1,2086,uncapped,117979,9.66395074415113e+18
2026-09-29T22:41:05Z,mining,1,99,1,75.06,1063,4,4,70.653,79.0,86.0,2086,uncapped,118009,9.666202543964815e+18
2026-09-29T22:41:35Z,mining,1,100,1,73.89,1063,4,4,70.385,78.0,85.9,2086,uncapped,118039,9.668383975034323e+18
2026-09-29T22:42:05Z,mining,1,100,1,73.89,1063,4,4,70.83,78.0,85.6,2086,uncapped,118069,9.670635774848008e+18
2026-09-29T22:42:35Z,mining,1,99,1,73.89,1063,4,4,71.188,79.0,85.8,2086,uncapped,118099,9.672817205917516e+18
2026-09-29T22:43:05Z,mining,1,100,1,73.89,1063,4,4,63.92,77.0,86.2,1976,uncapped,118129,9.6750690057312e+18
2026-09-29T22:43:35Z,mining,1,100,1,73.89,1063,4,4,63.956,76.0,83.7,1976,uncapped,118159,9.677250436800709e+18
2026-09-29T22:44:05Z,mining,1,100,1,72.71,1064,4,4,63.535,76.0,83.2,1976,uncapped,118189,9.679431867870216e+18
2026-09-29T22:44:35Z,mining,1,100,1,71.54,1065,4,4,63.259,76.0,82.8,1976,uncapped,118219,9.681542930195546e+18
2026-09-29T22:45:05Z,mining,1,100,1,71.54,1065,4,4,64.098,76.0,82.8,1976,uncapped,118249,9.683724361265054e+18
