ts_utc,state,pool,duty_pct,trips_total,rate_60s_tmacs,accepted,rejected,stale,power_w,gpu_c,acpitz_c,sm_mhz,cap_status,mining_s,credited_macs
2026-09-27T04:31:29Z,mining,1,100,0,71.54,2,0,0,63.714,74.0,80.7,1976,capped,95,6544293208522752.0
2026-09-27T04:32:29Z,mining,1,100,0,72.71,2,0,0,68.196,75.0,81.8,1976,capped,155,1.090715534753792e+16
2026-09-27T04:33:29Z,mining,1,100,0,76.23,2,0,0,68.684,76.0,82.7,1976,capped,215,1.548112371908608e+16
2026-09-27T04:34:29Z,mining,1,100,0,76.23,2,0,0,68.31,77.0,84.5,1976,capped,275,2.005509209063424e+16
2026-09-27T04:35:29Z,mining,1,100,0,73.89,3,0,0,68.077,77.0,83.2,1976,capped,335,2.448832297382707e+16
2026-09-27T04:36:29Z,mining,1,100,0,75.06,5,0,0,68.088,77.0,84.7,1976,capped,395,2.899192260119757e+16
2026-09-27T04:37:29Z,mining,1,100,0,76.23,5,0,0,68.926,77.0,85.6,1976,capped,455,3.356589097274573e+16
2026-09-27T04:38:29Z,mining,1,100,0,76.23,5,0,0,64.765,77.0,84.2,1976,capped,515,3.813985934429389e+16
2026-09-27T04:39:29Z,mining,1,100,0,76.23,5,0,0,68.199,77.0,84.4,1976,capped,575,4.271382771584205e+16
2026-09-27T04:40:29Z,mining,1,100,0,75.06,6,0,0,68.362,78.0,85.8,1976,capped,635,4.721742734321254e+16
2026-09-27T04:41:29Z,mining,1,100,0,77.41,7,0,0,68.413,77.0,86.5,1976,capped,695,5.186176445893837e+16
2026-09-27T04:42:29Z,mining,1,100,0,75.06,7,0,0,62.881,77.0,84.4,1976,capped,755,5.636536408630886e+16
2026-09-27T04:43:29Z,mining,1,100,0,75.06,7,0,0,62.081,78.0,84.0,1976,capped,815,6.086896371367936e+16
2026-09-27T04:44:29Z,mining,1,100,0,73.89,7,0,0,65.355,78.0,84.5,1976,capped,875,6.530219459687219e+16
2026-09-27T04:45:29Z,mining,1,100,0,73.89,7,0,0,63.715,77.0,84.6,1976,capped,935,6.973542548006502e+16
2026-09-27T04:46:29Z,mining,1,100,0,73.89,7,0,0,67.29,77.0,84.4,1976,capped,995,7.416865636325786e+16
2026-09-27T04:47:29Z,mining,1,100,0,76.23,7,0,0,64.465,78.0,84.2,1976,capped,1055,7.874262473480602e+16
2026-09-27T04:48:29Z,mining,1,100,0,73.89,7,0,0,66.868,76.0,84.0,1976,capped,1115,8.317585561799885e+16
2026-09-27T04:49:29Z,mining,1,100,0,75.06,7,0,0,67.302,76.0,84.2,1976,capped,1175,8.767945524536934e+16
2026-09-27T04:50:29Z,mining,1,100,0,75.06,7,0,0,67.395,77.0,84.8,1976,capped,1235,9.218305487273984e+16
2026-09-27T04:51:30Z,mining,1,100,0,76.23,7,0,0,66.592,78.0,84.8,1976,capped,1295,9.6757023244288e+16
2026-09-27T04:52:30Z,mining,1,100,0,75.06,8,0,0,66.571,78.0,84.7,1976,capped,1355,1.012606228716585e+17
2026-09-27T04:53:30Z,mining,1,100,0,75.06,9,0,0,65.478,78.0,84.6,1976,capped,1415,1.05764222499029e+17
2026-09-27T04:54:30Z,mining,1,100,0,73.89,9,0,0,66.673,77.0,84.8,1976,capped,1475,1.1019745338222182e+17
2026-09-27T04:55:30Z,mining,1,100,0,75.06,9,0,0,64.386,77.0,84.1,1976,capped,1535,1.1470105300959232e+17
2026-09-27T04:56:30Z,mining,1,100,0,75.06,10,0,0,66.855,77.0,84.1,1976,capped,1595,1.1920465263696282e+17
2026-09-27T04:57:30Z,mining,1,100,0,75.06,10,0,0,65.726,77.0,84.4,1976,capped,1655,1.2370825226433331e+17
2026-09-27T04:58:30Z,mining,1,100,0,76.23,10,0,0,65.605,78.0,84.4,1976,capped,1715,1.2828222063588147e+17
2026-09-27T04:59:30Z,mining,1,100,0,75.06,11,0,0,65.087,78.0,84.2,1976,capped,1775,1.3278582026325197e+17
2026-09-27T05:00:30Z,mining,1,100,0,75.06,12,0,0,65.318,78.0,84.3,1976,capped,1835,1.3728941989062246e+17
2026-09-27T05:01:30Z,mining,1,100,0,70.37,12,0,0,65.785,76.0,84.6,1976,capped,1895,1.415115445412823e+17
2026-09-27T05:02:30Z,mining,1,100,0,76.23,13,0,0,65.704,77.0,84.2,1976,capped,1955,1.4608551291283046e+17
2026-09-27T05:03:30Z,mining,1,100,0,73.89,13,0,0,64.935,77.0,84.6,1976,capped,2015,1.505187437960233e+17
2026-09-27T05:04:30Z,mining,1,100,0,75.06,13,0,0,64.666,78.0,84.6,1976,capped,2075,1.550223434233938e+17
2026-09-27T05:05:30Z,mining,1,100,0,76.23,13,0,0,64.32,78.0,84.2,1976,capped,2135,1.5959631179494195e+17
2026-09-27T05:06:30Z,mining,1,100,0,75.06,13,0,0,65.594,78.0,84.8,1976,capped,2195,1.640295426781348e+17
2026-09-27T05:07:30Z,mining,1,100,0,75.06,14,0,0,64.603,78.0,85.2,1976,capped,2256,1.6860351104968294e+17
2026-09-27T05:08:30Z,mining,1,100,0,76.23,14,0,0,65.124,78.0,84.7,1976,capped,2316,1.731774794212311e+17
2026-09-27T05:09:30Z,mining,1,100,0,73.89,14,0,0,64.341,77.0,84.4,1976,capped,2376,1.7761071030442394e+17
2026-09-27T05:10:30Z,mining,1,100,0,75.06,14,0,0,64.834,78.0,84.7,1976,capped,2436,1.8211430993179443e+17
2026-09-27T05:11:30Z,mining,1,100,0,75.06,14,0,0,64.062,77.0,84.3,1976,capped,2496,1.8661790955916493e+17
2026-09-27T05:12:30Z,mining,1,100,0,73.89,14,0,0,64.209,76.0,84.0,1976,capped,2556,1.9105114044235776e+17
2026-09-27T05:13:30Z,mining,1,100,0,75.06,17,0,0,65.21,76.0,84.1,1976,capped,2616,1.9555474006972826e+17
2026-09-27T05:14:30Z,mining,1,100,0,76.23,17,0,0,64.25,77.0,84.1,1976,capped,2676,2.001287084412764e+17
2026-09-27T05:15:30Z,mining,1,100,0,73.89,17,0,0,63.679,77.0,84.4,1976,capped,2736,2.0456193932446925e+17
2026-09-27T05:16:30Z,mining,1,100,0,73.89,17,0,0,64.535,76.0,84.1,1976,capped,2796,2.0899517020766208e+17
2026-09-27T05:17:30Z,mining,1,100,0,75.06,18,0,0,67.121,78.0,85.0,1976,capped,2856,2.1349876983503258e+17
2026-09-27T05:18:30Z,mining,1,100,0,72.71,18,0,0,66.097,77.0,85.4,1976,capped,2916,2.1786163197404774e+17
2026-09-27T05:19:30Z,mining,1,100,0,75.06,20,0,0,65.396,78.0,84.7,1976,capped,2976,2.2236523160141824e+17
2026-09-27T05:20:30Z,mining,1,100,0,76.23,21,0,0,66.269,78.0,86.8,1976,capped,3036,2.269391999729664e+17
2026-09-27T05:21:30Z,mining,1,100,0,73.89,23,0,0,65.63,78.0,85.7,1976,capped,3096,2.3137243085615923e+17
2026-09-27T05:22:30Z,mining,1,99,0,72.71,23,0,0,65.476,77.0,83.7,1976,capped,3156,2.357352929951744e+17
2026-09-27T05:23:30Z,mining,1,100,0,75.06,23,0,0,65.127,77.0,84.3,1976,capped,3216,2.402388926225449e+17
2026-09-27T05:24:30Z,mining,1,100,0,75.06,24,0,0,65.142,78.0,84.3,1976,capped,3276,2.447424922499154e+17
2026-09-27T05:25:30Z,mining,1,100,0,75.06,24,0,0,65.275,78.0,84.5,1976,capped,3336,2.492460918772859e+17
2026-09-27T05:26:30Z,mining,1,100,0,75.06,24,0,0,64.47,77.0,84.1,1976,capped,3396,2.537496915046564e+17
2026-09-27T05:27:30Z,mining,1,100,0,75.06,24,0,0,64.665,78.0,84.2,1976,capped,3456,2.5825329113202688e+17
2026-09-27T05:28:30Z,mining,1,100,0,75.06,25,0,0,65.568,77.0,86.7,1976,capped,3516,2.6275689075939738e+17
2026-09-27T05:29:30Z,mining,1,100,0,73.89,25,0,0,64.246,76.0,84.4,1976,capped,3576,2.671901216425902e+17
2026-09-27T05:30:30Z,mining,1,100,0,73.89,25,0,0,64.276,78.0,84.1,1976,capped,3636,2.7162335252578304e+17
2026-09-27T05:31:30Z,mining,1,100,0,75.06,25,0,0,64.566,77.0,84.2,1976,capped,3696,2.7612695215315354e+17
2026-09-27T05:32:30Z,mining,1,100,0,75.06,28,0,0,64.705,77.0,84.1,1976,capped,3756,2.8063055178052403e+17
2026-09-27T05:33:30Z,mining,1,100,0,76.23,30,0,0,64.555,77.0,83.9,1976,capped,3816,2.852045201520722e+17
2026-09-27T05:34:30Z,mining,1,100,0,75.06,32,0,0,64.815,77.0,86.4,1976,capped,3876,2.897081197794427e+17
2026-09-27T05:35:30Z,mining,1,100,0,76.23,32,0,0,64.88,77.0,86.2,1976,capped,3936,2.9428208815099085e+17
2026-09-27T05:36:30Z,mining,1,100,0,75.06,32,0,0,60.942,77.0,83.3,1976,capped,3996,2.9878568777836134e+17
2026-09-27T05:37:30Z,mining,1,100,0,73.89,34,0,0,64.997,77.0,83.9,1976,capped,4056,3.032189186615542e+17
2026-09-27T05:38:30Z,mining,1,100,0,76.23,35,0,0,64.916,77.0,86.8,1976,capped,4116,3.0779288703310234e+17
2026-09-27T05:39:31Z,mining,1,99,0,73.89,37,0,0,63.955,77.0,85.0,1976,capped,4176,3.122261179162952e+17
2026-09-27T05:40:31Z,mining,1,100,0,72.71,38,0,0,64.287,77.0,84.2,1976,capped,4236,3.1658898005531034e+17
2026-09-27T05:41:31Z,mining,1,100,0,76.23,39,0,0,64.915,77.0,84.1,1976,capped,4296,3.211629484268585e+17
2026-09-27T05:42:31Z,mining,1,100,0,75.06,40,0,0,64.465,78.0,84.1,1976,capped,4356,3.25666548054229e+17
2026-09-27T05:43:31Z,mining,1,100,0,75.06,41,0,0,64.652,78.0,84.4,1976,capped,4416,3.301701476815995e+17
2026-09-27T05:44:31Z,mining,1,100,0,76.23,42,0,0,65.056,77.0,84.7,1976,capped,4476,3.3474411605314765e+17
2026-09-27T05:45:31Z,mining,1,100,0,76.23,42,0,0,64.624,78.0,84.4,1976,capped,4536,3.393180844246958e+17
2026-09-27T05:46:31Z,mining,1,100,0,73.89,42,0,0,63.791,78.0,85.9,1976,capped,4596,3.4375131530788864e+17
2026-09-27T05:47:31Z,mining,1,100,0,75.06,43,0,0,64.548,77.0,85.7,1976,capped,4656,3.4825491493525914e+17
2026-09-27T05:48:31Z,mining,1,100,0,77.41,44,0,0,65.356,78.0,85.9,1976,capped,4716,3.5289925205098496e+17
2026-09-27T05:49:31Z,mining,1,98,0,75.06,45,0,0,67.994,79.0,85.2,1976,capped,4776,3.5740285167835546e+17
2026-09-27T05:50:31Z,mining,1,98,0,75.06,45,0,0,68.618,79.0,85.6,1976,capped,4836,3.6190645130572595e+17
2026-09-27T05:51:31Z,mining,1,100,0,75.06,45,0,0,66.998,79.0,85.1,1976,capped,4896,3.6641005093309645e+17
2026-09-27T05:52:31Z,mining,1,100,0,75.06,46,0,0,67.622,79.0,85.0,1976,capped,4956,3.7091365056046694e+17
2026-09-27T05:53:31Z,mining,1,98,0,76.23,47,0,0,66.821,79.0,84.8,1976,capped,5016,3.754876189320151e+17
2026-09-27T05:54:31Z,mining,1,100,0,76.23,47,0,0,66.15,78.0,88.6,1976,capped,5076,3.801319560477409e+17
2026-09-27T05:55:31Z,mining,1,100,0,76.23,47,0,0,65.878,78.0,86.8,1976,capped,5136,3.846355556751114e+17
2026-09-27T05:56:31Z,mining,1,100,0,76.23,47,0,0,63.611,78.0,84.7,1976,capped,5196,3.892095240466596e+17
2026-09-27T05:57:31Z,mining,1,97,0,75.06,49,0,0,68.182,79.0,85.2,1976,capped,5256,3.9378349241820774e+17
2026-09-27T05:58:31Z,mining,1,99,0,75.06,49,0,0,66.252,79.0,85.0,1976,capped,5317,3.9828709204557824e+17
2026-09-27T05:59:31Z,mining,1,99,0,72.71,50,0,0,65.622,79.0,84.6,1976,capped,5377,4.026499541845934e+17
2026-09-27T06:00:31Z,mining,1,99,0,75.06,51,0,0,66.256,79.0,85.0,1976,capped,5437,4.071535538119639e+17
2026-09-27T06:01:31Z,mining,1,100,0,75.06,51,0,0,64.104,78.0,84.1,1976,capped,5497,4.116571534393344e+17
2026-09-27T06:02:31Z,mining,1,99,0,73.89,52,0,0,64.438,79.0,84.4,1976,capped,5557,4.160903843225272e+17
2026-09-27T06:03:31Z,mining,1,100,0,72.71,53,0,0,64.795,78.0,84.8,1976,capped,5617,4.204532464615424e+17
2026-09-27T06:04:31Z,mining,1,100,0,73.89,53,0,0,64.81,78.0,83.8,1976,capped,5677,4.248864773447352e+17
2026-09-27T06:05:31Z,mining,1,100,0,72.71,53,0,0,64.843,78.0,86.3,1976,capped,5737,4.292493394837504e+17
2026-09-27T06:06:31Z,mining,1,100,0,72.71,53,0,0,65.055,77.0,84.8,1976,capped,5797,4.336122016227656e+17
2026-09-27T06:07:31Z,mining,1,100,0,72.71,54,0,0,65.381,78.0,84.5,1976,capped,5857,4.3797506376178074e+17
2026-09-27T06:08:31Z,mining,1,100,0,72.71,55,0,0,64.876,78.0,87.4,1976,capped,5917,4.423379259007959e+17
2026-09-27T06:09:31Z,mining,1,99,0,72.71,55,0,0,64.623,79.0,84.5,1976,capped,5977,4.467007880398111e+17
2026-09-27T06:10:31Z,mining,1,100,0,72.71,55,0,0,65.333,77.0,86.0,1976,capped,6037,4.5106365017882624e+17
2026-09-27T06:11:31Z,mining,1,99,0,72.71,55,0,0,65.418,79.0,84.1,1976,capped,6097,4.554265123178414e+17
2026-09-27T06:12:31Z,mining,1,100,0,72.71,56,0,0,65.284,78.0,85.8,1976,capped,6157,4.597893744568566e+17
2026-09-27T06:13:31Z,mining,1,100,0,71.54,56,0,0,65.692,78.0,84.3,1976,capped,6217,4.640818678516941e+17
2026-09-27T06:14:31Z,mining,1,100,0,73.89,56,0,0,66.201,78.0,84.5,1976,capped,6277,4.685150987348869e+17
2026-09-27T06:15:31Z,mining,1,100,0,72.71,56,0,0,65.634,78.0,87.4,1976,capped,6337,4.728779608739021e+17
2026-09-27T06:16:31Z,mining,1,99,0,72.71,56,0,0,65.513,79.0,84.7,1976,capped,6397,4.7724082301291725e+17
2026-09-27T06:17:31Z,mining,1,100,0,72.71,56,0,0,66.227,78.0,84.4,1976,capped,6457,4.816036851519324e+17
2026-09-27T06:18:31Z,mining,1,100,0,72.71,56,0,0,62.493,77.0,83.8,1976,capped,6517,4.859665472909476e+17
2026-09-27T06:19:31Z,mining,1,100,0,71.54,56,0,0,62.116,77.0,88.0,1976,capped,6577,4.902590406857851e+17
2026-09-27T06:20:31Z,mining,1,100,0,72.71,56,0,0,63.712,78.0,88.4,1976,capped,6637,4.9462190282480026e+17
2026-09-27T06:21:31Z,mining,1,100,0,72.71,56,0,0,63.299,78.0,85.1,1976,capped,6697,4.989847649638154e+17
2026-09-27T06:22:31Z,mining,1,100,0,71.54,56,0,0,62.052,77.0,83.7,1976,capped,6757,5.032772583586529e+17
2026-09-27T06:23:31Z,mining,1,100,0,73.89,57,0,0,62.613,77.0,84.3,1976,capped,6817,5.0771048924184576e+17
2026-09-27T06:24:31Z,mining,1,100,0,72.71,57,0,0,63.161,77.0,84.1,1976,capped,6877,5.120733513808609e+17
2026-09-27T06:25:31Z,mining,1,100,0,73.89,57,0,0,63.107,77.0,83.7,1976,capped,6937,5.1650658226405376e+17
2026-09-27T06:26:31Z,mining,1,100,0,71.54,57,0,0,62.831,77.0,83.6,1976,capped,6997,5.2079907565889126e+17
2026-09-27T06:27:31Z,mining,1,100,0,71.54,57,0,0,63.058,77.0,83.4,1976,capped,7057,5.250915690537288e+17
2026-09-27T06:28:31Z,mining,1,100,0,72.71,57,0,0,63.37,78.0,84.1,1976,capped,7117,5.2945443119274394e+17
2026-09-27T06:29:31Z,mining,1,100,0,72.71,60,0,0,62.611,77.0,87.0,1976,capped,7177,5.338172933317591e+17
2026-09-27T06:30:31Z,mining,1,100,0,71.54,60,0,0,63.292,76.0,85.2,1976,capped,7237,5.381097867265966e+17
2026-09-27T06:31:32Z,mining,1,100,0,73.89,61,0,0,63.123,77.0,84.1,1976,capped,7297,5.4254301760978944e+17
2026-09-27T06:32:32Z,mining,1,100,0,69.2,61,0,0,62.265,77.0,86.6,1976,capped,7357,5.466947735162716e+17
2026-09-27T06:33:32Z,mining,1,100,0,72.71,61,0,0,58.033,76.0,82.3,1976,capped,7417,5.510576356552868e+17
2026-09-27T06:34:32Z,mining,1,100,0,73.89,61,0,0,62.267,77.0,86.5,1976,capped,7477,5.554908665384796e+17
2026-09-27T06:35:32Z,mining,1,100,0,73.89,61,0,0,62.369,76.0,82.9,1976,capped,7537,5.5992409742167245e+17
2026-09-27T06:36:32Z,mining,1,100,0,71.54,61,0,0,62.436,76.0,86.3,1976,capped,7597,5.6421659081650995e+17
2026-09-27T06:37:32Z,mining,1,100,0,73.89,62,0,0,62.952,76.0,83.7,1976,capped,7657,5.686498216997028e+17
2026-09-27T06:38:32Z,mining,1,100,0,73.89,63,0,0,62.663,76.0,83.2,1976,capped,7717,5.730830525828956e+17
2026-09-27T06:39:32Z,mining,1,100,0,72.71,64,0,0,62.698,77.0,87.5,1976,capped,7777,5.774459147219108e+17
2026-09-27T06:40:32Z,mining,1,100,0,73.89,65,0,0,55.509,76.0,82.3,1976,capped,7837,5.818791456051036e+17
2026-09-27T06:41:32Z,mining,1,100,0,71.54,66,0,0,62.617,77.0,83.9,1976,capped,7897,5.861716389999411e+17
2026-09-27T06:42:32Z,mining,1,100,0,72.71,66,0,0,55.244,76.0,82.2,1976,capped,7957,5.905345011389563e+17
2026-09-27T06:43:32Z,mining,1,100,0,71.54,66,0,0,62.871,77.0,85.1,1976,capped,8017,5.948269945337938e+17
2026-09-27T06:44:32Z,mining,1,100,0,70.37,67,0,0,63.321,78.0,86.6,1976,capped,8077,5.990491191844536e+17
2026-09-27T06:45:32Z,mining,1,100,0,71.54,67,0,0,62.996,78.0,84.1,1976,capped,8137,6.033416125792911e+17
2026-09-27T06:46:32Z,mining,1,100,0,71.54,67,0,0,62.937,77.0,87.2,1976,capped,8197,6.076341059741286e+17
2026-09-27T06:47:32Z,mining,1,100,0,72.71,68,0,0,63.672,77.0,88.1,1976,capped,8257,6.119969681131438e+17
2026-09-27T06:48:32Z,mining,1,100,0,72.71,68,0,0,64.539,78.0,84.1,1976,capped,8317,6.165005677405143e+17
2026-09-27T06:49:32Z,mining,1,100,0,72.71,69,0,0,64.148,77.0,87.7,1976,capped,8378,6.208634298795295e+17
2026-09-27T06:50:32Z,mining,1,100,0,73.89,70,0,0,64.328,77.0,84.3,1976,capped,8438,6.252966607627223e+17
2026-09-27T06:51:32Z,mining,1,100,0,72.71,70,0,0,64.36,78.0,84.4,1976,capped,8498,6.296595229017375e+17
2026-09-27T06:52:32Z,mining,1,100,0,73.89,71,0,0,64.104,77.0,86.9,1976,capped,8558,6.340927537849303e+17
2026-09-27T06:53:32Z,mining,1,100,0,72.71,71,0,0,63.91,77.0,87.2,1976,capped,8618,6.384556159239455e+17
2026-09-27T06:54:32Z,mining,1,100,0,72.71,71,0,0,64.131,77.0,84.3,1976,capped,8678,6.428184780629606e+17
2026-09-27T06:55:32Z,mining,1,100,0,71.54,71,0,0,64.362,77.0,84.3,1976,capped,8738,6.471109714577981e+17
2026-09-27T06:56:32Z,mining,1,100,0,72.71,71,0,0,62.391,77.0,84.3,1976,capped,8798,6.514738335968133e+17
2026-09-27T06:57:32Z,mining,1,100,0,71.54,72,0,0,64.336,77.0,84.4,1976,capped,8858,6.557663269916508e+17
2026-09-27T06:58:32Z,mining,1,100,0,71.54,72,0,0,57.058,78.0,83.2,1976,capped,8918,6.600588203864883e+17
2026-09-27T06:59:32Z,mining,1,100,0,73.89,72,0,0,62.005,77.0,84.5,1976,capped,8978,6.644920512696812e+17
2026-09-27T07:00:32Z,mining,1,100,0,70.37,72,0,0,62.638,77.0,84.5,1976,capped,9038,6.68714175920341e+17
2026-09-27T07:01:32Z,mining,1,100,0,73.89,72,0,0,63.722,77.0,84.5,1976,capped,9098,6.731474068035338e+17
2026-09-27T07:02:32Z,mining,1,100,0,73.89,73,0,0,62.104,77.0,84.2,1976,capped,9158,6.775806376867267e+17
2026-09-27T07:03:32Z,mining,1,100,0,72.71,73,0,0,63.003,78.0,84.2,1976,capped,9218,6.819434998257418e+17
2026-09-27T07:04:32Z,mining,1,100,0,72.71,73,0,0,61.058,78.0,84.1,1976,capped,9278,6.86306361964757e+17
2026-09-27T07:05:32Z,mining,1,100,0,72.71,74,0,0,63.197,77.0,84.5,1976,capped,9338,6.906692241037722e+17
2026-09-27T07:06:32Z,mining,1,100,0,72.71,74,0,0,62.134,77.0,83.8,1976,capped,9398,6.950320862427873e+17
2026-09-27T07:07:32Z,mining,1,100,0,72.71,75,0,0,62.93,77.0,84.1,1976,capped,9458,6.993949483818025e+17
2026-09-27T07:08:32Z,mining,1,100,0,72.71,76,0,0,63.357,77.0,88.2,1976,capped,9518,7.037578105208177e+17
2026-09-27T07:09:32Z,mining,1,100,0,72.71,76,0,0,63.535,77.0,84.3,1976,capped,9578,7.081206726598328e+17
2026-09-27T07:10:32Z,mining,1,100,0,72.71,76,0,0,65.255,78.0,84.7,1976,capped,9638,7.12483534798848e+17
2026-09-27T07:11:32Z,mining,1,100,0,73.89,77,0,0,64.811,78.0,85.6,1976,capped,9698,7.169167656820408e+17
2026-09-27T07:12:32Z,mining,1,98,0,75.06,77,0,0,65.514,79.0,85.2,1976,capped,9758,7.214203653094113e+17
2026-09-27T07:13:32Z,mining,1,100,0,73.89,78,0,0,64.791,78.0,84.7,1976,capped,9818,7.258535961926042e+17
2026-09-27T07:14:32Z,mining,1,100,0,73.89,78,0,0,64.422,78.0,84.9,1976,capped,9878,7.30286827075797e+17
2026-09-27T07:15:32Z,mining,1,99,0,71.54,78,0,0,65.091,78.0,84.9,1976,capped,9938,7.345793204706345e+17
2026-09-27T07:16:32Z,mining,1,100,0,73.89,78,0,0,65.148,78.0,85.0,1976,capped,9998,7.390125513538273e+17
2026-09-27T07:17:32Z,mining,1,100,0,73.89,78,0,0,65.434,78.0,85.2,1976,capped,10058,7.434457822370202e+17
2026-09-27T07:18:32Z,mining,1,100,0,72.71,78,0,0,66.483,78.0,85.2,1976,capped,10118,7.478086443760353e+17
2026-09-27T07:19:33Z,mining,1,100,0,75.06,78,0,0,67.367,77.0,85.1,1976,capped,10178,7.523122440034058e+17
2026-09-27T07:20:33Z,mining,1,100,0,76.23,78,0,0,66.715,77.0,85.0,1976,capped,10238,7.56886212374954e+17
2026-09-27T07:21:33Z,mining,1,100,0,73.89,78,0,0,66.799,77.0,85.4,1976,capped,10298,7.613194432581468e+17
2026-09-27T07:22:33Z,mining,1,100,0,75.06,79,0,0,67.464,77.0,84.9,1976,capped,10358,7.658230428855173e+17
2026-09-27T07:23:33Z,mining,1,100,0,73.89,79,0,0,67.63,77.0,84.9,1976,capped,10418,7.702562737687101e+17
2026-09-27T07:24:33Z,mining,1,100,0,75.06,80,0,0,66.884,77.0,85.5,1976,capped,10478,7.747598733960806e+17
2026-09-27T07:25:33Z,mining,1,100,0,73.89,81,0,0,66.713,76.0,85.0,1976,capped,10538,7.791931042792735e+17
2026-09-27T07:26:33Z,mining,1,100,0,75.06,82,0,0,68.114,77.0,85.1,1976,capped,10598,7.83696703906644e+17
2026-09-27T07:27:33Z,mining,1,100,0,76.23,83,0,0,67.413,77.0,84.7,1976,capped,10658,7.882706722781921e+17
2026-09-27T07:28:33Z,mining,1,100,0,76.23,83,0,0,67.745,77.0,85.1,1976,capped,10718,7.928446406497403e+17
2026-09-27T07:29:33Z,mining,1,100,0,73.89,83,0,0,66.728,77.0,85.1,1976,capped,10778,7.972778715329331e+17
2026-09-27T07:30:33Z,mining,1,100,0,75.06,83,0,0,67.609,76.0,85.4,1976,capped,10838,8.017814711603036e+17
2026-09-27T07:31:33Z,mining,1,100,0,75.06,83,0,0,68.301,77.0,86.4,1976,capped,10898,8.062850707876741e+17
2026-09-27T07:32:33Z,mining,1,100,0,75.06,83,0,0,68.367,78.0,85.1,1976,capped,10958,8.107886704150446e+17
2026-09-27T07:33:33Z,mining,1,100,0,75.06,84,0,0,67.141,76.0,83.9,1976,capped,11018,8.153626387865928e+17
2026-09-27T07:34:33Z,mining,1,100,0,73.89,86,0,0,67.342,77.0,84.6,1976,capped,11078,8.19725500925608e+17
2026-09-27T07:35:33Z,mining,1,100,0,73.89,87,0,0,68.04,77.0,85.2,1976,capped,11139,8.242291005529784e+17
2026-09-27T07:36:33Z,mining,1,100,0,77.41,87,0,0,67.803,77.0,85.0,1976,capped,11199,8.288734376687043e+17
2026-09-27T07:37:33Z,mining,1,100,0,73.89,87,0,0,67.751,77.0,85.7,1976,capped,11259,8.333066685518971e+17
2026-09-27T07:38:33Z,mining,1,100,0,75.06,87,0,0,67.55,77.0,84.6,1976,capped,11319,8.378102681792676e+17
2026-09-27T07:39:33Z,mining,1,100,0,76.23,89,0,0,64.378,77.0,83.8,1976,capped,11379,8.423842365508157e+17
2026-09-27T07:40:33Z,mining,1,100,0,76.23,89,0,0,67.304,76.0,84.3,1976,capped,11439,8.469582049223639e+17
2026-09-27T07:41:33Z,mining,1,100,0,76.23,89,0,0,67.201,77.0,84.5,1976,capped,11499,8.51532173293912e+17
2026-09-27T07:42:33Z,mining,1,100,0,76.23,89,0,0,66.623,76.0,84.1,1976,capped,11559,8.561061416654602e+17
2026-09-27T07:43:33Z,mining,1,100,0,75.06,89,0,0,67.131,76.0,83.8,1976,capped,11619,8.606097412928307e+17
2026-09-27T07:44:33Z,mining,1,100,0,75.06,89,0,0,66.218,76.0,84.3,1976,capped,11679,8.651133409202012e+17
2026-09-27T07:45:33Z,mining,1,100,0,77.41,89,0,0,66.188,76.0,84.2,1976,capped,11739,8.69757678035927e+17
2026-09-27T07:46:33Z,mining,1,100,0,75.06,91,0,0,66.447,78.0,85.1,1976,capped,11799,8.742612776632975e+17
2026-09-27T07:47:33Z,mining,1,100,0,76.23,92,0,0,66.697,78.0,85.6,1976,capped,11859,8.788352460348457e+17
2026-09-27T07:48:33Z,mining,1,100,0,78.58,92,0,0,66.379,78.0,85.3,1976,capped,11919,8.835499518947492e+17
2026-09-27T07:49:33Z,mining,1,100,0,78.58,93,0,0,67.929,78.0,86.3,1976,capped,11979,8.882646577546527e+17
2026-09-27T07:50:33Z,mining,1,100,0,78.58,93,0,0,68.289,78.0,85.7,1976,capped,12039,8.929793636145562e+17
2026-09-27T07:51:33Z,mining,1,100,0,77.41,94,0,0,60.847,78.0,85.3,1976,capped,12099,8.97623700730282e+17
2026-09-27T07:52:33Z,mining,1,100,0,78.58,94,0,0,65.015,79.0,85.6,1976,capped,12159,9.023384065901855e+17
2026-09-27T07:53:33Z,mining,1,100,0,77.41,94,0,0,67.958,78.0,85.7,1976,capped,12219,9.069827437059113e+17
2026-09-27T07:54:33Z,mining,1,100,0,78.58,95,0,0,65.291,77.0,85.3,1976,capped,12279,9.116974495658148e+17
2026-09-27T07:55:33Z,mining,1,100,0,77.41,95,0,0,65.307,77.0,85.3,1976,capped,12339,9.163417866815406e+17
2026-09-27T07:56:33Z,mining,1,100,0,78.58,95,0,0,67.83,78.0,86.3,1976,capped,12399,9.210564925414441e+17
2026-09-27T07:57:33Z,mining,1,100,0,79.75,96,0,0,68.099,78.0,86.7,1976,capped,12459,9.258415671455252e+17
2026-09-27T07:58:33Z,mining,1,100,0,77.41,96,0,0,67.656,78.0,85.4,1976,capped,12519,9.304859042612511e+17
2026-09-27T07:59:33Z,mining,1,100,0,78.58,96,0,0,67.502,79.0,85.4,1976,capped,12579,9.352006101211546e+17
2026-09-27T08:00:33Z,mining,1,100,0,77.41,97,0,0,67.555,78.0,85.5,1976,capped,12639,9.398449472368804e+17
2026-09-27T08:01:33Z,mining,1,100,0,76.23,97,0,0,67.887,78.0,86.1,1976,capped,12699,9.444189156084285e+17
2026-09-27T08:02:33Z,mining,1,100,0,77.41,97,0,0,68.146,78.0,85.7,1976,capped,12759,9.490632527241544e+17
2026-09-27T08:03:33Z,mining,1,100,0,79.75,98,0,0,67.817,78.0,85.6,1976,capped,12819,9.538483273282355e+17
2026-09-27T08:04:34Z,mining,1,99,0,77.41,100,0,0,67.814,79.0,85.7,1976,capped,12879,9.584926644439613e+17
2026-09-27T08:05:34Z,mining,1,99,0,79.75,100,0,0,68.303,79.0,85.7,1976,capped,12939,9.632777390480425e+17
2026-09-27T08:06:34Z,mining,1,99,0,77.41,101,0,0,68.049,79.0,84.7,1976,capped,12999,9.679220761637683e+17
2026-09-27T08:07:34Z,mining,1,99,0,78.58,101,0,0,67.882,78.0,85.4,1976,capped,13059,9.726367820236718e+17
2026-09-27T08:08:34Z,mining,1,99,0,78.58,102,0,0,67.856,79.0,85.7,1976,capped,13119,9.773514878835753e+17
2026-09-27T08:09:34Z,mining,1,99,0,79.75,104,0,0,67.896,79.0,85.7,1976,capped,13179,9.821365624876564e+17
2026-09-27T08:10:34Z,mining,1,100,0,77.41,104,0,0,66.962,78.0,85.1,1976,capped,13239,9.867808996033823e+17
2026-09-27T08:11:34Z,mining,1,99,0,78.58,104,0,0,68.76,79.0,85.6,1976,capped,13299,9.914956054632858e+17
2026-09-27T08:12:34Z,mining,1,99,0,78.58,104,0,0,68.632,79.0,86.1,1976,capped,13359,9.962103113231892e+17
2026-09-27T08:13:34Z,mining,1,100,0,78.58,104,0,0,59.982,78.0,83.9,1976,capped,13419,1.0009250171830927e+18
2026-09-27T08:14:34Z,mining,1,99,0,73.89,104,0,0,68.641,79.0,85.7,1976,capped,13479,1.0053582480662856e+18
2026-09-27T08:15:34Z,mining,1,99,0,78.58,104,0,0,68.772,79.0,85.5,1976,capped,13539,1.010072953926189e+18
2026-09-27T08:16:34Z,mining,1,100,0,77.41,104,0,0,68.371,78.0,85.6,1976,capped,13599,1.0147172910419149e+18
2026-09-27T08:17:34Z,mining,1,100,0,78.58,105,0,0,65.852,77.0,85.2,1976,capped,13659,1.0194319969018184e+18
2026-09-27T08:18:34Z,mining,1,99,0,78.58,106,0,0,68.875,79.0,85.6,1976,capped,13719,1.0242170715058995e+18
2026-09-27T08:19:34Z,mining,1,100,0,78.58,108,0,0,67.551,78.0,85.7,1976,capped,13779,1.0288614086216253e+18
2026-09-27T08:20:34Z,mining,1,100,0,78.58,108,0,0,67.885,78.0,85.6,1976,capped,13840,1.0335761144815288e+18
2026-09-27T08:21:34Z,mining,1,100,0,77.41,108,0,0,67.367,78.0,85.7,1976,capped,13900,1.0382204515972547e+18
2026-09-27T08:22:34Z,mining,1,100,0,79.75,111,0,0,67.242,78.0,85.3,1976,capped,13960,1.0430055262013358e+18
2026-09-27T08:23:34Z,mining,1,100,0,78.58,111,0,0,64.095,78.0,85.0,1976,capped,14020,1.0477202320612393e+18
2026-09-27T08:24:34Z,mining,1,100,0,79.75,113,0,0,66.997,78.0,85.2,1976,capped,14080,1.0525053066653204e+18
2026-09-27T08:25:34Z,mining,1,100,0,78.58,114,0,0,64.16,78.0,84.8,1976,capped,14140,1.057220012525224e+18
2026-09-27T08:26:34Z,mining,1,100,0,78.58,115,0,0,64.785,78.0,85.0,1976,capped,14200,1.0619347183851274e+18
2026-09-27T08:27:34Z,mining,1,100,0,78.58,116,0,0,67.151,78.0,85.6,1976,capped,14260,1.0666494242450309e+18
2026-09-27T08:28:34Z,mining,1,100,0,78.58,116,0,0,67.256,78.0,85.4,1976,capped,14320,1.0713641301049344e+18
2026-09-27T08:29:34Z,mining,1,100,0,76.23,116,0,0,66.041,78.0,86.1,1976,capped,14380,1.0759380984764826e+18
2026-09-27T08:30:34Z,mining,1,100,0,77.41,116,0,0,65.265,78.0,85.1,1976,capped,14440,1.0805824355922084e+18
2026-09-27T08:31:34Z,mining,1,100,0,77.41,116,0,0,65.743,79.0,85.7,1976,capped,14500,1.0852267727079342e+18
2026-09-27T08:32:34Z,mining,1,100,0,76.23,116,0,0,64.39,79.0,85.6,1976,capped,14560,1.0898007410794824e+18
2026-09-27T08:33:34Z,mining,1,100,0,78.58,118,0,0,66.551,78.0,85.5,1976,capped,14620,1.0945154469393859e+18
2026-09-27T08:34:34Z,mining,1,100,0,72.71,120,0,0,67.43,78.0,85.4,1976,capped,14680,1.098878309078401e+18
2026-09-27T08:35:34Z,mining,1,100,0,77.41,121,0,0,68.222,78.0,85.8,1976,capped,14740,1.1035226461941268e+18
2026-09-27T08:36:34Z,mining,1,100,0,77.41,123,0,0,64.347,77.0,84.7,1976,capped,14800,1.1081669833098527e+18
2026-09-27T08:37:34Z,mining,1,100,0,79.75,124,0,0,67.298,78.0,85.6,1976,capped,14860,1.1129520579139338e+18
2026-09-27T08:38:34Z,mining,1,100,0,77.41,124,1,1,64.421,79.0,85.6,1976,capped,14920,1.1175963950296596e+18
2026-09-27T08:39:34Z,mining,1,100,0,77.41,124,1,1,65.539,78.0,85.5,1976,capped,14980,1.1222407321453855e+18
2026-09-27T08:40:34Z,mining,1,99,0,76.23,124,1,1,67.676,78.0,85.3,1976,capped,15040,1.1268147005169336e+18
2026-09-27T08:41:34Z,mining,1,100,0,77.41,125,1,1,67.213,78.0,85.5,1976,capped,15100,1.1314590376326595e+18
2026-09-27T08:42:34Z,mining,1,99,0,76.23,125,1,1,67.283,78.0,85.2,1976,capped,15160,1.1360330060042076e+18
2026-09-27T08:43:34Z,mining,1,100,0,79.75,126,1,1,67.038,78.0,85.6,1976,capped,15220,1.1408180806082888e+18
2026-09-27T08:44:34Z,mining,1,100,0,76.23,126,1,1,67.374,78.0,85.6,1976,capped,15280,1.1453920489798369e+18
2026-09-27T08:45:34Z,mining,1,100,0,77.41,126,1,1,64.481,79.0,85.5,1976,capped,15340,1.1500363860955628e+18
2026-09-27T08:46:34Z,mining,1,97,0,79.75,127,1,1,67.249,79.0,85.8,1976,capped,15400,1.154821460699644e+18
2026-09-27T08:47:34Z,mining,1,100,0,78.58,128,1,1,67.676,79.0,86.0,1976,capped,15460,1.1595361665595474e+18
2026-09-27T08:48:34Z,mining,1,97,0,77.41,129,1,1,67.668,79.0,85.9,1976,capped,15520,1.1641805036752732e+18
2026-09-27T08:49:34Z,mining,1,97,0,78.58,129,1,1,69.286,79.0,86.1,1976,capped,15580,1.1688952095351767e+18
2026-09-27T08:50:35Z,mining,1,98,0,78.58,129,1,1,69.655,79.0,86.3,1976,capped,15640,1.1736099153950802e+18
2026-09-27T08:51:35Z,mining,1,98,0,77.41,129,1,1,66.171,79.0,85.6,1976,capped,15700,1.178254252510806e+18
2026-09-27T08:52:35Z,mining,1,98,0,78.58,129,1,1,69.737,79.0,86.1,1976,capped,15760,1.1829689583707095e+18
2026-09-27T08:53:35Z,mining,1,99,0,78.58,131,1,1,69.403,79.0,86.2,1976,capped,15820,1.187683664230613e+18
2026-09-27T08:54:35Z,mining,1,98,0,77.41,131,1,1,69.397,79.0,86.0,1976,capped,15880,1.1923280013463388e+18
2026-09-27T08:55:35Z,mining,1,100,0,75.06,132,1,1,60.443,76.0,84.4,1976,capped,15940,1.1968316009737093e+18
2026-09-27T08:56:35Z,mining,1,98,0,78.58,135,1,1,67.673,79.0,85.7,1976,capped,16000,1.2015463068336128e+18
2026-09-27T08:57:35Z,mining,1,98,0,78.58,136,1,1,67.678,79.0,85.7,1976,capped,16060,1.2062610126935163e+18
2026-09-27T08:58:35Z,mining,1,99,0,77.41,137,1,1,66.044,79.0,85.5,1976,capped,16120,1.210905349809242e+18
2026-09-27T08:59:35Z,mining,1,100,0,76.23,138,2,2,68.266,78.0,86.8,1976,capped,16180,1.2154793181807903e+18
2026-09-27T09:00:35Z,mining,1,100,0,79.75,139,2,2,66.454,77.0,85.4,1976,capped,16240,1.2202643927848714e+18
2026-09-27T09:01:35Z,mining,1,98,0,76.23,139,2,2,69.653,79.0,86.0,1976,capped,16300,1.2248383611564196e+18
2026-09-27T09:02:35Z,mining,1,98,0,77.41,139,2,2,69.423,79.0,85.8,1976,capped,16360,1.2294826982721454e+18
2026-09-27T09:03:35Z,mining,1,99,0,79.75,141,2,2,62.084,79.0,85.1,1976,capped,16420,1.2342677728762266e+18
2026-09-27T09:04:35Z,mining,1,98,0,78.58,142,2,2,68.753,79.0,85.9,1976,capped,16480,1.23898247873613e+18
2026-09-27T09:05:35Z,mining,1,100,0,78.58,142,2,2,67.636,78.0,85.9,1976,capped,16540,1.2438379220843889e+18
2026-09-27T09:06:35Z,mining,1,99,0,77.41,142,2,2,68.425,79.0,86.0,1976,capped,16600,1.2484822592001147e+18
2026-09-27T09:07:35Z,mining,1,100,0,78.58,142,2,2,68.09,79.0,86.1,1976,capped,16660,1.2531969650600182e+18
2026-09-27T09:08:35Z,mining,1,98,0,77.41,145,2,2,67.152,79.0,85.6,1976,capped,16721,1.257841302175744e+18
2026-09-27T09:09:35Z,mining,1,100,0,78.58,146,2,2,67.263,78.0,85.7,1976,capped,16781,1.2625560080356475e+18
2026-09-27T09:10:35Z,mining,1,99,0,77.41,147,2,2,67.037,79.0,85.6,1976,capped,16841,1.2672003451513733e+18
2026-09-27T09:11:35Z,mining,1,100,0,77.41,148,2,2,66.564,78.0,85.8,1976,capped,16901,1.2718446822670991e+18
2026-09-27T09:12:35Z,mining,1,99,0,78.58,148,2,2,67.906,79.0,85.7,1976,capped,16961,1.2765593881270026e+18
2026-09-27T09:13:35Z,mining,1,100,0,77.41,149,2,2,66.743,77.0,85.8,1976,capped,17021,1.2812037252427284e+18
2026-09-27T09:14:35Z,mining,1,100,0,78.58,150,2,2,65.754,78.0,85.4,1976,capped,17081,1.285918431102632e+18
2026-09-27T09:15:35Z,mining,1,100,0,79.75,151,2,2,67.84,78.0,86.0,1976,capped,17141,1.290703505706713e+18
2026-09-27T09:16:35Z,mining,1,100,0,77.41,152,2,2,67.094,78.0,85.7,1976,capped,17201,1.295347842822439e+18
2026-09-27T09:17:35Z,mining,1,100,0,78.58,153,2,2,65.06,76.0,84.9,1976,capped,17261,1.3000625486823424e+18
2026-09-27T09:18:35Z,mining,1,100,0,78.58,154,2,2,66.719,78.0,85.5,1976,capped,17321,1.304777254542246e+18
2026-09-27T09:19:35Z,mining,1,100,0,79.75,154,2,2,67.637,78.0,85.6,1976,capped,17381,1.309562329146327e+18
2026-09-27T09:20:35Z,mining,1,100,0,77.41,154,2,2,67.36,79.0,86.1,1976,capped,17441,1.3142066662620529e+18
2026-09-27T09:21:35Z,mining,1,99,0,77.41,154,2,2,68.348,78.0,86.0,1976,capped,17501,1.3188510033777787e+18
2026-09-27T09:22:35Z,mining,1,99,0,77.41,154,2,2,67.021,79.0,84.9,1976,capped,17561,1.3234953404935045e+18
2026-09-27T09:23:35Z,mining,1,97,0,77.41,154,2,2,68.1,79.0,85.5,1976,capped,17621,1.3281396776092303e+18
2026-09-27T09:24:35Z,mining,1,99,0,77.41,154,2,2,66.711,78.0,85.1,1976,capped,17681,1.3327840147249562e+18
2026-09-27T09:25:35Z,mining,1,100,0,79.75,154,2,2,67.993,78.0,85.6,1976,capped,17741,1.3375690893290373e+18
2026-09-27T09:26:35Z,mining,1,100,0,78.58,154,2,2,66.741,78.0,85.2,1976,capped,17801,1.3422837951889408e+18
2026-09-27T09:27:35Z,mining,1,100,0,78.58,154,2,2,67.413,78.0,85.7,1976,capped,17861,1.3469985010488443e+18
2026-09-27T09:28:35Z,mining,1,100,0,78.58,156,2,2,67.679,78.0,85.5,1976,capped,17921,1.3517132069087478e+18
2026-09-27T09:29:35Z,mining,1,100,0,78.58,157,2,2,65.694,78.0,85.4,1976,capped,17981,1.3564279127686513e+18
2026-09-27T09:30:35Z,mining,1,100,0,77.41,159,2,2,64.607,78.0,85.0,1976,capped,18041,1.361072249884377e+18
2026-09-27T09:31:35Z,mining,1,100,0,76.23,159,2,2,65.709,77.0,85.2,1976,capped,18101,1.3656462182559252e+18
2026-09-27T09:32:35Z,mining,1,100,0,77.41,159,2,2,68.281,78.0,85.3,1976,capped,18161,1.370290555371651e+18
2026-09-27T09:33:35Z,mining,1,99,0,78.58,159,2,2,68.269,79.0,85.6,1976,capped,18221,1.3750052612315546e+18
2026-09-27T09:34:35Z,mining,1,100,0,78.58,159,2,2,68.704,78.0,85.6,1976,capped,18281,1.379719967091458e+18
2026-09-27T09:35:35Z,mining,1,100,0,78.58,160,2,2,66.288,78.0,85.7,1976,capped,18341,1.3844346729513615e+18
2026-09-27T09:36:36Z,mining,1,99,0,77.41,160,2,2,68.285,79.0,85.8,1976,capped,18401,1.3890790100670874e+18
2026-09-27T09:37:36Z,mining,1,100,0,79.75,161,2,2,64.932,77.0,85.0,1976,capped,18461,1.3938640846711685e+18
2026-09-27T09:38:36Z,mining,1,100,0,77.41,161,2,2,64.654,79.0,85.3,1976,capped,18521,1.3985084217868943e+18
2026-09-27T09:39:36Z,mining,1,99,0,79.75,161,2,2,68.296,79.0,85.5,1976,capped,18581,1.4032934963909755e+18
2026-09-27T09:40:36Z,mining,1,100,0,78.58,162,2,2,64.875,76.0,84.8,1976,capped,18641,1.408008202250879e+18
2026-09-27T09:41:36Z,mining,1,100,0,78.58,164,2,2,67.478,78.0,85.3,1976,capped,18701,1.4127229081107825e+18
2026-09-27T09:42:36Z,mining,1,100,0,77.41,164,2,2,68.15,78.0,85.5,1976,capped,18761,1.4173672452265083e+18
2026-09-27T09:43:36Z,mining,1,100,0,78.58,164,2,2,68.167,78.0,85.4,1976,capped,18821,1.4220819510864118e+18
2026-09-27T09:44:36Z,mining,1,100,0,78.58,164,2,2,68.068,78.0,85.5,1976,capped,18881,1.4267966569463153e+18
2026-09-27T09:45:36Z,mining,1,100,0,79.75,165,2,2,67.444,78.0,86.4,1976,capped,18941,1.4315817315503964e+18
2026-09-27T09:46:36Z,mining,1,100,0,77.41,165,2,2,67.832,78.0,86.1,1976,capped,19001,1.4362260686661222e+18
2026-09-27T09:47:36Z,mining,1,100,0,79.75,166,2,2,68.418,78.0,85.3,1976,capped,19061,1.4410111432702034e+18
2026-09-27T09:48:36Z,mining,1,100,0,79.75,166,2,2,60.659,77.0,84.1,1976,capped,19121,1.4457962178742845e+18
2026-09-27T09:49:36Z,mining,1,100,0,76.23,166,2,2,64.653,78.0,84.4,1976,capped,19181,1.4503701862458327e+18
2026-09-27T09:50:36Z,mining,1,100,0,79.75,167,2,2,68.796,77.0,85.2,1976,capped,19241,1.4551552608499139e+18
2026-09-27T09:51:36Z,mining,1,100,0,78.58,168,2,2,67.185,77.0,84.7,1976,capped,19301,1.4598699667098173e+18
2026-09-27T09:52:36Z,mining,1,100,0,78.58,168,2,2,68.2,77.0,84.7,1976,capped,19361,1.4647254100580762e+18
2026-09-27T09:53:36Z,mining,1,100,0,78.58,169,2,2,68.882,78.0,85.0,1976,capped,19421,1.4694401159179796e+18
2026-09-27T09:54:36Z,mining,1,100,0,79.75,170,2,2,66.477,77.0,84.1,1976,capped,19481,1.4741548217778831e+18
2026-09-27T09:55:36Z,mining,1,100,0,78.58,171,2,2,56.222,77.0,83.6,1976,capped,19542,1.479010265126142e+18
2026-09-27T09:56:36Z,mining,1,100,0,79.75,171,2,2,69.513,77.0,85.2,1976,capped,19602,1.483795339730223e+18
2026-09-27T09:57:36Z,mining,1,100,0,78.58,172,2,2,68.655,78.0,86.2,1976,capped,19662,1.4885100455901266e+18
2026-09-27T09:58:36Z,mining,1,100,0,78.58,173,2,2,68.658,78.0,87.1,1976,capped,19722,1.49322475145003e+18
2026-09-27T09:59:36Z,mining,1,100,0,79.75,173,2,2,67.311,78.0,85.1,1976,capped,19782,1.4980098260541112e+18
2026-09-27T10:00:36Z,mining,1,100,0,79.75,175,2,2,69.37,78.0,85.5,1976,capped,19842,1.5027949006581924e+18
2026-09-27T10:01:36Z,mining,1,100,0,78.58,175,2,2,69.692,78.0,86.8,1976,capped,19902,1.507509606518096e+18
2026-09-27T10:02:36Z,mining,1,100,0,80.92,176,2,2,69.528,77.0,85.6,1976,capped,19962,1.5123650498663547e+18
2026-09-27T10:03:36Z,mining,1,100,0,77.41,178,2,2,69.327,78.0,85.3,1976,capped,20022,1.5170093869820805e+18
2026-09-27T10:04:36Z,mining,1,100,0,79.75,178,2,2,68.336,77.0,85.1,1976,capped,20082,1.5217944615861617e+18
2026-09-27T10:05:36Z,mining,1,100,0,79.75,179,2,2,69.101,78.0,86.8,1976,capped,20142,1.5265795361902428e+18
2026-09-27T10:06:36Z,mining,1,100,0,79.75,180,2,2,68.739,78.0,85.3,1976,capped,20202,1.531364610794324e+18
2026-09-27T10:07:36Z,mining,1,100,0,78.58,180,2,2,67.031,78.0,84.9,1976,capped,20262,1.5360793166542275e+18
2026-09-27T10:08:36Z,mining,1,100,0,80.92,181,2,2,69.281,78.0,85.4,1976,capped,20322,1.5409347600024863e+18
2026-09-27T10:09:36Z,mining,1,100,0,78.58,183,2,2,68.249,78.0,85.2,1976,capped,20382,1.5456494658623898e+18
2026-09-27T10:10:36Z,mining,1,100,0,77.41,183,2,2,68.678,78.0,85.3,1976,capped,20442,1.5502938029781156e+18
2026-09-27T10:11:36Z,mining,1,100,0,79.75,183,2,2,69.371,77.0,85.4,1976,capped,20502,1.5550788775821967e+18
2026-09-27T10:12:36Z,mining,1,100,0,78.58,183,2,2,67.899,78.0,88.1,1976,capped,20562,1.5597935834421002e+18
2026-09-27T10:13:36Z,mining,1,99,0,79.75,184,2,2,66.808,78.0,84.5,1976,capped,20622,1.5645786580461814e+18
2026-09-27T10:14:36Z,mining,1,100,0,79.75,184,2,2,68.19,78.0,84.9,1976,capped,20682,1.5693637326502625e+18
2026-09-27T10:15:36Z,mining,1,100,0,79.75,184,2,2,64.93,78.0,84.9,1976,capped,20742,1.5741488072543437e+18
2026-09-27T10:16:36Z,mining,1,99,0,79.75,184,2,2,67.129,78.0,85.3,1976,capped,20802,1.5789338818584248e+18
2026-09-27T10:17:36Z,mining,1,100,0,79.75,184,2,2,68.031,78.0,88.0,1976,capped,20862,1.583718956462506e+18
2026-09-27T10:18:36Z,mining,1,100,0,79.75,184,2,2,67.854,77.0,85.2,1976,capped,20922,1.5885040310665871e+18
2026-09-27T10:19:36Z,mining,1,98,0,78.58,184,2,2,68.062,78.0,84.5,1976,capped,20982,1.5932187369264906e+18
2026-09-27T10:20:36Z,mining,1,100,0,78.58,184,2,2,67.863,78.0,85.2,1976,capped,21042,1.597933442786394e+18
2026-09-27T10:21:36Z,mining,1,100,0,78.58,184,2,2,67.698,78.0,84.9,1976,capped,21102,1.6026481486462976e+18
2026-09-27T10:22:36Z,mining,1,100,0,79.75,184,2,2,67.393,78.0,84.6,1976,capped,21162,1.6074332232503788e+18
2026-09-27T10:23:36Z,mining,1,100,0,78.58,184,2,2,65.638,76.0,84.3,1976,capped,21222,1.6121479291102822e+18
2026-09-27T10:24:36Z,mining,1,100,0,79.75,184,2,2,68.244,78.0,85.0,1976,capped,21282,1.6169330037143634e+18
2026-09-27T10:25:36Z,mining,1,100,0,78.58,184,2,2,68.391,78.0,87.2,1976,capped,21342,1.621647709574267e+18
2026-09-27T10:26:36Z,mining,1,100,0,78.58,185,2,2,67.691,78.0,85.0,1976,capped,21402,1.6263624154341704e+18
2026-09-27T10:27:37Z,mining,1,100,0,80.92,185,2,2,67.49,77.0,84.6,1976,capped,21462,1.6312178587824292e+18
2026-09-27T10:28:37Z,mining,1,100,0,77.41,185,2,2,68.642,78.0,84.8,1976,capped,21522,1.635862195898155e+18
2026-09-27T10:29:37Z,mining,1,100,0,79.75,186,2,2,67.6,77.0,84.6,1976,capped,21582,1.6406472705022362e+18
2026-09-27T10:30:37Z,mining,1,100,0,78.58,187,2,2,67.675,78.0,85.2,1976,capped,21642,1.6453619763621396e+18
2026-09-27T10:31:37Z,mining,1,100,0,80.92,187,2,2,67.688,78.0,84.6,1976,capped,21702,1.6502174197103985e+18
2026-09-27T10:32:37Z,mining,1,100,0,77.41,187,2,2,68.23,78.0,84.8,1976,capped,21762,1.6548617568261243e+18
2026-09-27T10:33:37Z,mining,1,100,0,79.75,188,2,2,65.268,77.0,84.2,1976,capped,21822,1.6596468314302054e+18
2026-09-27T10:34:37Z,mining,1,100,0,79.75,189,2,2,67.768,77.0,84.7,1976,capped,21882,1.6644319060342866e+18
2026-09-27T10:35:37Z,mining,1,100,0,79.75,190,2,2,67.388,78.0,84.4,1976,capped,21942,1.6692169806383677e+18
2026-09-27T10:36:37Z,mining,1,100,0,80.92,190,2,2,67.991,78.0,84.7,1976,capped,22002,1.6740724239866266e+18
2026-09-27T10:37:37Z,mining,1,100,0,79.75,190,2,2,67.809,77.0,87.3,1976,capped,22062,1.6788574985907077e+18
2026-09-27T10:38:37Z,mining,1,100,0,79.75,190,2,2,68.723,78.0,85.0,1976,capped,22122,1.6836425731947889e+18
2026-09-27T10:39:37Z,mining,1,100,0,79.75,190,2,2,68.013,78.0,84.7,1976,capped,22182,1.68842764779887e+18
2026-09-27T10:40:37Z,mining,1,100,0,80.92,191,2,2,67.903,77.0,84.8,1976,capped,22242,1.6932830911471288e+18
2026-09-27T10:41:37Z,mining,1,100,0,82.1,191,2,2,68.025,77.0,84.9,1976,capped,22302,1.6982089032395653e+18
2026-09-27T10:42:37Z,mining,1,100,0,79.75,191,2,2,68.47,78.0,87.8,1976,capped,22362,1.7029939778436465e+18
2026-09-27T10:43:37Z,mining,1,100,0,80.92,192,2,2,67.874,78.0,85.1,1976,capped,22423,1.7078494211919053e+18
2026-09-27T10:44:37Z,mining,1,100,0,76.23,192,2,2,67.989,78.0,84.9,1976,capped,22483,1.7124233895634534e+18
2026-09-27T10:45:37Z,mining,1,100,0,79.75,192,2,2,68.598,78.0,87.8,1976,capped,22543,1.7172084641675346e+18
2026-09-27T10:46:37Z,mining,1,100,0,80.92,192,2,2,67.675,78.0,84.6,1976,capped,22603,1.7220639075157934e+18
2026-09-27T10:47:37Z,mining,1,100,0,80.92,192,2,2,67.946,78.0,85.0,1976,capped,22663,1.7269193508640522e+18
2026-09-27T10:48:37Z,mining,1,100,0,80.92,192,2,2,68.053,78.0,87.0,1976,capped,22723,1.731774794212311e+18
2026-09-27T10:49:37Z,mining,1,100,0,79.75,196,2,2,68.337,78.0,85.3,1976,capped,22783,1.7365598688163922e+18
2026-09-27T10:50:37Z,mining,1,100,0,79.75,197,2,2,69.344,77.0,84.7,1976,capped,22843,1.7413449434204733e+18
2026-09-27T10:51:37Z,mining,1,100,0,79.75,197,2,2,69.518,78.0,84.9,1976,capped,22903,1.7461300180245545e+18
2026-09-27T10:52:37Z,mining,1,99,0,80.92,198,2,2,69.585,78.0,84.4,1976,capped,22963,1.7509854613728133e+18
2026-09-27T10:53:37Z,mining,1,100,0,80.92,198,2,2,69.008,78.0,86.4,1976,capped,23023,1.755840904721072e+18
2026-09-27T10:54:37Z,mining,1,100,0,79.75,198,2,2,67.196,78.0,84.9,1976,capped,23083,1.7606259793251533e+18
2026-09-27T10:55:37Z,mining,1,100,0,77.41,200,2,2,68.303,77.0,84.4,1976,capped,23143,1.765270316440879e+18
2026-09-27T10:56:37Z,mining,1,100,0,78.58,200,2,2,69.37,77.0,84.6,1976,capped,23203,1.7699850223007826e+18
2026-09-27T10:57:37Z,mining,1,100,0,77.41,201,2,2,66.004,76.0,84.5,1976,capped,23263,1.7746293594165084e+18
2026-09-27T10:58:37Z,mining,1,100,0,80.92,201,2,2,68.031,77.0,84.6,1976,capped,23323,1.7794848027647672e+18
2026-09-27T10:59:37Z,mining,1,100,0,79.75,201,2,2,67.721,78.0,84.8,1976,capped,23383,1.7842698773688484e+18
2026-09-27T11:00:37Z,mining,1,100,0,79.75,201,2,2,68.767,77.0,84.8,1976,capped,23443,1.7890549519729295e+18
2026-09-27T11:01:37Z,mining,1,100,0,78.58,202,2,2,57.433,77.0,82.8,1976,capped,23503,1.793769657832833e+18
2026-09-27T11:02:37Z,mining,1,100,0,78.58,202,2,2,66.524,77.0,84.3,1976,capped,23563,1.7984843636927365e+18
2026-09-27T11:03:37Z,mining,1,100,0,79.75,204,2,2,67.939,77.0,87.0,1976,capped,23623,1.8032694382968177e+18
2026-09-27T11:04:37Z,mining,1,100,0,78.58,204,2,2,65.349,77.0,84.2,1976,capped,23683,1.8079841441567212e+18
2026-09-27T11:05:37Z,mining,1,100,0,80.92,205,2,2,66.371,77.0,85.4,1976,capped,23743,1.81283958750498e+18
2026-09-27T11:06:37Z,mining,1,100,0,78.58,206,2,2,66.4,77.0,84.3,1976,capped,23803,1.8175542933648835e+18
2026-09-27T11:07:37Z,mining,1,100,0,79.75,206,2,2,64.317,77.0,83.8,1976,capped,23863,1.8223393679689646e+18
2026-09-27T11:08:37Z,mining,1,100,0,80.92,206,2,2,68.283,78.0,84.8,1976,capped,23923,1.8271948113172234e+18
2026-09-27T11:09:37Z,mining,1,100,0,80.92,206,2,2,68.054,78.0,84.7,1976,capped,23983,1.8320502546654822e+18
2026-09-27T11:10:37Z,mining,1,100,0,79.75,206,2,2,67.357,77.0,84.9,1976,capped,24043,1.8368353292695634e+18
2026-09-27T11:11:37Z,mining,1,100,0,80.92,207,2,2,64.125,76.0,83.6,1976,capped,24103,1.8416907726178222e+18
2026-09-27T11:12:38Z,mining,1,100,0,80.92,207,2,2,68.166,78.0,84.9,1976,capped,24163,1.846546215966081e+18
2026-09-27T11:13:38Z,mining,1,97,0,77.41,208,2,2,67.535,78.0,83.7,1976,capped,24223,1.8511905530818068e+18
2026-09-27T11:14:38Z,mining,1,100,0,79.75,208,2,2,67.845,78.0,84.7,1976,capped,24283,1.855975627685888e+18
2026-09-27T11:15:38Z,mining,1,100,0,80.92,208,2,2,68.215,78.0,84.7,1976,capped,24343,1.8608310710341468e+18
2026-09-27T11:16:38Z,mining,1,100,0,80.92,208,2,2,65.087,77.0,84.2,1976,capped,24403,1.8656865143824056e+18
2026-09-27T11:17:38Z,mining,1,100,0,79.75,208,2,2,67.583,77.0,84.6,1976,capped,24463,1.8704715889864868e+18
2026-09-27T11:18:38Z,mining,1,100,0,78.58,209,2,2,65.037,77.0,84.0,1976,capped,24523,1.8751862948463903e+18
2026-09-27T11:19:38Z,mining,1,100,0,82.1,211,2,2,68.241,78.0,86.5,1976,capped,24583,1.8801121069388268e+18
2026-09-27T11:20:38Z,mining,1,99,0,79.75,212,2,2,68.392,79.0,85.1,1976,capped,24643,1.884897181542908e+18
2026-09-27T11:21:38Z,mining,1,100,0,78.58,212,2,2,68.208,78.0,85.2,1976,capped,24703,1.8896118874028114e+18
2026-09-27T11:22:38Z,mining,1,100,0,79.75,213,2,2,68.492,78.0,85.1,1976,capped,24763,1.8943969620068925e+18
2026-09-27T11:23:38Z,mining,1,100,0,78.58,213,2,2,68.437,78.0,85.0,1976,capped,24823,1.899111667866796e+18
2026-09-27T11:24:38Z,mining,1,100,0,79.75,214,2,2,68.072,78.0,85.0,1976,capped,24883,1.9038967424708772e+18
2026-09-27T11:25:38Z,mining,1,100,0,80.92,214,2,2,68.904,78.0,86.5,1976,capped,24943,1.9088225545633137e+18
2026-09-27T11:26:38Z,mining,1,100,0,79.75,214,2,2,67.338,78.0,84.6,1976,capped,25003,1.9134668916790395e+18
2026-09-27T11:27:38Z,mining,1,100,0,80.92,215,2,2,67.773,78.0,85.6,1976,capped,25063,1.918392703771476e+18
2026-09-27T11:28:38Z,mining,1,100,0,80.92,217,2,2,68.885,78.0,87.7,1976,capped,25124,1.9232481471197348e+18
2026-09-27T11:29:38Z,mining,1,100,0,80.92,218,2,2,68.687,78.0,86.1,1976,capped,25184,1.9281035904679936e+18
2026-09-27T11:30:38Z,mining,1,100,0,79.75,220,2,2,68.346,78.0,85.0,1976,capped,25244,1.9328886650720748e+18
2026-09-27T11:31:38Z,mining,1,100,0,80.92,220,2,2,68.863,78.0,87.5,1976,capped,25304,1.9377441084203336e+18
2026-09-27T11:32:38Z,mining,1,100,0,79.75,221,2,2,68.463,78.0,85.6,1976,capped,25364,1.9425291830244147e+18
2026-09-27T11:33:38Z,mining,1,100,0,79.75,221,2,2,68.402,78.0,85.1,1976,capped,25424,1.947314257628496e+18
2026-09-27T11:34:38Z,mining,1,100,0,78.58,222,2,2,68.694,78.0,85.1,1976,capped,25484,1.9520289634883994e+18
2026-09-27T11:35:38Z,mining,1,99,0,78.58,222,2,2,70.421,78.0,86.8,1976,capped,25544,1.9567436693483028e+18
2026-09-27T11:36:38Z,mining,1,100,0,79.75,222,2,2,69.019,78.0,87.5,1976,capped,25604,1.961528743952384e+18
2026-09-27T11:37:38Z,mining,1,99,0,78.58,222,2,2,70.682,78.0,84.9,1976,capped,25664,1.9662434498122875e+18
2026-09-27T11:38:38Z,mining,1,99,0,80.92,222,2,2,70.584,78.0,85.4,1976,capped,25724,1.9710988931605463e+18
2026-09-27T11:39:38Z,mining,1,98,0,79.75,222,2,2,70.83,79.0,86.7,1976,capped,25784,1.9758839677646275e+18
2026-09-27T11:40:38Z,mining,1,99,0,79.75,223,2,2,70.53,78.0,85.0,1976,capped,25844,1.9806690423687086e+18
2026-09-27T11:41:38Z,mining,1,100,0,79.75,224,2,2,68.774,78.0,86.5,1976,capped,25904,1.9854541169727898e+18
2026-09-27T11:42:38Z,mining,1,100,0,79.75,225,2,2,69.023,78.0,84.6,1976,capped,25964,1.990239191576871e+18
2026-09-27T11:43:38Z,mining,1,99,0,80.92,226,2,2,70.786,78.0,85.3,1976,capped,26024,1.9950946349251297e+18
2026-09-27T11:44:38Z,mining,1,99,0,79.75,228,2,2,70.669,78.0,85.0,1976,capped,26084,1.999879709529211e+18
2026-09-27T11:45:38Z,mining,1,100,0,78.58,229,2,2,70.359,78.0,85.5,1976,capped,26144,2.0045944153891144e+18
2026-09-27T11:46:38Z,mining,1,99,0,78.58,232,2,2,71.069,78.0,85.1,1976,capped,26204,2.0093091212490179e+18
2026-09-27T11:47:38Z,mining,1,99,0,78.58,232,2,2,71.027,78.0,85.3,1976,capped,26264,2.0140238271089213e+18
2026-09-27T11:48:38Z,mining,1,100,0,79.75,232,2,2,70.724,78.0,86.0,1976,capped,26324,2.0188089017130025e+18
2026-09-27T11:49:38Z,mining,1,99,0,76.23,232,2,2,71.056,78.0,87.3,1976,capped,26384,2.0233828700845507e+18
2026-09-27T11:50:38Z,mining,1,98,0,79.75,234,2,2,67.923,78.0,84.3,1976,capped,26444,2.0281679446886318e+18
2026-09-27T11:51:38Z,mining,1,100,0,80.92,234,2,2,68.188,78.0,87.8,1976,capped,26504,2.0330233880368906e+18
2026-09-27T11:52:38Z,mining,1,100,0,78.58,234,2,2,68.249,78.0,84.9,1976,capped,26564,2.037738093896794e+18
2026-09-27T11:53:38Z,mining,1,100,0,79.75,234,2,2,67.493,78.0,84.9,1976,capped,26624,2.0425231685008753e+18
2026-09-27T11:54:38Z,mining,1,100,0,79.75,234,2,2,67.704,78.0,85.0,1976,capped,26684,2.0473082431049564e+18
2026-09-27T11:55:38Z,mining,1,100,0,79.75,234,2,2,67.954,78.0,85.0,1976,capped,26744,2.0520933177090376e+18
2026-09-27T11:56:38Z,mining,1,99,0,79.75,234,2,2,68.494,77.0,84.3,1976,capped,26804,2.0568783923131187e+18
2026-09-27T11:57:38Z,mining,1,97,0,78.58,234,2,2,65.045,77.0,84.0,1976,capped,26864,2.0615930981730222e+18
2026-09-27T11:58:38Z,mining,1,100,0,80.92,234,2,2,68.171,78.0,85.2,1976,capped,26924,2.066448541521281e+18
2026-09-27T11:59:38Z,mining,1,100,0,79.75,234,2,2,67.859,78.0,84.8,1976,capped,26984,2.0712336161253622e+18
2026-09-27T12:00:39Z,mining,1,100,0,80.92,234,2,2,67.868,78.0,83.7,1976,capped,27044,2.076089059473621e+18
2026-09-27T12:01:39Z,mining,1,100,0,79.75,235,2,2,67.861,78.0,84.5,1976,capped,27104,2.0808741340777021e+18
2026-09-27T12:02:39Z,mining,1,100,0,79.75,236,2,2,68.352,78.0,85.0,1976,capped,27164,2.0856592086817833e+18
2026-09-27T12:03:39Z,mining,1,100,0,80.92,236,2,2,67.637,78.0,84.9,1976,capped,27224,2.090514652030042e+18
2026-09-27T12:04:39Z,mining,1,99,0,80.92,237,2,2,67.19,78.0,84.8,1976,capped,27284,2.095370095378301e+18
2026-09-27T12:05:39Z,mining,1,100,0,79.75,239,2,2,68.221,78.0,85.2,1976,capped,27344,2.100155169982382e+18
2026-09-27T12:06:39Z,mining,1,100,0,79.75,239,2,2,67.461,78.0,84.9,1976,capped,27404,2.1049402445864632e+18
2026-09-27T12:07:39Z,mining,1,100,0,79.75,240,2,2,67.61,78.0,84.6,1976,capped,27464,2.1097253191905444e+18
2026-09-27T12:08:39Z,mining,1,100,0,80.92,240,2,2,67.85,78.0,85.7,1976,capped,27524,2.1145807625388032e+18
2026-09-27T12:09:39Z,mining,1,100,0,79.75,240,2,2,67.565,78.0,85.4,1976,capped,27584,2.1193658371428844e+18
2026-09-27T12:10:39Z,mining,1,100,0,79.75,241,2,2,60.604,76.0,83.6,1976,capped,27644,2.1241509117469655e+18
2026-09-27T12:11:39Z,mining,1,100,0,78.58,242,2,2,67.987,77.0,84.7,1976,capped,27704,2.128865617606869e+18
2026-09-27T12:12:39Z,mining,1,100,0,79.75,242,2,2,67.895,78.0,84.9,1976,capped,27764,2.1336506922109501e+18
2026-09-27T12:13:39Z,mining,1,100,0,80.92,243,2,2,68.58,78.0,85.0,1976,capped,27824,2.138506135559209e+18
2026-09-27T12:14:39Z,mining,1,100,0,80.92,243,2,2,67.957,78.0,86.6,1976,capped,27884,2.1433615789074678e+18
2026-09-27T12:15:39Z,mining,1,100,0,78.58,244,2,2,67.592,78.0,85.1,1976,capped,27944,2.1480762847673713e+18
2026-09-27T12:16:39Z,mining,1,100,0,78.58,244,2,2,68.125,77.0,85.0,1976,capped,28004,2.15293172811563e+18
2026-09-27T12:17:39Z,mining,1,100,0,80.92,244,2,2,68.494,77.0,86.9,1976,capped,28064,2.1577168027197112e+18
2026-09-27T12:18:39Z,mining,1,100,0,78.58,246,2,2,68.024,78.0,85.1,1976,capped,28125,2.1625018773237924e+18
2026-09-27T12:19:39Z,mining,1,100,0,78.58,246,2,2,68.08,78.0,85.1,1976,capped,28185,2.167216583183696e+18
2026-09-27T12:20:39Z,mining,1,100,0,79.75,247,2,2,69.492,78.0,85.2,1976,capped,28245,2.172001657787777e+18
2026-09-27T12:21:39Z,mining,1,100,0,77.41,247,2,2,68.121,77.0,84.5,1976,capped,28305,2.1766459949035028e+18
2026-09-27T12:22:39Z,mining,1,100,0,78.58,247,2,2,71.191,78.0,84.4,1976,capped,28365,2.1813607007634063e+18
2026-09-27T12:23:39Z,mining,1,100,0,79.75,248,2,2,71.346,78.0,85.0,1976,capped,28425,2.1861457753674875e+18
2026-09-27T12:24:39Z,mining,1,100,0,80.92,249,2,2,68.078,77.0,84.7,1976,capped,28485,2.1910012187157463e+18
2026-09-27T12:25:39Z,mining,1,100,0,77.41,249,2,2,68.994,78.0,85.1,1976,capped,28545,2.195645555831472e+18
2026-09-27T12:26:39Z,mining,1,100,0,78.58,250,2,2,68.709,78.0,84.9,1976,capped,28605,2.2003602616913756e+18
2026-09-27T12:27:39Z,mining,1,100,0,80.92,250,2,2,70.636,78.0,84.9,1976,capped,28665,2.2052157050396344e+18
2026-09-27T12:28:39Z,mining,1,100,0,79.75,251,2,2,69.164,78.0,84.8,1976,capped,28725,2.2100007796437156e+18
2026-09-27T12:29:39Z,mining,1,100,0,77.41,251,2,2,68.558,78.0,85.0,1976,capped,28785,2.2146451167594414e+18
2026-09-27T12:30:39Z,mining,1,100,0,76.23,251,2,2,68.74,78.0,84.7,1976,capped,28845,2.2192190851309896e+18
2026-09-27T12:31:39Z,mining,1,100,0,79.75,251,2,2,69.282,78.0,85.0,1976,capped,28905,2.2240041597350707e+18
2026-09-27T12:32:39Z,mining,1,100,0,79.75,252,2,2,61.051,77.0,84.0,1976,capped,28965,2.228789234339152e+18
2026-09-27T12:33:39Z,mining,1,100,0,78.58,253,2,2,68.891,78.0,84.7,1976,capped,29025,2.2335039401990554e+18
2026-09-27T12:34:39Z,mining,1,100,0,79.75,253,2,2,68.876,78.0,85.1,1976,capped,29085,2.2382890148031365e+18
2026-09-27T12:35:39Z,mining,1,100,0,80.92,253,2,2,66.886,72.0,84.3,1976,capped,29145,2.2431444581513953e+18
2026-09-27T12:36:39Z,mining,1,100,0,79.75,253,2,2,69.236,78.0,84.7,1976,capped,29205,2.2479295327554765e+18
2026-09-27T12:37:39Z,mining,1,100,0,78.58,253,2,2,68.807,78.0,85.1,1976,capped,29265,2.25264423861538e+18
2026-09-27T12:38:39Z,mining,1,100,0,80.92,253,2,2,67.425,78.0,85.1,1976,capped,29325,2.2574996819636388e+18
2026-09-27T12:39:39Z,mining,1,100,0,78.58,254,2,2,68.448,77.0,86.7,1976,capped,29385,2.2622143878235423e+18
2026-09-27T12:40:39Z,mining,1,100,0,78.58,254,2,2,68.195,78.0,84.9,1976,capped,29445,2.2669290936834458e+18
2026-09-27T12:41:39Z,mining,1,100,0,80.92,254,2,2,59.823,77.0,83.7,1976,capped,29505,2.2717845370317046e+18
2026-09-27T12:42:39Z,mining,1,100,0,79.75,254,2,2,65.172,78.0,84.4,1976,capped,29565,2.2765696116357857e+18
2026-09-27T12:43:39Z,mining,1,100,0,79.75,255,2,2,64.799,78.0,84.5,1976,capped,29625,2.281354686239867e+18
2026-09-27T12:44:39Z,mining,1,100,0,79.75,256,2,2,68.544,78.0,84.9,1976,capped,29685,2.286139760843948e+18
2026-09-27T12:45:39Z,mining,1,100,0,77.41,256,2,2,68.337,78.0,87.1,1976,capped,29745,2.2907840979596739e+18
2026-09-27T12:46:39Z,mining,1,100,0,80.92,257,2,2,68.469,77.0,84.8,1976,capped,29805,2.2956395413079327e+18
2026-09-27T12:47:39Z,mining,1,100,0,79.75,257,2,2,68.14,78.0,84.9,1976,capped,29865,2.3004246159120138e+18
2026-09-27T12:48:40Z,mining,1,100,0,79.75,257,2,2,67.603,78.0,84.7,1976,capped,29925,2.305209690516095e+18
2026-09-27T12:49:40Z,mining,1,100,0,79.75,259,2,2,65.123,78.0,84.4,1976,capped,29985,2.309994765120176e+18
2026-09-27T12:50:40Z,mining,1,100,0,80.92,259,2,2,68.908,78.0,84.9,1976,capped,30045,2.314850208468435e+18
2026-09-27T12:51:40Z,mining,1,100,0,79.75,262,2,2,68.831,78.0,85.1,1976,capped,30105,2.319635283072516e+18
2026-09-27T12:52:40Z,mining,1,100,0,78.58,262,2,2,69.135,78.0,85.2,1976,capped,30165,2.3243499889324196e+18
2026-09-27T12:53:40Z,mining,1,100,0,79.75,262,2,2,69.325,78.0,85.0,1976,capped,30225,2.3291350635365007e+18
2026-09-27T12:54:40Z,mining,1,100,0,78.58,264,2,2,69.06,78.0,84.9,1976,capped,30285,2.333849769396404e+18
2026-09-27T12:55:40Z,mining,1,100,0,77.41,265,2,2,67.782,78.0,84.9,1976,capped,30345,2.33849410651213e+18
2026-09-27T12:56:40Z,mining,1,98,0,80.92,266,2,2,69.342,79.0,84.9,1976,capped,30405,2.343349549860389e+18
2026-09-27T12:57:40Z,mining,1,100,0,77.41,266,2,2,68.558,78.0,84.9,1976,capped,30465,2.3479938869761147e+18
2026-09-27T12:58:40Z,mining,1,98,0,80.92,266,2,2,69.218,79.0,84.6,1976,capped,30525,2.3528493303243735e+18
2026-09-27T12:59:40Z,mining,1,100,0,79.75,266,2,2,65.69,78.0,84.7,1976,capped,30585,2.3576344049284547e+18
2026-09-27T13:00:40Z,mining,1,100,0,80.92,266,2,2,69.155,78.0,87.4,1976,capped,30645,2.362560217020891e+18
2026-09-27T13:01:40Z,mining,1,100,0,78.58,266,2,2,68.761,78.0,85.0,1976,capped,30705,2.3672749228807946e+18
2026-09-27T13:02:40Z,mining,1,98,0,79.75,266,2,2,69.482,79.0,84.8,1976,capped,30765,2.371989628740698e+18
2026-09-27T13:03:40Z,mining,1,100,0,79.75,268,2,2,67.856,78.0,85.9,1976,capped,30825,2.376845072088957e+18
2026-09-27T13:04:40Z,mining,1,100,0,79.75,268,2,2,67.664,78.0,84.8,1976,capped,30886,2.381630146693038e+18
2026-09-27T13:05:40Z,mining,1,100,0,78.58,268,2,2,68.718,78.0,86.9,1976,capped,30946,2.3863448525529416e+18
2026-09-27T13:06:40Z,mining,1,100,0,78.58,268,2,2,68.101,78.0,84.9,1976,capped,31006,2.391059558412845e+18
2026-09-27T13:07:40Z,mining,1,100,0,79.75,268,2,2,68.07,78.0,85.9,1976,capped,31066,2.395844633016926e+18
2026-09-27T13:08:40Z,mining,1,98,0,79.75,269,2,2,69.748,79.0,84.8,1976,capped,31126,2.4006297076210074e+18
2026-09-27T13:09:40Z,mining,1,100,0,79.75,270,2,2,67.835,77.0,84.6,1976,capped,31186,2.4054147822250885e+18
2026-09-27T13:10:40Z,mining,1,99,0,79.75,271,2,2,70.12,78.0,84.7,1976,capped,31246,2.4101998568291697e+18
2026-09-27T13:11:40Z,mining,1,97,0,78.58,271,2,2,71.443,79.0,86.7,1976,capped,31306,2.414914562689073e+18
2026-09-27T13:12:40Z,mining,1,99,0,79.75,271,2,2,70.496,78.0,84.8,1976,capped,31366,2.4196996372931543e+18
2026-09-27T13:13:40Z,mining,1,99,0,77.41,271,2,2,69.394,78.0,84.7,1976,capped,31426,2.42434397440888e+18
2026-09-27T13:14:40Z,mining,1,98,0,79.75,272,2,2,71.13,78.0,85.6,1976,capped,31486,2.4291290490129613e+18
2026-09-27T13:15:40Z,mining,1,100,0,78.58,272,2,2,69.227,78.0,84.8,1976,capped,31546,2.433843754872865e+18
2026-09-27T13:16:40Z,mining,1,99,0,78.58,272,2,2,71.314,78.0,85.0,1976,capped,31606,2.438558460732768e+18
2026-09-27T13:17:40Z,mining,1,100,0,79.75,272,2,2,68.187,77.0,84.4,1976,capped,31666,2.4433435353368494e+18
2026-09-27T13:18:40Z,mining,1,100,0,78.58,273,2,2,70.157,77.0,85.1,1976,capped,31726,2.448058241196753e+18
2026-09-27T13:19:40Z,mining,1,100,0,79.75,274,2,2,68.271,77.0,84.6,1976,capped,31786,2.452843315800834e+18
2026-09-27T13:20:40Z,mining,1,100,0,79.75,274,2,2,67.67,78.0,85.3,1976,capped,31846,2.457628390404915e+18
2026-09-27T13:21:40Z,mining,1,100,0,75.06,274,2,2,66.474,77.0,84.6,1976,capped,31906,2.4621319900322857e+18
2026-09-27T13:22:40Z,mining,1,100,0,78.58,275,2,2,70.075,78.0,85.4,1976,capped,31966,2.466846695892189e+18
2026-09-27T13:23:40Z,mining,1,100,0,79.75,276,2,2,67.615,78.0,84.7,1976,capped,32026,2.4716317704962703e+18
2026-09-27T13:24:40Z,mining,1,100,0,79.75,276,2,2,67.11,77.0,84.8,1976,capped,32086,2.4764168451003515e+18
2026-09-27T13:25:40Z,mining,1,100,0,78.58,277,2,2,67.179,77.0,84.8,1976,capped,32146,2.481131550960255e+18
2026-09-27T13:26:40Z,mining,1,100,0,78.58,277,2,2,67.986,77.0,84.7,1976,capped,32206,2.4858462568201585e+18
2026-09-27T13:27:40Z,mining,1,100,0,79.75,277,2,2,67.098,78.0,84.5,1976,capped,32266,2.4906313314242396e+18
2026-09-27T13:28:40Z,mining,1,100,0,79.75,277,2,2,66.821,77.0,84.2,1976,capped,32326,2.495416406028321e+18
2026-09-27T13:29:40Z,mining,1,100,0,79.75,277,2,2,67.682,77.0,84.6,1976,capped,32386,2.500201480632402e+18
2026-09-27T13:30:40Z,mining,1,100,0,79.75,278,2,2,66.962,77.0,84.4,1976,capped,32446,2.504986555236483e+18
2026-09-27T13:31:40Z,mining,1,100,0,78.58,278,2,2,67.433,78.0,84.6,1976,capped,32506,2.5097012610963866e+18
2026-09-27T13:32:40Z,mining,1,100,0,79.75,278,2,2,67.924,77.0,84.5,1976,capped,32566,2.5144863357004677e+18
2026-09-27T13:33:40Z,mining,1,100,0,79.75,279,2,2,67.626,78.0,84.8,1976,capped,32626,2.519271410304549e+18
2026-09-27T13:34:41Z,mining,1,100,0,78.58,279,2,2,67.905,78.0,84.9,1976,capped,32686,2.5239861161644524e+18
2026-09-27T13:35:41Z,mining,1,100,0,79.75,280,2,2,67.789,77.0,84.7,1976,capped,32746,2.5287711907685335e+18
2026-09-27T13:36:41Z,mining,1,100,0,78.58,280,2,2,67.825,77.0,84.6,1976,capped,32806,2.533485896628437e+18
2026-09-27T13:37:41Z,mining,1,100,0,79.75,281,2,2,67.481,77.0,84.7,1976,capped,32866,2.538270971232518e+18
2026-09-27T13:38:41Z,mining,1,100,0,79.75,281,2,2,67.652,77.0,85.0,1976,capped,32926,2.5430560458365993e+18
2026-09-27T13:39:41Z,mining,1,100,0,78.58,281,2,2,67.605,77.0,84.9,1976,capped,32986,2.547770751696503e+18
2026-09-27T13:40:41Z,mining,1,100,0,79.75,281,2,2,67.443,77.0,84.7,1976,capped,33046,2.552555826300584e+18
2026-09-27T13:41:41Z,mining,1,100,0,78.58,281,2,2,67.259,75.0,84.9,1976,capped,33106,2.5572705321604874e+18
2026-09-27T13:42:41Z,mining,1,100,0,78.58,282,2,2,68.16,78.0,84.8,1976,capped,33166,2.561985238020391e+18
2026-09-27T13:43:41Z,mining,1,100,0,79.75,282,2,2,67.577,77.0,84.6,1976,capped,33226,2.566770312624472e+18
2026-09-27T13:44:41Z,mining,1,98,0,78.58,283,2,2,66.288,77.0,84.1,1976,capped,33286,2.5714850184843756e+18
2026-09-27T13:45:41Z,mining,1,100,0,78.58,283,2,2,67.786,77.0,84.9,1976,capped,33346,2.576199724344279e+18
2026-09-27T13:46:41Z,mining,1,100,0,79.75,283,2,2,67.579,77.0,85.0,1976,capped,33406,2.58098479894836e+18
2026-09-27T13:47:41Z,mining,1,100,0,78.58,283,2,2,68.078,77.0,84.5,1976,capped,33466,2.5856995048082637e+18
2026-09-27T13:48:41Z,mining,1,100,0,76.23,283,2,2,67.93,78.0,84.9,1976,capped,33526,2.590273473179812e+18
2026-09-27T13:49:41Z,mining,1,99,0,77.41,283,2,2,67.912,79.0,84.6,1976,capped,33586,2.5949881790397153e+18
2026-09-27T13:50:41Z,mining,1,100,0,79.75,284,2,2,66.743,78.0,84.5,1976,capped,33646,2.5997732536437965e+18
2026-09-27T13:51:41Z,mining,1,99,0,77.41,285,2,2,68.247,79.0,85.3,1976,capped,33707,2.6044175907595223e+18
2026-09-27T13:52:41Z,mining,1,99,0,77.41,285,2,2,66.528,79.0,85.2,1976,capped,33767,2.609061927875248e+18
2026-09-27T13:53:41Z,mining,1,100,0,78.58,286,2,2,68.452,78.0,86.6,1976,capped,33827,2.6137766337351516e+18
2026-09-27T13:54:41Z,mining,1,100,0,77.41,287,2,2,67.352,77.0,84.3,1976,capped,33887,2.6184209708508774e+18
2026-09-27T13:55:41Z,mining,1,100,0,78.58,287,2,2,63.128,77.0,84.1,1976,capped,33947,2.623135676710781e+18
2026-09-27T13:56:41Z,mining,1,100,0,78.58,287,2,2,68.285,78.0,85.1,1976,capped,34007,2.6278503825706844e+18
2026-09-27T13:57:41Z,mining,1,100,0,78.58,288,2,2,66.634,78.0,84.7,1976,capped,34067,2.632565088430588e+18
2026-09-27T13:58:41Z,mining,1,100,0,77.41,289,2,2,64.696,76.0,84.5,1976,capped,34127,2.6372094255463137e+18
2026-09-27T13:59:41Z,mining,1,100,0,76.23,289,2,2,67.604,78.0,84.8,1976,capped,34187,2.641783393917862e+18
2026-09-27T14:00:41Z,mining,1,100,0,78.58,289,2,2,67.303,78.0,84.9,1976,capped,34247,2.6464980997777654e+18
2026-09-27T14:01:41Z,mining,1,99,0,77.41,290,2,2,68.367,79.0,85.2,1976,capped,34307,2.651142436893491e+18
2026-09-27T14:02:41Z,mining,1,99,0,75.06,291,2,2,68.283,79.0,84.9,1976,capped,34367,2.6556460365208617e+18
2026-09-27T14:03:41Z,mining,1,99,0,79.75,291,2,2,67.608,79.0,85.2,1976,capped,34427,2.660431111124943e+18
2026-09-27T14:04:41Z,mining,1,99,0,77.41,292,2,2,67.13,79.0,84.9,1976,capped,34487,2.6650754482406687e+18
2026-09-27T14:05:41Z,mining,1,97,0,79.75,292,2,2,67.567,79.0,85.1,1976,capped,34547,2.66986052284475e+18
2026-09-27T14:06:41Z,mining,1,99,0,77.41,295,2,2,67.839,79.0,84.9,1976,capped,34607,2.6745048599604756e+18
2026-09-27T14:07:41Z,mining,1,100,0,78.58,295,2,2,68.548,78.0,87.2,1976,capped,34667,2.679219565820379e+18
2026-09-27T14:08:41Z,mining,1,99,0,78.58,296,2,2,67.083,79.0,84.9,1976,capped,34727,2.6839342716802826e+18
2026-09-27T14:09:41Z,mining,1,100,0,77.41,297,2,2,60.39,78.0,83.7,1976,capped,34787,2.6885786087960084e+18
2026-09-27T14:10:41Z,mining,1,99,0,75.06,299,2,2,67.773,79.0,84.6,1976,capped,34847,2.693082208423379e+18
2026-09-27T14:11:41Z,mining,1,99,0,79.75,299,2,2,68.619,79.0,85.2,1976,capped,34907,2.69786728302746e+18
2026-09-27T14:12:41Z,mining,1,97,0,77.41,302,2,2,68.04,79.0,85.0,1976,capped,34967,2.702511620143186e+18
2026-09-27T14:13:41Z,mining,1,99,0,77.41,302,2,2,68.865,79.0,85.1,1976,capped,35027,2.707155957258912e+18
2026-09-27T14:14:41Z,mining,1,99,0,78.58,302,2,2,68.503,79.0,85.1,1976,capped,35087,2.711870663118815e+18
2026-09-27T14:15:41Z,mining,1,99,0,79.75,303,2,2,67.983,79.0,85.2,1976,capped,35147,2.7166557377228964e+18
2026-09-27T14:16:41Z,mining,1,99,0,77.41,304,2,2,69.018,79.0,85.3,1976,capped,35207,2.721300074838622e+18
2026-09-27T14:17:41Z,mining,1,99,0,78.58,304,2,2,69.033,79.0,85.3,1976,capped,35267,2.7260147806985257e+18
2026-09-27T14:18:41Z,mining,1,99,0,78.58,305,2,2,68.771,79.0,85.4,1976,capped,35327,2.730729486558429e+18
2026-09-27T14:19:41Z,mining,1,97,0,78.58,306,2,2,68.651,79.0,85.2,1976,capped,35387,2.7354441924183327e+18
2026-09-27T14:20:41Z,mining,1,99,0,79.75,306,2,2,65.988,79.0,85.3,1976,capped,35447,2.740229267022414e+18
2026-09-27T14:21:42Z,mining,1,100,0,77.41,308,2,2,68.106,78.0,85.1,1976,capped,35507,2.7448736041381396e+18
2026-09-27T14:22:42Z,mining,1,100,0,77.41,309,2,2,68.064,78.0,85.0,1976,capped,35567,2.7495179412538655e+18
2026-09-27T14:23:42Z,mining,1,100,0,77.41,310,2,2,68.302,78.0,85.3,1976,capped,35627,2.7541622783695913e+18
2026-09-27T14:24:42Z,mining,1,99,0,78.58,311,2,2,68.103,79.0,84.6,1976,capped,35687,2.758876984229495e+18
2026-09-27T14:25:42Z,mining,1,100,0,79.75,312,2,2,68.643,77.0,84.9,1976,capped,35747,2.763662058833576e+18
2026-09-27T14:26:42Z,mining,1,100,0,78.58,312,2,2,67.999,78.0,84.8,1976,capped,35807,2.7683767646934794e+18
2026-09-27T14:27:42Z,mining,1,100,0,78.58,312,2,2,68.341,78.0,84.6,1976,capped,35867,2.773091470553383e+18
2026-09-27T14:28:42Z,mining,1,100,0,77.41,313,2,2,68.317,78.0,84.6,1976,capped,35927,2.7777358076691087e+18
2026-09-27T14:29:42Z,mining,1,100,0,79.75,313,2,2,68.432,78.0,84.8,1976,capped,35987,2.78252088227319e+18
2026-09-27T14:30:42Z,mining,1,100,0,78.58,316,2,2,68.392,78.0,84.9,1976,capped,36047,2.7872355881330934e+18
2026-09-27T14:31:42Z,mining,1,97,0,78.58,318,2,2,70.917,79.0,85.1,1976,capped,36107,2.791950293992997e+18
2026-09-27T14:32:42Z,mining,1,100,0,78.58,318,2,2,67.926,78.0,84.9,1976,capped,36167,2.7966649998529004e+18
2026-09-27T14:33:42Z,mining,1,100,0,77.41,318,2,2,68.067,77.0,84.4,1976,capped,36227,2.801309336968626e+18
2026-09-27T14:34:42Z,mining,1,100,0,77.41,318,2,2,64.959,78.0,84.8,1976,capped,36287,2.805953674084352e+18
2026-09-27T14:35:42Z,mining,1,100,0,77.41,319,2,2,67.915,77.0,85.0,1976,capped,36347,2.810598011200078e+18
2026-09-27T14:36:42Z,mining,1,98,0,78.58,319,2,2,69.802,78.0,84.4,1976,capped,36407,2.8153127170599813e+18
2026-09-27T14:37:42Z,mining,1,100,0,78.58,319,2,2,62.565,78.0,84.6,1976,capped,36467,2.820027422919885e+18
2026-09-27T14:38:42Z,mining,1,100,0,78.58,319,2,2,68.823,77.0,85.4,1976,capped,36528,2.824812497523966e+18
2026-09-27T14:39:42Z,mining,1,100,0,77.41,319,2,2,69.776,78.0,85.3,1976,capped,36588,2.829456834639692e+18
2026-09-27T14:40:42Z,mining,1,100,0,78.58,320,2,2,66.498,77.0,84.7,1976,capped,36648,2.8341715404995953e+18
2026-09-27T14:41:42Z,mining,1,100,0,78.58,320,2,2,66.738,78.0,85.2,1976,capped,36708,2.838886246359499e+18
2026-09-27T14:42:42Z,mining,1,100,0,78.58,321,2,2,66.125,78.0,84.8,1976,capped,36768,2.843600952219402e+18
2026-09-27T14:43:42Z,mining,1,100,0,79.75,322,2,2,68.696,78.0,85.0,1976,capped,36828,2.8483860268234834e+18
2026-09-27T14:44:42Z,mining,1,100,0,77.41,323,2,2,68.981,78.0,85.0,1976,capped,36888,2.853030363939209e+18
2026-09-27T14:45:42Z,mining,1,100,0,78.58,323,2,2,66.651,78.0,84.7,1976,capped,36948,2.8577450697991127e+18
2026-09-27T14:46:42Z,mining,1,100,0,79.75,324,2,2,69.05,78.0,85.1,1976,capped,37008,2.862530144403194e+18
2026-09-27T14:47:42Z,mining,1,100,0,77.41,324,2,2,62.955,77.0,84.2,1976,capped,37068,2.8671744815189197e+18
2026-09-27T14:48:42Z,mining,1,100,0,77.41,324,2,2,67.042,78.0,84.8,1976,capped,37128,2.8718188186346455e+18
2026-09-27T14:49:42Z,mining,1,100,0,77.41,324,2,2,66.596,77.0,84.7,1976,capped,37188,2.8764631557503713e+18
2026-09-27T14:50:42Z,mining,1,100,0,75.06,325,2,2,67.325,78.0,85.0,1976,capped,37248,2.880966755377742e+18
2026-09-27T14:51:42Z,mining,1,100,0,79.75,325,2,2,67.741,79.0,84.9,1976,capped,37308,2.885751829981823e+18
2026-09-27T14:52:42Z,mining,1,98,0,77.41,325,2,2,68.609,79.0,85.1,1976,capped,37368,2.890396167097549e+18
2026-09-27T14:53:42Z,mining,1,100,0,76.23,325,2,2,67.54,78.0,85.0,1976,capped,37428,2.894970135469097e+18
2026-09-27T14:54:42Z,mining,1,100,0,78.58,325,2,2,67.679,78.0,85.1,1976,capped,37488,2.8996848413290004e+18
2026-09-27T14:55:42Z,mining,1,100,0,77.41,326,2,2,65.602,78.0,84.5,1976,capped,37548,2.9043291784447263e+18
2026-09-27T14:56:42Z,mining,1,99,0,78.58,326,2,2,66.698,79.0,85.0,1976,capped,37608,2.90904388430463e+18
2026-09-27T14:57:42Z,mining,1,97,0,78.58,326,2,2,67.539,78.0,84.5,1976,capped,37668,2.913758590164533e+18
2026-09-27T14:58:42Z,mining,1,100,0,77.41,326,2,2,68.055,79.0,85.1,1976,capped,37728,2.918402927280259e+18
2026-09-27T14:59:42Z,mining,1,98,0,75.06,327,2,2,68.022,79.0,85.2,1976,capped,37788,2.9229065269076296e+18
2026-09-27T15:00:42Z,mining,1,100,0,77.41,329,2,2,67.142,78.0,85.8,1976,capped,37848,2.9275508640233554e+18
2026-09-27T15:01:42Z,mining,1,98,0,79.75,329,2,2,67.845,79.0,85.1,1976,capped,37908,2.9323359386274365e+18
2026-09-27T15:02:42Z,mining,1,100,0,77.41,330,2,2,60.419,77.0,84.1,1976,capped,37968,2.9369802757431624e+18
2026-09-27T15:03:42Z,mining,1,100,0,78.58,330,2,2,66.34,78.0,84.6,1976,capped,38028,2.941694981603066e+18
2026-09-27T15:04:42Z,mining,1,99,0,78.58,330,2,2,68.369,79.0,85.2,1976,capped,38088,2.9464096874629693e+18
2026-09-27T15:05:42Z,mining,1,100,0,77.41,330,2,2,67.867,79.0,85.3,1976,capped,38148,2.951054024578695e+18
2026-09-27T15:06:42Z,mining,1,99,0,77.41,331,2,2,68.583,79.0,85.1,1976,capped,38208,2.955698361694421e+18
2026-09-27T15:07:42Z,mining,1,100,0,77.41,331,2,2,68.506,78.0,87.4,1976,capped,38268,2.960342698810147e+18
2026-09-27T15:08:43Z,mining,1,100,0,77.41,331,2,2,68.368,78.0,87.0,1976,capped,38328,2.9649870359258726e+18
2026-09-27T15:09:43Z,mining,1,100,0,78.58,331,2,2,67.937,78.0,85.1,1976,capped,38388,2.969701741785776e+18
2026-09-27T15:10:43Z,mining,1,100,0,78.58,332,2,2,67.633,78.0,85.1,1976,capped,38448,2.9744164476456796e+18
2026-09-27T15:11:43Z,mining,1,100,0,77.41,333,2,2,68.462,78.0,87.4,1976,capped,38508,2.9790607847614054e+18
2026-09-27T15:12:43Z,mining,1,100,0,78.58,334,2,2,65.965,79.0,85.3,1976,capped,38568,2.983775490621309e+18
2026-09-27T15:13:43Z,mining,1,100,0,78.58,334,2,2,67.923,79.0,85.0,1976,capped,38628,2.9884901964812124e+18
2026-09-27T15:14:43Z,mining,1,100,0,77.41,335,2,2,65.195,77.0,84.7,1976,capped,38688,2.993134533596938e+18
2026-09-27T15:15:43Z,mining,1,100,0,78.58,336,2,2,67.338,78.0,84.8,1976,capped,38748,2.9978492394568417e+18
2026-09-27T15:16:43Z,mining,1,100,0,78.58,336,2,2,67.925,78.0,85.3,1976,capped,38808,3.002563945316745e+18
2026-09-27T15:17:43Z,mining,1,100,0,78.58,336,2,2,67.221,77.0,85.2,1976,capped,38868,3.0072786511766487e+18
2026-09-27T15:18:43Z,mining,1,100,0,77.41,336,2,2,67.763,78.0,85.6,1976,capped,38928,3.0119229882923745e+18
2026-09-27T15:19:43Z,mining,1,100,0,77.41,336,2,2,66.458,78.0,84.7,1976,capped,38988,3.0165673254081004e+18
2026-09-27T15:20:43Z,mining,1,100,0,76.23,336,2,2,67.289,79.0,85.5,1976,capped,39048,3.0211412937796485e+18
2026-09-27T15:21:43Z,mining,1,100,0,75.06,337,2,2,67.907,78.0,84.8,1976,capped,39108,3.025644893407019e+18
2026-09-27T15:22:43Z,mining,1,99,0,78.58,337,2,2,68.41,78.0,85.2,1976,capped,39168,3.0304299680111e+18
2026-09-27T15:23:43Z,mining,1,100,0,77.41,337,2,2,68.178,79.0,85.7,1976,capped,39228,3.0350039363826483e+18
2026-09-27T15:24:43Z,mining,1,100,0,76.23,337,2,2,68.765,78.0,85.2,1976,capped,39288,3.0395779047541965e+18
2026-09-27T15:25:43Z,mining,1,100,0,76.23,337,2,2,68.081,77.0,85.0,1976,capped,39348,3.0441518731257446e+18
2026-09-27T15:26:43Z,mining,1,99,0,78.58,338,2,2,67.218,77.0,84.7,1976,capped,39409,3.048936947729826e+18
2026-09-27T15:27:43Z,mining,1,100,0,78.58,339,2,2,68.441,78.0,85.6,1976,capped,39469,3.0536516535897293e+18
2026-09-27T15:28:43Z,mining,1,100,0,77.41,340,2,2,67.271,77.0,84.9,1976,capped,39529,3.058295990705455e+18
2026-09-27T15:29:43Z,mining,1,100,0,77.41,342,2,2,67.462,76.0,84.9,1976,capped,39589,3.062940327821181e+18
2026-09-27T15:30:43Z,mining,1,100,0,76.23,343,2,2,68.618,77.0,85.2,1976,capped,39649,3.067514296192729e+18
2026-09-27T15:31:43Z,mining,1,100,0,78.58,343,2,2,68.149,77.0,85.0,1976,capped,39709,3.0722290020526326e+18
2026-09-27T15:32:43Z,mining,1,100,0,78.58,343,2,2,67.444,77.0,85.1,1976,capped,39769,3.076943707912536e+18
2026-09-27T15:33:43Z,mining,1,99,0,78.58,344,2,2,67.944,79.0,85.3,1976,capped,39829,3.0816584137724396e+18
2026-09-27T15:34:43Z,mining,1,99,0,78.58,344,2,2,68.142,79.0,85.1,1976,capped,39889,3.086373119632343e+18
2026-09-27T15:35:43Z,mining,1,100,0,76.23,345,2,2,66.461,78.0,85.0,1976,capped,39949,3.090947088003891e+18
2026-09-27T15:36:43Z,mining,1,100,0,77.41,346,2,2,66.419,78.0,84.7,1976,capped,40009,3.095591425119617e+18
2026-09-27T15:37:43Z,mining,1,99,0,78.58,347,2,2,68.983,78.0,85.4,1976,capped,40069,3.1003061309795205e+18
2026-09-27T15:38:43Z,mining,1,99,0,78.58,347,2,2,68.547,78.0,84.9,1976,capped,40129,3.105020836839424e+18
2026-09-27T15:39:43Z,mining,1,100,0,78.58,347,2,2,67.424,78.0,85.5,1976,capped,40189,3.1097355426993275e+18
2026-09-27T15:40:43Z,mining,1,99,0,78.58,348,2,2,68.218,79.0,85.4,1976,capped,40249,3.114450248559231e+18
2026-09-27T15:41:43Z,mining,1,99,0,77.41,349,2,2,67.456,79.0,85.3,1976,capped,40309,3.119094585674957e+18
2026-09-27T15:42:43Z,mining,1,99,0,77.41,351,2,2,67.087,79.0,85.2,1976,capped,40369,3.1237389227906826e+18
2026-09-27T15:43:43Z,mining,1,99,0,78.58,352,2,2,68.636,79.0,85.5,1976,capped,40429,3.128453628650586e+18
2026-09-27T15:44:43Z,mining,1,99,0,78.58,353,2,2,66.907,79.0,85.4,1976,capped,40489,3.1331683345104896e+18
2026-09-27T15:45:43Z,mining,1,100,0,77.41,354,2,2,66.349,79.0,85.4,1976,capped,40549,3.1378126716262154e+18
2026-09-27T15:46:43Z,mining,1,100,0,78.58,354,2,2,67.175,78.0,85.5,1976,capped,40609,3.142527377486119e+18
2026-09-27T15:47:43Z,mining,1,99,0,78.58,355,2,2,67.65,78.0,85.5,1976,capped,40669,3.1472420833460224e+18
2026-09-27T15:48:43Z,mining,1,100,0,77.41,355,2,2,66.539,79.0,85.4,1976,capped,40729,3.151886420461748e+18
2026-09-27T15:49:43Z,mining,1,100,0,77.41,355,2,2,67.146,79.0,85.6,1976,capped,40789,3.156530757577474e+18
2026-09-27T15:50:43Z,mining,1,100,0,78.58,355,2,2,66.779,79.0,85.6,1976,capped,40849,3.1612454634373775e+18
2026-09-27T15:51:43Z,mining,1,100,0,77.41,355,2,2,64.593,79.0,84.9,1976,capped,40909,3.1658898005531034e+18
2026-09-27T15:52:43Z,mining,1,100,0,78.58,356,2,2,65.312,79.0,85.3,1976,capped,40969,3.170604506413007e+18
2026-09-27T15:53:43Z,mining,1,100,0,77.41,356,2,2,61.394,77.0,84.3,1976,capped,41029,3.1752488435287327e+18
2026-09-27T15:54:43Z,mining,1,100,0,78.58,357,2,2,68.293,78.0,87.1,1976,capped,41089,3.179963549388636e+18
2026-09-27T15:55:43Z,mining,1,98,0,76.23,357,2,2,67.889,79.0,85.6,1976,capped,41149,3.1845375177601843e+18
2026-09-27T15:56:43Z,mining,1,100,0,78.58,357,2,2,64.656,79.0,85.1,1976,capped,41209,3.189252223620088e+18
2026-09-27T15:57:44Z,mining,1,100,0,78.58,357,2,2,64.864,78.0,85.3,1976,capped,41269,3.1939669294799913e+18
2026-09-27T15:58:44Z,mining,1,100,0,75.06,357,2,2,65.058,79.0,85.2,1976,capped,41329,3.198470529107362e+18
2026-09-27T15:59:44Z,mining,1,97,0,77.41,358,2,2,66.091,79.0,85.0,1976,capped,41389,3.2031148662230876e+18
2026-09-27T16:00:44Z,mining,1,100,0,77.41,361,2,2,61.345,78.0,85.4,1976,capped,41449,3.2077592033388134e+18
2026-09-27T16:01:44Z,mining,1,100,0,77.41,362,2,2,67.916,78.0,86.1,1976,capped,41509,3.2124035404545393e+18
2026-09-27T16:02:44Z,mining,1,100,0,77.41,362,2,2,67.7,79.0,86.1,1976,capped,41569,3.217047877570265e+18
2026-09-27T16:03:44Z,mining,1,99,0,77.41,362,2,2,68.433,79.0,85.6,1976,capped,41629,3.221692214685991e+18
2026-09-27T16:04:44Z,mining,1,100,0,77.41,364,2,2,68.558,79.0,86.2,1976,capped,41689,3.2263365518017167e+18
2026-09-27T16:05:44Z,mining,1,100,0,78.58,364,2,2,64.672,79.0,85.7,1976,capped,41749,3.23105125766162e+18
2026-09-27T16:06:44Z,mining,1,100,0,78.58,365,2,2,68.359,78.0,87.9,1976,capped,41809,3.2357659635215237e+18
2026-09-27T16:07:44Z,mining,1,100,0,77.41,366,2,2,68.233,78.0,86.1,1976,capped,41869,3.2404103006372495e+18
2026-09-27T16:08:44Z,mining,1,99,0,78.58,366,2,2,68.599,79.0,86.3,1976,capped,41929,3.245125006497153e+18
2026-09-27T16:09:44Z,mining,1,100,0,78.58,367,2,2,67.079,79.0,86.4,1976,capped,41989,3.2498397123570565e+18
2026-09-27T16:10:44Z,mining,1,100,0,78.58,367,2,2,67.141,79.0,86.4,1976,capped,42049,3.25455441821696e+18
2026-09-27T16:11:44Z,mining,1,98,0,76.23,367,2,2,68.085,79.0,85.7,1976,capped,42109,3.259128386588508e+18
2026-09-27T16:12:44Z,mining,1,97,0,71.54,367,2,2,68.611,79.0,86.0,1976,capped,42169,3.2634208799833457e+18
2026-09-27T16:13:44Z,mining,1,100,0,79.75,368,2,2,59.546,77.0,84.4,1976,capped,42229,3.268205954587427e+18
2026-09-27T16:14:44Z,mining,1,100,0,77.41,369,2,2,68.062,78.0,87.3,1976,capped,42289,3.2728502917031526e+18
2026-09-27T16:15:44Z,mining,1,100,0,78.58,371,2,2,68.435,78.0,87.2,1976,capped,42349,3.277564997563056e+18
2026-09-27T16:16:44Z,mining,1,98,0,78.58,372,2,2,68.489,79.0,85.4,1976,capped,42410,3.2822797034229596e+18
2026-09-27T16:17:44Z,mining,1,96,0,78.58,373,2,2,69.337,79.0,86.1,1976,capped,42470,3.286994409282863e+18
2026-09-27T16:18:44Z,mining,1,98,0,77.41,373,2,2,68.391,79.0,86.2,1976,capped,42530,3.291638746398589e+18
2026-09-27T16:19:44Z,mining,1,100,0,78.58,373,2,2,68.218,78.0,86.3,1976,capped,42590,3.2963534522584924e+18
2026-09-27T16:20:44Z,mining,1,100,0,76.23,373,3,3,67.302,78.0,86.6,1976,capped,42650,3.3009274206300406e+18
2026-09-27T16:21:44Z,mining,1,100,0,77.41,373,3,3,67.38,78.0,85.9,1976,capped,42710,3.3055717577457664e+18
2026-09-27T16:22:44Z,mining,1,100,0,77.41,373,3,3,67.17,77.0,85.7,1976,capped,42770,3.310216094861492e+18
2026-09-27T16:23:44Z,mining,1,100,0,76.23,373,3,3,65.838,78.0,86.1,1976,capped,42830,3.3147900632330404e+18
2026-09-27T16:24:44Z,mining,1,100,0,75.06,374,3,3,66.476,77.0,85.2,1976,capped,42890,3.319293662860411e+18
2026-09-27T16:25:44Z,mining,1,100,0,77.41,374,3,3,66.301,78.0,86.1,1976,capped,42950,3.3239379999761367e+18
2026-09-27T16:26:44Z,mining,1,100,0,78.58,376,3,3,65.837,78.0,86.2,1976,capped,43010,3.32865270583604e+18
2026-09-27T16:27:44Z,mining,1,100,0,76.23,377,3,3,68.263,78.0,86.4,1976,capped,43070,3.3332266742075884e+18
2026-09-27T16:28:44Z,mining,1,100,0,78.58,377,3,3,66.064,77.0,86.0,1976,capped,43130,3.337941380067492e+18
2026-09-27T16:29:44Z,mining,1,100,0,77.41,377,3,3,68.949,78.0,86.8,1976,capped,43190,3.3425857171832177e+18
2026-09-27T16:30:44Z,mining,1,100,0,77.41,377,3,3,66.726,78.0,86.3,1976,capped,43250,3.3472300542989435e+18
2026-09-27T16:31:44Z,mining,1,100,0,78.58,378,3,3,66.271,77.0,85.6,1976,capped,43310,3.351944760158847e+18
2026-09-27T16:32:44Z,mining,1,100,0,77.41,378,3,3,65.651,78.0,86.0,1976,capped,43370,3.356589097274573e+18
2026-09-27T16:33:44Z,mining,1,100,0,78.58,378,3,3,64.52,78.0,86.2,1976,capped,43430,3.3613038031344763e+18
2026-09-27T16:34:44Z,mining,1,100,0,77.41,379,3,3,66.487,75.0,86.0,1976,capped,43490,3.365948140250202e+18
2026-09-27T16:35:44Z,mining,1,100,0,78.58,379,3,3,66.056,78.0,86.5,1976,capped,43550,3.3706628461101056e+18
2026-09-27T16:36:44Z,mining,1,100,0,78.58,379,3,3,65.955,78.0,86.0,1976,capped,43610,3.375377551970009e+18
2026-09-27T16:37:44Z,mining,1,100,0,78.58,379,3,3,65.572,78.0,86.1,1976,capped,43670,3.3800922578299126e+18
2026-09-27T16:38:44Z,mining,1,100,0,78.58,380,3,3,65.934,78.0,86.3,1976,capped,43730,3.384806963689816e+18
2026-09-27T16:39:44Z,mining,1,100,0,78.58,380,3,3,66.433,77.0,86.0,1976,capped,43790,3.3895216695497196e+18
2026-09-27T16:40:44Z,mining,1,100,0,77.41,380,3,3,65.097,78.0,86.2,1976,capped,43850,3.3941660066654454e+18
2026-09-27T16:41:44Z,mining,1,100,0,77.41,380,3,3,65.768,78.0,86.1,1976,capped,43910,3.398810343781171e+18
2026-09-27T16:42:44Z,mining,1,100,0,78.58,381,3,3,66.282,78.0,86.4,1976,capped,43970,3.4035250496410747e+18
2026-09-27T16:43:44Z,mining,1,100,0,77.41,382,3,3,65.417,78.0,86.1,1976,capped,44030,3.4081693867568005e+18
2026-09-27T16:44:44Z,mining,1,100,0,76.23,384,3,3,65.552,78.0,86.2,1976,capped,44090,3.4127433551283487e+18
2026-09-27T16:45:44Z,mining,1,100,0,78.58,386,3,3,67.14,77.0,86.4,1976,capped,44150,3.417458060988252e+18
2026-09-27T16:46:44Z,mining,1,100,0,78.58,386,3,3,68.524,78.0,86.6,1976,capped,44210,3.4221727668481556e+18
2026-09-27T16:47:44Z,mining,1,98,0,77.41,387,3,3,69.429,78.0,85.4,1976,capped,44270,3.4268171039638815e+18
2026-09-27T16:48:44Z,mining,1,100,0,77.41,387,3,3,65.138,78.0,85.9,1976,capped,44330,3.4314614410796073e+18
2026-09-27T16:49:45Z,mining,1,100,0,76.23,387,3,3,65.145,78.0,86.3,1976,capped,44390,3.4360354094511555e+18
2026-09-27T16:50:45Z,mining,1,100,0,77.41,387,3,3,65.837,77.0,86.3,1976,capped,44450,3.4406797465668813e+18
2026-09-27T16:51:45Z,mining,1,100,0,78.58,388,3,3,68.414,78.0,86.8,1976,capped,44510,3.445394452426785e+18
2026-09-27T16:52:45Z,mining,1,100,0,78.58,388,3,3,66.673,78.0,86.7,1976,capped,44570,3.450109158286688e+18
2026-09-27T16:53:45Z,mining,1,100,0,77.41,388,3,3,67.395,78.0,86.7,1976,capped,44630,3.454753495402414e+18
2026-09-27T16:54:45Z,mining,1,100,0,78.58,388,3,3,67.703,78.0,86.4,1976,capped,44690,3.4594682012623176e+18
2026-09-27T16:55:45Z,mining,1,100,0,78.58,388,3,3,64.502,78.0,86.5,1976,capped,44750,3.464182907122221e+18
2026-09-27T16:56:45Z,mining,1,100,0,78.58,388,3,3,67.136,77.0,86.7,1976,capped,44810,3.4688976129821245e+18
2026-09-27T16:57:45Z,mining,1,99,0,78.58,388,3,3,67.15,79.0,86.1,1976,capped,44870,3.473612318842028e+18
2026-09-27T16:58:45Z,mining,1,100,0,77.41,390,3,3,67.756,79.0,86.6,1976,capped,44930,3.478256655957754e+18
2026-09-27T16:59:45Z,mining,1,100,0,77.41,391,3,3,67.804,78.0,86.7,1976,capped,44990,3.4829009930734797e+18
2026-09-27T17:00:45Z,mining,1,100,0,77.41,391,3,3,66.953,78.0,86.5,1976,capped,45050,3.4875453301892055e+18
2026-09-27T17:01:45Z,mining,1,100,0,77.41,393,3,3,67.64,78.0,86.9,1976,capped,45110,3.4921896673049313e+18
2026-09-27T17:02:45Z,mining,1,99,0,76.23,394,3,3,67.635,78.0,86.8,1976,capped,45170,3.4967636356764795e+18
2026-09-27T17:03:45Z,mining,1,100,0,78.58,394,3,3,68.025,78.0,86.9,1976,capped,45230,3.501478341536383e+18
2026-09-27T17:04:45Z,mining,1,98,0,79.75,395,3,3,68.04,79.0,86.9,1976,capped,45290,3.506263416140464e+18
2026-09-27T17:05:45Z,mining,1,99,0,78.58,396,3,3,68.523,79.0,87.1,1976,capped,45350,3.5110484907445453e+18
2026-09-27T17:06:45Z,mining,1,100,0,78.58,396,3,3,67.046,78.0,86.7,1976,capped,45410,3.515763196604449e+18
2026-09-27T17:07:45Z,mining,1,100,0,77.41,397,3,3,68.135,78.0,87.0,1976,capped,45471,3.5204075337201746e+18
2026-09-27T17:08:45Z,mining,1,100,0,79.75,397,3,3,67.81,78.0,87.0,1976,capped,45531,3.525192608324256e+18
2026-09-27T17:09:45Z,mining,1,99,0,75.06,397,3,3,67.788,78.0,86.8,1976,capped,45590,3.529696207951626e+18
2026-09-27T17:10:45Z,mining,1,100,0,77.41,397,3,3,64.731,78.0,86.7,1976,capped,45650,3.534340545067352e+18
2026-09-27T17:11:45Z,mining,1,98,0,78.58,397,3,3,68.408,79.0,86.9,1976,capped,45710,3.5390552509272556e+18
2026-09-27T17:12:45Z,mining,1,99,0,77.41,397,3,3,68.315,79.0,87.2,1976,capped,45770,3.5436995880429814e+18
2026-09-27T17:13:45Z,mining,1,99,0,77.41,397,3,3,67.637,79.0,86.9,1976,capped,45830,3.548343925158707e+18
2026-09-27T17:14:45Z,mining,1,100,0,79.75,398,3,3,67.272,78.0,86.6,1976,capped,45890,3.5531289997627884e+18
2026-09-27T17:15:45Z,mining,1,99,0,77.41,398,3,3,67.8,78.0,86.3,1976,capped,45950,3.557773336878514e+18
2026-09-27T17:16:45Z,mining,1,100,0,79.75,398,3,3,67.895,78.0,87.2,1976,capped,46010,3.5625584114825953e+18
2026-09-27T17:17:45Z,mining,1,99,0,77.41,399,3,3,67.67,78.0,86.4,1976,capped,46070,3.567202748598321e+18
2026-09-27T17:18:45Z,mining,1,99,0,79.75,399,3,3,68.03,79.0,86.9,1976,capped,46130,3.5719878232024023e+18
2026-09-27T17:19:45Z,mining,1,99,0,77.41,399,3,3,67.248,79.0,86.7,1976,capped,46190,3.576632160318128e+18
2026-09-27T17:20:45Z,mining,1,100,0,78.58,399,3,3,66.026,79.0,87.2,1976,capped,46250,3.5813468661780316e+18
2026-09-27T17:21:45Z,mining,1,100,0,77.41,399,3,3,68.138,78.0,87.7,1976,capped,46310,3.5859912032937574e+18
2026-09-27T17:22:45Z,mining,1,98,0,77.41,400,3,3,69.588,79.0,87.6,1976,capped,46370,3.5906355404094833e+18
2026-09-27T17:23:45Z,mining,1,98,0,76.23,400,3,3,69.83,79.0,87.3,1976,capped,46430,3.5952095087810314e+18
2026-09-27T17:24:45Z,mining,1,97,0,77.41,400,3,3,68.725,79.0,86.9,1976,capped,46490,3.599853845896757e+18
2026-09-27T17:25:45Z,mining,1,98,0,78.58,400,3,3,69.63,79.0,87.5,1976,capped,46550,3.6045685517566607e+18
2026-09-27T17:26:45Z,mining,1,99,0,76.23,401,3,3,66.0,79.0,86.7,1976,capped,46610,3.609142520128209e+18
2026-09-27T17:27:45Z,mining,1,97,0,77.41,402,3,3,68.871,79.0,87.2,1976,capped,46670,3.6137868572439347e+18
2026-09-27T17:28:45Z,mining,1,98,0,76.23,402,3,3,68.189,79.0,87.2,1976,capped,46730,3.618360825615483e+18
2026-09-27T17:29:45Z,mining,1,98,0,77.41,403,3,3,69.534,79.0,87.1,1976,capped,46790,3.6230051627312087e+18
2026-09-27T17:30:45Z,mining,1,98,0,78.58,403,3,3,69.937,79.0,87.2,1976,capped,46850,3.627719868591112e+18
2026-09-27T17:31:45Z,mining,1,97,0,76.23,404,3,3,67.179,79.0,86.4,1976,capped,46910,3.6322938369626604e+18
2026-09-27T17:32:45Z,mining,1,99,0,79.75,404,3,3,65.702,79.0,86.9,1976,capped,46970,3.6370789115667415e+18
2026-09-27T17:33:45Z,mining,1,100,0,78.58,404,3,3,67.64,79.0,87.1,1976,capped,47030,3.641793617426645e+18
2026-09-27T17:34:45Z,mining,1,98,0,76.23,405,3,3,69.442,79.0,87.2,1976,capped,47090,3.646367585798193e+18
2026-09-27T17:35:45Z,mining,1,100,0,78.58,405,3,3,68.215,78.0,87.7,1976,capped,47150,3.6510822916580966e+18
2026-09-27T17:36:45Z,mining,1,98,0,77.41,405,3,3,69.855,79.0,87.1,1976,capped,47210,3.6557266287738225e+18
2026-09-27T17:37:45Z,mining,1,98,0,78.58,405,3,3,69.625,79.0,87.3,1976,capped,47270,3.660441334633726e+18
2026-09-27T17:38:46Z,mining,1,100,0,78.58,405,3,3,69.782,78.0,87.8,1976,capped,47330,3.6651560404936294e+18
2026-09-27T17:39:46Z,mining,1,98,0,76.23,405,3,3,70.017,79.0,87.1,1976,capped,47390,3.6697300088651776e+18
2026-09-27T17:40:46Z,mining,1,99,0,77.41,406,3,3,66.59,79.0,86.8,1976,capped,47450,3.6743743459809034e+18
2026-09-27T17:41:46Z,mining,1,99,0,78.58,407,3,3,67.695,77.0,86.8,1976,capped,47510,3.679089051840807e+18
2026-09-27T17:42:46Z,mining,1,98,0,78.58,408,3,3,67.983,79.0,87.1,1976,capped,47570,3.6838037577007104e+18
2026-09-27T17:43:46Z,mining,1,98,0,78.58,408,3,3,67.273,79.0,87.3,1976,capped,47630,3.688518463560614e+18
2026-09-27T17:44:46Z,mining,1,98,0,78.58,408,3,3,70.008,79.0,87.4,1976,capped,47690,3.6932331694205174e+18
2026-09-27T17:45:46Z,mining,1,98,0,78.58,408,3,3,69.574,79.0,86.9,1976,capped,47750,3.697947875280421e+18
2026-09-27T17:46:46Z,mining,1,100,0,78.58,408,3,3,68.326,78.0,87.0,1976,capped,47810,3.7026625811403244e+18
2026-09-27T17:47:46Z,mining,1,100,0,79.75,408,3,3,67.089,78.0,87.2,1976,capped,47870,3.7074476557444055e+18
2026-09-27T17:48:46Z,mining,1,100,0,77.41,408,3,3,68.353,77.0,87.1,1976,capped,47930,3.7120919928601313e+18
2026-09-27T17:49:46Z,mining,1,99,0,78.58,408,3,3,67.745,76.0,86.8,1976,capped,47990,3.716806698720035e+18
2026-09-27T17:50:46Z,mining,1,99,0,79.75,408,3,3,68.543,78.0,86.6,1976,capped,48050,3.721591773324116e+18
2026-09-27T17:51:46Z,mining,1,100,0,79.75,408,3,3,67.116,78.0,86.9,1976,capped,48110,3.726376847928197e+18
2026-09-27T17:52:46Z,mining,1,100,0,77.41,409,3,3,67.961,78.0,87.4,1976,capped,48170,3.7310915537881006e+18
2026-09-27T17:53:46Z,mining,1,100,0,78.58,410,3,3,68.386,78.0,87.3,1976,capped,48230,3.7357358909038264e+18
2026-09-27T17:54:46Z,mining,1,99,0,78.58,411,3,3,67.749,78.0,86.4,1976,capped,48291,3.7405209655079076e+18
2026-09-27T17:55:46Z,mining,1,100,0,78.58,412,3,3,66.979,78.0,86.3,1976,capped,48351,3.745235671367811e+18
2026-09-27T17:56:46Z,mining,1,99,0,79.75,412,3,3,67.912,79.0,87.4,1976,capped,48411,3.750020745971892e+18
2026-09-27T17:57:46Z,mining,1,100,0,79.75,413,3,3,68.044,78.0,87.2,1976,capped,48471,3.7548058205759734e+18
2026-09-27T17:58:46Z,mining,1,100,0,77.41,414,3,3,68.339,77.0,87.1,1976,capped,48531,3.759450157691699e+18
2026-09-27T17:59:46Z,mining,1,100,0,78.58,414,3,3,67.964,78.0,87.0,1976,capped,48591,3.7641648635516027e+18
2026-09-27T18:00:46Z,mining,1,100,0,79.75,414,3,3,67.657,78.0,87.0,1976,capped,48651,3.768949938155684e+18
2026-09-27T18:01:46Z,mining,1,100,0,78.58,415,3,3,67.34,78.0,87.1,1976,capped,48711,3.7736646440155873e+18
2026-09-27T18:02:46Z,mining,1,100,0,77.41,415,3,3,67.786,78.0,86.8,1976,capped,48771,3.778308981131313e+18
2026-09-27T18:03:46Z,mining,1,100,0,78.58,416,3,3,67.727,78.0,87.2,1976,capped,48831,3.7830236869912166e+18
2026-09-27T18:04:46Z,mining,1,100,0,79.75,416,3,3,67.399,78.0,87.0,1976,capped,48891,3.787808761595298e+18
2026-09-27T18:05:46Z,mining,1,100,0,77.41,417,3,3,68.427,78.0,87.1,1976,capped,48951,3.7924530987110236e+18
2026-09-27T18:06:46Z,mining,1,99,0,76.23,418,3,3,67.667,78.0,86.1,1976,capped,49011,3.797027067082572e+18
2026-09-27T18:07:46Z,mining,1,100,0,79.75,420,3,3,68.044,78.0,87.1,1976,capped,49071,3.801812141686653e+18
2026-09-27T18:08:46Z,mining,1,100,0,78.58,421,3,3,68.067,78.0,86.9,1976,capped,49131,3.8065268475465564e+18
2026-09-27T18:09:46Z,mining,1,100,0,78.58,423,3,3,68.328,78.0,87.2,1976,capped,49191,3.81124155340646e+18
2026-09-27T18:10:46Z,mining,1,100,0,78.58,423,3,3,67.692,77.0,86.9,1976,capped,49251,3.8159562592663634e+18
2026-09-27T18:11:46Z,mining,1,100,0,78.58,423,3,3,67.351,78.0,87.2,1976,capped,49311,3.820670965126267e+18
2026-09-27T18:12:46Z,mining,1,99,0,78.58,425,3,3,68.426,79.0,86.9,1976,capped,49371,3.8253856709861704e+18
2026-09-27T18:13:46Z,mining,1,100,0,77.41,425,3,3,67.708,78.0,87.1,1976,capped,49431,3.830030008101896e+18
2026-09-27T18:14:46Z,mining,1,100,0,77.41,425,3,3,67.344,78.0,87.2,1976,capped,49491,3.834674345217622e+18
2026-09-27T18:15:46Z,mining,1,100,0,78.58,425,3,3,68.176,78.0,87.3,1976,capped,49551,3.8393890510775255e+18
2026-09-27T18:16:46Z,mining,1,100,0,77.41,425,3,3,68.362,78.0,87.5,1976,capped,49611,3.8440333881932513e+18
2026-09-27T18:17:46Z,mining,1,100,0,78.58,425,3,3,66.527,78.0,86.8,1976,capped,49671,3.848748094053155e+18
2026-09-27T18:18:46Z,mining,1,100,0,78.58,426,3,3,63.148,78.0,86.7,1976,capped,49731,3.8534627999130583e+18
2026-09-27T18:19:46Z,mining,1,100,0,79.75,426,3,3,68.333,78.0,87.3,1976,capped,49791,3.8582478745171395e+18
2026-09-27T18:20:46Z,mining,1,100,0,78.58,426,3,3,67.975,78.0,87.7,1976,capped,49851,3.862962580377043e+18
2026-09-27T18:21:46Z,mining,1,100,0,77.41,426,3,3,68.188,78.0,87.7,1976,capped,49911,3.867606917492769e+18
2026-09-27T18:22:46Z,mining,1,98,0,78.58,427,3,3,69.786,79.0,87.4,1976,capped,49971,3.872321623352672e+18
2026-09-27T18:23:46Z,mining,1,99,0,78.58,427,3,3,68.15,79.0,87.1,1976,capped,50031,3.877036329212576e+18
2026-09-27T18:24:46Z,mining,1,98,0,78.58,427,3,3,69.699,79.0,87.2,1976,capped,50091,3.881751035072479e+18
2026-09-27T18:25:47Z,mining,1,100,0,78.58,428,3,3,67.891,78.0,87.2,1976,capped,50151,3.8864657409323827e+18
2026-09-27T18:26:47Z,mining,1,98,0,78.58,429,3,3,69.702,79.0,87.1,1976,capped,50211,3.891180446792286e+18
2026-09-27T18:27:47Z,mining,1,98,0,79.75,429,3,3,69.839,79.0,87.2,1976,capped,50271,3.8959655213963674e+18
2026-09-27T18:28:47Z,mining,1,98,0,77.41,431,3,3,69.726,79.0,87.1,1976,capped,50331,3.900609858512093e+18
2026-09-27T18:29:47Z,mining,1,98,0,79.75,431,3,3,68.614,79.0,87.0,1976,capped,50391,3.9053949331161743e+18
2026-09-27T18:30:47Z,mining,1,98,0,78.58,431,3,3,69.58,79.0,87.4,1976,capped,50451,3.910109638976078e+18
2026-09-27T18:31:47Z,mining,1,98,0,78.58,431,3,3,68.47,79.0,87.3,1976,capped,50511,3.9148243448359813e+18
2026-09-27T18:32:47Z,mining,1,100,0,77.41,431,3,3,69.081,78.0,87.5,1976,capped,50571,3.919468681951707e+18
2026-09-27T18:33:47Z,mining,1,98,0,79.75,431,3,3,70.049,79.0,87.4,1976,capped,50631,3.9242537565557883e+18
2026-09-27T18:34:47Z,mining,1,100,0,78.58,432,3,3,67.16,77.0,86.8,1976,capped,50691,3.928968462415692e+18
2026-09-27T18:35:47Z,mining,1,100,0,79.75,432,3,3,67.599,77.0,86.9,1976,capped,50751,3.933753537019773e+18
2026-09-27T18:36:47Z,mining,1,100,0,77.41,432,3,3,69.944,78.0,87.4,1976,capped,50811,3.938397874135499e+18
2026-09-27T18:37:47Z,mining,1,100,0,78.58,432,3,3,69.744,78.0,87.6,1976,capped,50871,3.943112579995402e+18
2026-09-27T18:38:47Z,mining,1,100,0,78.58,432,3,3,67.197,77.0,86.9,1976,capped,50931,3.9478272858553057e+18
2026-09-27T18:39:47Z,mining,1,100,0,78.58,432,3,3,67.886,77.0,86.6,1976,capped,50991,3.9526827292035645e+18
2026-09-27T18:40:47Z,mining,1,100,0,78.58,433,3,3,66.889,78.0,87.1,1976,capped,51051,3.957397435063468e+18
2026-09-27T18:41:47Z,mining,1,100,0,79.75,434,3,3,67.317,78.0,87.1,1976,capped,51112,3.962182509667549e+18
2026-09-27T18:42:47Z,mining,1,100,0,78.58,435,3,3,67.046,78.0,87.2,1976,capped,51172,3.9668972155274527e+18
2026-09-27T18:43:47Z,mining,1,100,0,78.58,435,3,3,67.306,78.0,87.5,1976,capped,51232,3.971611921387356e+18
2026-09-27T18:44:47Z,mining,1,100,0,78.58,435,3,3,67.233,78.0,86.9,1976,capped,51292,3.9763266272472596e+18
2026-09-27T18:45:47Z,mining,1,100,0,78.58,435,3,3,67.778,78.0,87.1,1976,capped,51352,3.981041333107163e+18
2026-09-27T18:46:47Z,mining,1,100,0,78.58,435,3,3,66.944,78.0,87.2,1976,capped,51412,3.9857560389670666e+18
2026-09-27T18:47:47Z,mining,1,99,0,77.41,435,3,3,68.125,77.0,86.5,1976,capped,51472,3.9904003760827924e+18
2026-09-27T18:48:47Z,mining,1,100,0,77.41,435,3,3,67.79,78.0,87.3,1976,capped,51532,3.9950447131985183e+18
2026-09-27T18:49:47Z,mining,1,100,0,76.23,435,3,3,66.627,78.0,86.6,1976,capped,51592,3.9996186815700664e+18
2026-09-27T18:50:47Z,mining,1,100,0,79.75,435,3,3,66.996,78.0,87.5,1976,capped,51652,4.0044037561741476e+18
2026-09-27T18:51:47Z,mining,1,100,0,77.41,435,3,3,66.92,78.0,87.2,1976,capped,51712,4.0090480932898734e+18
2026-09-27T18:52:47Z,mining,1,100,0,77.41,435,3,3,68.311,78.0,86.9,1976,capped,51772,4.013692430405599e+18
2026-09-27T18:53:47Z,mining,1,100,0,78.58,436,3,3,68.126,78.0,87.3,1976,capped,51832,4.0184071362655027e+18
2026-09-27T18:54:47Z,mining,1,100,0,78.58,437,3,3,64.435,78.0,85.4,1976,capped,51892,4.023121842125406e+18
2026-09-27T18:55:47Z,mining,1,100,0,78.58,439,3,3,66.807,78.0,87.2,1976,capped,51952,4.0278365479853097e+18
2026-09-27T18:56:47Z,mining,1,100,0,78.58,440,3,3,67.91,78.0,87.2,1976,capped,52012,4.032551253845213e+18
2026-09-27T18:57:47Z,mining,1,100,0,77.41,440,3,3,64.423,78.0,86.9,1976,capped,52072,4.037195590960939e+18
2026-09-27T18:58:47Z,mining,1,99,0,79.75,441,3,3,68.297,79.0,87.1,1976,capped,52132,4.04198066556502e+18
2026-09-27T18:59:47Z,mining,1,100,0,78.58,441,3,3,68.037,78.0,87.1,1976,capped,52192,4.0466953714249236e+18
2026-09-27T19:00:47Z,mining,1,100,0,77.41,441,3,3,67.53,78.0,87.3,1976,capped,52252,4.0513397085406495e+18
2026-09-27T19:01:47Z,mining,1,99,0,79.75,441,3,3,68.526,79.0,87.0,1976,capped,52312,4.0561247831447306e+18
2026-09-27T19:02:47Z,mining,1,100,0,76.23,443,3,3,67.297,78.0,87.3,1976,capped,52372,4.060698751516279e+18
2026-09-27T19:03:47Z,mining,1,100,0,77.41,444,3,3,67.543,78.0,87.2,1976,capped,52432,4.0653430886320046e+18
2026-09-27T19:04:47Z,mining,1,100,0,77.41,444,3,3,68.159,78.0,87.3,1976,capped,52492,4.0699874257477304e+18
2026-09-27T19:05:47Z,mining,1,100,0,77.41,448,3,3,67.466,78.0,87.3,1976,capped,52552,4.074631762863456e+18
2026-09-27T19:06:47Z,mining,1,100,0,79.75,449,3,3,67.651,78.0,87.3,1976,capped,52612,4.0794168374675374e+18
2026-09-27T19:07:47Z,mining,1,100,0,78.58,449,3,3,68.268,78.0,87.5,1976,capped,52672,4.084131543327441e+18
2026-09-27T19:08:47Z,mining,1,100,0,78.58,450,3,3,67.982,78.0,87.3,1976,capped,52732,4.0888462491873444e+18
2026-09-27T19:09:47Z,mining,1,100,0,78.58,451,3,3,60.461,78.0,86.7,1976,capped,52792,4.093560955047248e+18
2026-09-27T19:10:47Z,mining,1,99,0,77.41,451,3,3,67.564,79.0,86.5,1976,capped,52852,4.0982052921629737e+18
2026-09-27T19:11:47Z,mining,1,100,0,78.58,452,3,3,67.508,78.0,87.1,1976,capped,52912,4.102919998022877e+18
2026-09-27T19:12:47Z,mining,1,100,0,79.75,452,3,3,67.419,79.0,86.7,1976,capped,52972,4.1077050726269583e+18
2026-09-27T19:13:47Z,mining,1,100,0,79.75,452,3,3,68.587,78.0,87.4,1976,capped,53032,4.1124901472310395e+18
2026-09-27T19:14:47Z,mining,1,100,0,76.23,452,3,3,66.28,78.0,87.3,1976,capped,53092,4.1170641156025876e+18
2026-09-27T19:15:48Z,mining,1,100,0,78.58,452,3,3,67.996,78.0,87.5,1976,capped,53152,4.121778821462491e+18
2026-09-27T19:16:48Z,mining,1,100,0,78.58,452,3,3,68.453,78.0,87.5,1976,capped,53212,4.1264935273223946e+18
2026-09-27T19:17:48Z,mining,1,100,0,78.58,452,3,3,67.908,78.0,87.2,1976,capped,53272,4.131208233182298e+18
2026-09-27T19:18:48Z,mining,1,100,0,77.41,454,3,3,67.777,78.0,87.5,1976,capped,53332,4.135852570298024e+18
2026-09-27T19:19:48Z,mining,1,98,0,79.75,454,3,3,69.57,79.0,87.5,1976,capped,53392,4.140637644902105e+18
2026-09-27T19:20:48Z,mining,1,100,0,78.58,454,3,3,64.064,78.0,86.9,1976,capped,53452,4.1453523507620086e+18
2026-09-27T19:21:48Z,mining,1,100,0,77.41,456,3,3,67.093,79.0,87.4,1976,capped,53512,4.1499966878777344e+18
2026-09-27T19:22:48Z,mining,1,100,0,78.58,457,3,3,66.732,78.0,86.9,1976,capped,53572,4.154711393737638e+18
2026-09-27T19:23:48Z,mining,1,100,0,78.58,458,3,3,68.643,78.0,86.6,1976,capped,53632,4.1594260995975414e+18
2026-09-27T19:24:48Z,mining,1,100,0,78.58,459,3,3,65.132,77.0,86.7,1976,capped,53692,4.164140805457445e+18
2026-09-27T19:25:48Z,mining,1,100,0,78.58,459,3,3,67.704,78.0,87.2,1976,capped,53752,4.1688555113173484e+18
2026-09-27T19:26:48Z,mining,1,100,0,77.41,460,3,3,63.059,77.0,85.6,1976,capped,53812,4.173499848433074e+18
2026-09-27T19:27:48Z,mining,1,100,0,76.23,460,3,3,67.077,78.0,87.1,1976,capped,53872,4.1780738168046223e+18
2026-09-27T19:28:48Z,mining,1,100,0,78.58,460,3,3,67.292,78.0,87.2,1976,capped,53932,4.182788522664526e+18
2026-09-27T19:29:48Z,mining,1,100,0,77.41,460,3,3,64.51,77.0,86.1,1976,capped,53992,4.1874328597802516e+18
2026-09-27T19:30:48Z,mining,1,100,0,77.41,461,3,3,66.899,78.0,87.0,1976,capped,54052,4.1920771968959775e+18
2026-09-27T19:31:48Z,mining,1,100,0,78.58,463,3,3,67.727,78.0,87.1,1976,capped,54112,4.196791902755881e+18
2026-09-27T19:32:48Z,mining,1,100,0,79.75,463,3,3,67.061,78.0,87.0,1976,capped,54173,4.20164734610414e+18
2026-09-27T19:33:48Z,mining,1,100,0,77.41,464,3,3,66.868,79.0,86.8,1976,capped,54233,4.2062916832198656e+18
2026-09-27T19:34:48Z,mining,1,100,0,79.75,464,3,3,66.165,77.0,85.8,1976,capped,54293,4.211076757823947e+18
2026-09-27T19:35:48Z,mining,1,100,0,78.58,464,3,3,66.83,78.0,87.1,1976,capped,54353,4.21579146368385e+18
2026-09-27T19:36:48Z,mining,1,100,0,76.23,464,3,3,58.539,78.0,85.6,1976,capped,54413,4.2203654320553984e+18
2026-09-27T19:37:48Z,mining,1,100,0,79.75,464,3,3,67.352,78.0,87.0,1976,capped,54473,4.2251505066594796e+18
2026-09-27T19:38:48Z,mining,1,100,0,79.75,464,3,3,66.819,78.0,87.1,1976,capped,54533,4.2299355812635607e+18
2026-09-27T19:39:48Z,mining,1,100,0,78.58,465,3,3,67.254,78.0,87.4,1976,capped,54593,4.234650287123464e+18
2026-09-27T19:40:48Z,mining,1,100,0,77.41,465,3,3,66.49,78.0,87.1,1976,capped,54653,4.23929462423919e+18
2026-09-27T19:41:48Z,mining,1,100,0,78.58,465,3,3,61.158,78.0,86.8,1976,capped,54713,4.2440093300990935e+18
2026-09-27T19:42:48Z,mining,1,100,0,77.41,467,3,3,67.055,78.0,86.8,1976,capped,54773,4.2486536672148193e+18
2026-09-27T19:43:48Z,mining,1,100,0,78.58,467,3,3,66.985,78.0,87.4,1976,capped,54833,4.253368373074723e+18
2026-09-27T19:44:48Z,mining,1,100,0,78.58,468,3,3,66.012,78.0,87.0,1976,capped,54893,4.2580830789346263e+18
2026-09-27T19:45:48Z,mining,1,100,0,77.41,468,3,3,66.629,78.0,86.9,1976,capped,54953,4.262727416050352e+18
2026-09-27T19:46:48Z,mining,1,100,0,77.41,470,3,3,66.204,78.0,87.0,1976,capped,55013,4.267371753166078e+18
2026-09-27T19:47:48Z,mining,1,100,0,78.58,470,3,3,66.419,78.0,87.0,1976,capped,55073,4.2720864590259814e+18
2026-09-27T19:48:48Z,mining,1,100,0,78.58,470,3,3,65.736,77.0,86.3,1976,capped,55133,4.276801164885885e+18
2026-09-27T19:49:48Z,mining,1,100,0,78.58,472,3,3,68.374,78.0,87.1,1976,capped,55193,4.2815158707457884e+18
2026-09-27T19:50:48Z,mining,1,100,0,78.58,472,3,3,65.462,78.0,86.7,1976,capped,55253,4.286230576605692e+18
2026-09-27T19:51:48Z,mining,1,100,0,78.58,472,3,3,68.316,78.0,87.2,1976,capped,55313,4.2909452824655954e+18
2026-09-27T19:52:48Z,mining,1,100,0,78.58,472,3,3,68.483,77.0,86.8,1976,capped,55373,4.295659988325499e+18
2026-09-27T19:53:48Z,mining,1,100,0,77.41,472,3,3,67.749,76.0,87.4,1976,capped,55433,4.3003043254412247e+18
2026-09-27T19:54:48Z,mining,1,100,0,79.75,472,3,3,67.698,78.0,87.2,1976,capped,55493,4.305089400045306e+18
2026-09-27T19:55:48Z,mining,1,100,0,78.58,474,3,3,67.777,78.0,87.2,1976,capped,55553,4.3098041059052093e+18
2026-09-27T19:56:48Z,mining,1,100,0,78.58,475,3,3,68.041,78.0,87.1,1976,capped,55613,4.314518811765113e+18
2026-09-27T19:57:48Z,mining,1,100,0,78.58,475,3,3,67.898,78.0,87.3,1976,capped,55673,4.3192335176250163e+18
2026-09-27T19:58:48Z,mining,1,100,0,78.58,475,3,3,68.226,78.0,87.2,1976,capped,55733,4.32394822348492e+18
2026-09-27T19:59:48Z,mining,1,100,0,79.75,476,3,3,68.156,78.0,87.1,1976,capped,55793,4.328733298089001e+18
2026-09-27T20:00:48Z,mining,1,100,0,78.58,476,3,3,67.533,78.0,87.1,1976,capped,55853,4.3334480039489044e+18
2026-09-27T20:01:48Z,mining,1,100,0,78.58,477,3,3,68.105,78.0,87.3,1976,capped,55913,4.338162709808808e+18
2026-09-27T20:02:49Z,mining,1,100,0,79.75,477,3,3,65.524,78.0,86.9,1976,capped,55973,4.342947784412889e+18
2026-09-27T20:03:49Z,mining,1,98,0,77.41,479,3,3,69.05,79.0,87.2,1976,capped,56033,4.347592121528615e+18
2026-09-27T20:04:49Z,mining,1,100,0,78.58,479,3,3,68.105,78.0,87.1,1976,capped,56093,4.3523068273885184e+18
2026-09-27T20:05:49Z,mining,1,100,0,78.58,479,3,3,68.543,78.0,87.4,1976,capped,56153,4.357021533248422e+18
2026-09-27T20:06:49Z,mining,1,99,0,79.75,479,3,3,69.461,78.0,87.5,1976,capped,56213,4.361806607852503e+18
2026-09-27T20:07:49Z,mining,1,99,0,78.58,479,3,3,68.064,79.0,86.9,1976,capped,56273,4.3665213137124065e+18
2026-09-27T20:08:49Z,mining,1,98,0,78.58,480,3,3,69.439,79.0,87.3,1976,capped,56333,4.37123601957231e+18
2026-09-27T20:09:49Z,mining,1,98,0,78.58,481,3,3,69.389,79.0,87.3,1976,capped,56393,4.3759507254322135e+18
2026-09-27T20:10:49Z,mining,1,99,0,78.58,481,3,3,65.949,79.0,86.9,1976,capped,56453,4.380665431292117e+18
2026-09-27T20:11:49Z,mining,1,98,0,77.41,481,3,3,66.662,79.0,86.7,1976,capped,56513,4.385309768407843e+18
2026-09-27T20:12:49Z,mining,1,100,0,79.75,481,3,3,67.006,78.0,86.9,1976,capped,56573,4.390094843011924e+18
2026-09-27T20:13:49Z,mining,1,100,0,77.41,481,3,3,67.118,78.0,87.2,1976,capped,56633,4.39473918012765e+18
2026-09-27T20:14:49Z,mining,1,98,0,77.41,482,3,3,69.742,79.0,86.9,1976,capped,56693,4.3993835172433756e+18
2026-09-27T20:15:49Z,mining,1,100,0,78.58,482,3,3,60.508,78.0,85.9,1976,capped,56753,4.404168591847457e+18
2026-09-27T20:16:49Z,mining,1,98,0,79.75,483,3,3,68.6,78.0,86.9,1976,capped,56813,4.408953666451538e+18
2026-09-27T20:17:49Z,mining,1,100,0,78.58,485,3,3,69.076,78.0,87.1,1976,capped,56874,4.4136683723114414e+18
2026-09-27T20:18:49Z,mining,1,100,0,78.58,485,3,3,69.211,78.0,86.9,1976,capped,56934,4.418383078171345e+18
2026-09-27T20:19:49Z,mining,1,98,0,75.06,486,3,3,69.934,79.0,87.2,1976,capped,56994,4.4228866777987154e+18
2026-09-27T20:20:49Z,mining,1,99,0,76.23,487,3,3,65.44,79.0,86.7,1976,capped,57054,4.4274606461702636e+18
2026-09-27T20:21:49Z,mining,1,100,0,79.75,487,3,3,68.034,78.0,87.0,1976,capped,57114,4.4322457207743447e+18
2026-09-27T20:22:49Z,mining,1,98,0,76.23,487,3,3,66.95,79.0,86.5,1976,capped,57174,4.436819689145893e+18
2026-09-27T20:23:49Z,mining,1,99,0,77.41,487,3,3,67.566,79.0,86.4,1976,capped,57234,4.4414640262616187e+18
2026-09-27T20:24:49Z,mining,1,100,0,77.41,487,3,3,66.543,77.0,86.3,1976,capped,57294,4.4461083633773445e+18
2026-09-27T20:25:49Z,mining,1,100,0,78.58,488,3,3,67.748,79.0,87.0,1976,capped,57354,4.450823069237248e+18
2026-09-27T20:26:49Z,mining,1,100,0,79.75,488,3,3,67.796,78.0,86.8,1976,capped,57414,4.455608143841329e+18
2026-09-27T20:27:49Z,mining,1,100,0,76.23,490,3,3,67.193,78.0,86.8,1976,capped,57474,4.4601821122128773e+18
2026-09-27T20:28:49Z,mining,1,100,0,78.58,490,3,3,70.023,78.0,88.0,1976,capped,57534,4.464896818072781e+18
2026-09-27T20:29:49Z,mining,1,98,0,78.58,491,3,3,70.168,79.0,87.0,1976,capped,57594,4.4696115239326843e+18
2026-09-27T20:30:49Z,mining,1,100,0,78.58,492,3,3,67.014,77.0,86.4,1976,capped,57654,4.474326229792588e+18
2026-09-27T20:31:49Z,mining,1,100,0,78.58,492,3,3,67.126,77.0,86.6,1976,capped,57714,4.4790409356524913e+18
2026-09-27T20:32:49Z,mining,1,100,0,78.58,492,3,3,66.565,77.0,86.5,1976,capped,57774,4.483755641512395e+18
2026-09-27T20:33:49Z,mining,1,100,0,78.58,492,3,3,67.719,78.0,86.7,1976,capped,57834,4.488470347372298e+18
2026-09-27T20:34:49Z,mining,1,100,0,78.58,494,3,3,67.384,78.0,86.5,1976,capped,57894,4.4931850532322017e+18
2026-09-27T20:35:49Z,mining,1,100,0,79.75,494,3,3,67.066,78.0,86.6,1976,capped,57954,4.497970127836283e+18
2026-09-27T20:36:49Z,mining,1,100,0,77.41,494,3,3,67.685,77.0,86.7,1976,capped,58014,4.5026144649520087e+18
2026-09-27T20:37:49Z,mining,1,100,0,77.41,494,3,3,67.371,77.0,86.3,1976,capped,58074,4.5072588020677345e+18
2026-09-27T20:38:49Z,mining,1,100,0,77.41,495,3,3,67.746,78.0,86.7,1976,capped,58134,4.5119031391834604e+18
2026-09-27T20:39:49Z,mining,1,98,0,78.58,495,3,3,70.757,79.0,86.5,1976,capped,58194,4.516617845043364e+18
2026-09-27T20:40:49Z,mining,1,98,0,79.75,495,3,3,70.464,79.0,86.4,1976,capped,58254,4.521402919647445e+18
2026-09-27T20:41:49Z,mining,1,99,0,78.58,495,3,3,66.41,79.0,86.4,1976,capped,58314,4.5261176255073485e+18
2026-09-27T20:42:49Z,mining,1,100,0,79.75,495,3,3,67.822,78.0,86.4,1976,capped,58374,4.5309027001114296e+18
2026-09-27T20:43:49Z,mining,1,100,0,77.41,495,3,3,67.637,77.0,86.6,1976,capped,58434,4.5355470372271555e+18
2026-09-27T20:44:49Z,mining,1,100,0,78.58,495,3,3,67.701,78.0,86.7,1976,capped,58494,4.540261743087059e+18
2026-09-27T20:45:49Z,mining,1,100,0,78.58,496,3,3,68.095,78.0,86.6,1976,capped,58554,4.5449764489469624e+18
2026-09-27T20:46:49Z,mining,1,97,0,78.58,496,3,3,71.0,79.0,86.2,1976,capped,58614,4.549691154806866e+18
2026-09-27T20:47:49Z,mining,1,100,0,77.41,497,3,3,66.32,78.0,86.5,1976,capped,58674,4.554335491922592e+18
2026-09-27T20:48:50Z,mining,1,100,0,78.58,498,3,3,67.978,78.0,86.4,1976,capped,58734,4.559050197782495e+18
2026-09-27T20:49:50Z,mining,1,100,0,79.75,499,3,3,66.059,78.0,86.4,1976,capped,58794,4.5638352723865764e+18
2026-09-27T20:50:50Z,mining,1,100,0,78.58,499,3,3,68.164,78.0,86.1,1976,capped,58854,4.56854997824648e+18
2026-09-27T20:51:50Z,mining,1,100,0,79.75,499,3,3,66.076,78.0,86.5,1976,capped,58914,4.573335052850561e+18
2026-09-27T20:52:50Z,mining,1,100,0,78.58,499,3,3,65.991,78.0,86.3,1976,capped,58974,4.5780497587104645e+18
2026-09-27T20:53:50Z,mining,1,100,0,78.58,499,3,3,67.446,78.0,86.4,1976,capped,59034,4.582764464570368e+18
2026-09-27T20:54:50Z,mining,1,100,0,78.58,499,3,3,67.637,78.0,86.5,1976,capped,59094,4.5874791704302715e+18
2026-09-27T20:55:50Z,mining,1,99,0,79.75,499,3,3,68.129,78.0,86.2,1976,capped,59154,4.5922642450343526e+18
2026-09-27T20:56:50Z,mining,1,100,0,79.75,500,3,3,67.959,77.0,86.4,1976,capped,59214,4.597049319638434e+18
2026-09-27T20:57:50Z,mining,1,100,0,78.58,500,3,3,67.204,78.0,86.4,1976,capped,59274,4.6017640254983373e+18
2026-09-27T20:58:50Z,mining,1,100,0,78.58,500,3,3,67.497,78.0,86.2,1976,capped,59334,4.606478731358241e+18
2026-09-27T20:59:50Z,mining,1,100,0,78.58,501,3,3,68.44,78.0,86.6,1976,capped,59394,4.611193437218144e+18
2026-09-27T21:00:50Z,mining,1,100,0,78.58,501,3,3,68.221,78.0,86.4,1976,capped,59454,4.615908143078048e+18
2026-09-27T21:01:50Z,mining,1,100,0,78.58,502,3,3,68.133,78.0,86.4,1976,capped,59514,4.620622848937951e+18
2026-09-27T21:02:50Z,mining,1,100,0,79.75,502,3,3,67.494,78.0,86.3,1976,capped,59574,4.62547829228621e+18
2026-09-27T21:03:50Z,mining,1,100,0,78.58,502,3,3,67.468,78.0,86.4,1976,capped,59635,4.630192998146114e+18
2026-09-27T21:04:50Z,mining,1,100,0,78.58,502,3,3,67.285,78.0,86.3,1976,capped,59695,4.634907704006017e+18
2026-09-27T21:05:50Z,mining,1,100,0,78.58,503,3,3,67.744,78.0,86.2,1976,capped,59755,4.63962240986592e+18
2026-09-27T21:06:50Z,mining,1,100,0,78.58,503,3,3,67.959,78.0,86.6,1976,capped,59815,4.644337115725824e+18
2026-09-27T21:07:50Z,mining,1,100,0,78.58,505,3,3,67.668,78.0,86.3,1976,capped,59875,4.649051821585727e+18
2026-09-27T21:08:50Z,mining,1,100,0,79.75,507,3,3,68.011,78.0,86.3,1976,capped,59935,4.653836896189809e+18
2026-09-27T21:09:50Z,mining,1,100,0,77.41,509,3,3,68.1,78.0,87.9,1976,capped,59995,4.658481233305534e+18
2026-09-27T21:10:50Z,mining,1,100,0,79.75,509,3,3,65.114,77.0,85.7,1976,capped,60055,4.663266307909616e+18
2026-09-27T21:11:50Z,mining,1,100,0,78.58,509,3,3,68.517,78.0,87.5,1976,capped,60115,4.667981013769519e+18
2026-09-27T21:12:50Z,mining,1,100,0,79.75,510,3,3,68.335,78.0,88.0,1976,capped,60175,4.6727660883736e+18
2026-09-27T21:13:50Z,mining,1,100,0,77.41,510,3,3,68.329,78.0,86.4,1976,capped,60235,4.677410425489326e+18
2026-09-27T21:14:50Z,mining,1,100,0,78.58,510,3,3,67.824,78.0,86.5,1976,capped,60295,4.68212513134923e+18
2026-09-27T21:15:50Z,mining,1,99,0,79.75,511,3,3,68.475,79.0,86.2,1976,capped,60355,4.686910205953311e+18
2026-09-27T21:16:50Z,mining,1,100,0,78.58,512,3,3,67.743,78.0,86.3,1976,capped,60415,4.691624911813214e+18
2026-09-27T21:17:50Z,mining,1,100,0,79.75,512,3,3,67.571,79.0,85.8,1976,capped,60475,4.696409986417295e+18
2026-09-27T21:18:50Z,mining,1,100,0,78.58,512,3,3,67.583,78.0,86.6,1976,capped,60535,4.701124692277199e+18
2026-09-27T21:19:50Z,mining,1,100,0,78.58,514,3,3,67.854,78.0,86.4,1976,capped,60595,4.705839398137102e+18
2026-09-27T21:20:50Z,mining,1,98,0,79.75,514,3,3,69.622,79.0,88.2,1976,capped,60655,4.710624472741183e+18
2026-09-27T21:21:50Z,mining,1,100,0,78.58,515,3,3,68.289,78.0,86.7,1976,capped,60715,4.715339178601087e+18
2026-09-27T21:22:50Z,mining,1,100,0,78.58,515,3,3,67.041,78.0,86.4,1976,capped,60775,4.72005388446099e+18
2026-09-27T21:23:50Z,mining,1,100,0,76.23,515,3,3,67.076,78.0,86.4,1976,capped,60835,4.724627852832539e+18
2026-09-27T21:24:50Z,mining,1,99,0,79.75,515,3,3,68.666,78.0,86.2,1976,capped,60895,4.72941292743662e+18
2026-09-27T21:25:50Z,mining,1,100,0,76.23,515,3,3,67.627,77.0,85.8,1976,capped,60955,4.733986895808168e+18
2026-09-27T21:26:50Z,mining,1,100,0,78.58,516,3,3,68.322,78.0,86.3,1976,capped,61015,4.738701601668071e+18
2026-09-27T21:27:50Z,mining,1,100,0,78.58,517,3,3,66.828,78.0,86.2,1976,capped,61075,4.743416307527975e+18
2026-09-27T21:28:50Z,mining,1,100,0,79.75,517,3,3,64.986,78.0,86.0,1976,capped,61135,4.748201382132056e+18
2026-09-27T21:29:50Z,mining,1,100,0,77.41,517,3,3,66.709,77.0,85.8,1976,capped,61195,4.752845719247782e+18
2026-09-27T21:30:50Z,mining,1,99,0,79.75,517,3,3,68.309,78.0,86.1,1976,capped,61255,4.757630793851863e+18
2026-09-27T21:31:50Z,mining,1,100,0,77.41,517,3,3,66.405,78.0,86.0,1976,capped,61315,4.762275130967589e+18
2026-09-27T21:32:51Z,mining,1,100,0,78.58,517,3,3,66.493,78.0,85.6,1976,capped,61375,4.766989836827492e+18
2026-09-27T21:33:51Z,mining,1,100,0,79.75,518,3,3,68.091,78.0,86.2,1976,capped,61435,4.771774911431574e+18
2026-09-27T21:34:51Z,mining,1,99,0,76.23,518,3,3,68.238,78.0,86.1,1976,capped,61495,4.776348879803122e+18
2026-09-27T21:35:51Z,mining,1,100,0,79.75,519,3,3,68.046,78.0,85.8,1976,capped,61555,4.781133954407203e+18
2026-09-27T21:36:51Z,mining,1,100,0,77.41,520,3,3,66.403,78.0,86.1,1976,capped,61615,4.785778291522929e+18
2026-09-27T21:37:51Z,mining,1,100,0,79.75,521,3,3,68.48,78.0,86.2,1976,capped,61675,4.79056336612701e+18
2026-09-27T21:38:51Z,mining,1,100,0,78.58,521,3,3,67.725,78.0,86.1,1976,capped,61735,4.795278071986913e+18
2026-09-27T21:39:51Z,mining,1,100,0,79.75,521,3,3,67.005,78.0,86.1,1976,capped,61795,4.800063146590994e+18
2026-09-27T21:40:51Z,mining,1,100,0,78.58,521,3,3,64.934,78.0,86.1,1976,capped,61855,4.804777852450898e+18
2026-09-27T21:41:51Z,mining,1,100,0,79.75,522,3,3,68.28,78.0,86.3,1976,capped,61915,4.809562927054979e+18
2026-09-27T21:42:51Z,mining,1,100,0,77.41,522,3,3,67.656,78.0,85.9,1976,capped,61975,4.814207264170705e+18
2026-09-27T21:43:51Z,mining,1,100,0,78.58,523,3,3,67.848,78.0,86.3,1976,capped,62035,4.818921970030608e+18
2026-09-27T21:44:51Z,mining,1,100,0,79.75,523,3,3,67.87,78.0,86.3,1976,capped,62095,4.82370704463469e+18
2026-09-27T21:45:51Z,mining,1,100,0,78.58,523,3,3,67.993,78.0,86.3,1976,capped,62155,4.828421750494593e+18
2026-09-27T21:46:51Z,mining,1,100,0,78.58,523,3,3,67.199,78.0,86.3,1976,capped,62215,4.833136456354497e+18
2026-09-27T21:47:51Z,mining,1,100,0,77.41,524,3,3,67.902,78.0,85.9,1976,capped,62275,4.837780793470222e+18
2026-09-27T21:48:51Z,mining,1,100,0,77.41,524,3,3,64.796,78.0,85.7,1976,capped,62335,4.842425130585948e+18
2026-09-27T21:49:51Z,mining,1,100,0,79.75,525,3,3,68.01,78.0,86.3,1976,capped,62395,4.847280573934207e+18
2026-09-27T21:50:51Z,mining,1,100,0,78.58,526,3,3,67.701,78.0,86.0,1976,capped,62456,4.85199527979411e+18
2026-09-27T21:51:51Z,mining,1,100,0,79.75,526,3,3,66.514,78.0,85.6,1976,capped,62516,4.856780354398192e+18
2026-09-27T21:52:51Z,mining,1,100,0,77.41,526,3,3,68.101,78.0,86.0,1976,capped,62576,4.861424691513917e+18
2026-09-27T21:53:51Z,mining,1,100,0,78.58,526,3,3,68.297,78.0,86.1,1976,capped,62636,4.866139397373821e+18
2026-09-27T21:54:51Z,mining,1,100,0,79.75,526,3,3,68.617,78.0,85.9,1976,capped,62696,4.870924471977902e+18
2026-09-27T21:55:51Z,mining,1,100,0,79.75,528,3,3,68.635,78.0,86.0,1976,capped,62756,4.875709546581983e+18
2026-09-27T21:56:51Z,mining,1,100,0,77.41,528,3,3,68.892,78.0,86.0,1976,capped,62816,4.880353883697709e+18
2026-09-27T21:57:51Z,mining,1,100,0,79.75,529,3,3,68.988,78.0,85.8,1976,capped,62876,4.88513895830179e+18
2026-09-27T21:58:51Z,mining,1,100,0,78.58,530,3,3,69.101,78.0,86.2,1976,capped,62936,4.889853664161694e+18
2026-09-27T21:59:51Z,mining,1,100,0,78.58,530,3,3,67.751,78.0,85.9,1976,capped,62996,4.894568370021597e+18
2026-09-27T22:00:51Z,mining,1,100,0,77.41,531,3,3,65.898,76.0,84.9,1976,capped,63056,4.899212707137323e+18
2026-09-27T22:01:51Z,mining,1,100,0,78.58,531,3,3,68.139,78.0,85.9,1976,capped,63116,4.903927412997226e+18
2026-09-27T22:02:51Z,mining,1,100,0,78.58,531,3,3,57.749,78.0,85.3,1976,capped,63176,4.90864211885713e+18
2026-09-27T22:03:51Z,mining,1,100,0,79.75,531,3,3,68.911,78.0,86.2,1976,capped,63236,4.913427193461211e+18
2026-09-27T22:04:51Z,mining,1,100,0,78.58,531,3,3,68.088,77.0,85.8,1976,capped,63296,4.918141899321115e+18
2026-09-27T22:05:51Z,mining,1,100,0,78.58,532,3,3,68.028,78.0,85.8,1976,capped,63356,4.922856605181018e+18
2026-09-27T22:06:51Z,mining,1,100,0,76.23,532,3,3,68.335,78.0,85.7,1976,capped,63416,4.927430573552566e+18
2026-09-27T22:07:51Z,mining,1,100,0,77.41,532,3,3,57.054,76.0,83.9,1976,capped,63476,4.932074910668292e+18
2026-09-27T22:08:51Z,mining,1,100,0,78.58,534,3,3,65.918,78.0,85.5,1976,capped,63536,4.936789616528196e+18
2026-09-27T22:09:51Z,mining,1,100,0,77.41,534,3,3,68.312,78.0,85.8,1976,capped,63596,4.941433953643921e+18
2026-09-27T22:10:51Z,mining,1,100,0,79.75,534,3,3,67.889,78.0,86.1,1976,capped,63656,4.946219028248003e+18
2026-09-27T22:11:51Z,mining,1,100,0,75.06,535,3,3,68.413,78.0,85.6,1976,capped,63716,4.950722627875373e+18
2026-09-27T22:12:51Z,mining,1,100,0,79.75,537,3,3,64.684,78.0,85.8,1976,capped,63776,4.955507702479454e+18
2026-09-27T22:13:51Z,mining,1,100,0,78.58,537,3,3,56.98,77.0,84.8,1976,capped,63836,4.960222408339358e+18
2026-09-27T22:14:51Z,mining,1,100,0,78.58,538,3,3,67.506,78.0,85.7,1976,capped,63896,4.964937114199261e+18
2026-09-27T22:15:51Z,mining,1,100,0,79.75,538,3,3,66.594,78.0,85.7,1976,capped,63956,4.969722188803342e+18
2026-09-27T22:16:51Z,mining,1,100,0,77.41,539,3,3,67.822,78.0,85.6,1976,capped,64016,4.974366525919068e+18
2026-09-27T22:17:51Z,mining,1,100,0,77.41,540,3,3,67.514,78.0,85.5,1976,capped,64076,4.979010863034794e+18
2026-09-27T22:18:51Z,mining,1,100,0,78.58,541,3,3,67.567,78.0,85.7,1976,capped,64136,4.983725568894697e+18
2026-09-27T22:19:51Z,mining,1,100,0,77.41,541,3,3,67.969,78.0,85.6,1976,capped,64196,4.988369906010423e+18
2026-09-27T22:20:51Z,mining,1,100,0,78.58,541,3,3,66.297,78.0,86.0,1976,capped,64256,4.993084611870327e+18
2026-09-27T22:21:51Z,mining,1,99,0,77.41,541,3,3,67.437,78.0,85.6,1976,capped,64316,4.997728948986053e+18
2026-09-27T22:22:51Z,mining,1,100,0,79.75,542,3,3,67.664,78.0,85.8,1976,capped,64376,5.002514023590134e+18
2026-09-27T22:23:51Z,mining,1,99,0,78.58,542,3,3,67.46,78.0,85.9,1976,capped,64436,5.007228729450037e+18
2026-09-27T22:24:52Z,mining,1,100,0,78.58,542,3,3,69.36,78.0,86.2,1976,capped,64496,5.011943435309941e+18
2026-09-27T22:25:52Z,mining,1,100,0,79.75,542,3,3,64.335,71.0,84.2,1976,capped,64556,5.016728509914022e+18
2026-09-27T22:26:52Z,mining,1,98,0,78.58,542,3,3,69.402,79.0,86.0,1976,capped,64616,5.021443215773925e+18
2026-09-27T22:27:52Z,mining,1,98,0,78.58,543,3,3,69.422,79.0,86.6,1976,capped,64676,5.026157921633829e+18
2026-09-27T22:28:52Z,mining,1,98,0,78.58,543,3,3,69.266,79.0,86.2,1976,capped,64736,5.030872627493732e+18
2026-09-27T22:29:52Z,mining,1,98,0,79.75,543,3,3,68.89,79.0,86.1,1976,capped,64796,5.035657702097814e+18
2026-09-27T22:30:52Z,mining,1,98,0,78.58,543,3,3,69.503,79.0,86.0,1976,capped,64856,5.040372407957717e+18
2026-09-27T22:31:52Z,mining,1,98,0,78.58,545,3,3,69.559,79.0,85.9,1976,capped,64916,5.04508711381762e+18
2026-09-27T22:32:52Z,mining,1,98,0,78.58,547,3,3,69.163,79.0,86.0,1976,capped,64976,5.049801819677524e+18
2026-09-27T22:33:52Z,mining,1,98,0,78.58,547,3,3,69.183,79.0,86.0,1976,capped,65036,5.054516525537427e+18
2026-09-27T22:34:52Z,mining,1,100,0,77.41,547,3,3,69.341,78.0,85.9,1976,capped,65096,5.059160862653153e+18
2026-09-27T22:35:52Z,mining,1,100,0,79.75,548,3,3,69.358,78.0,87.0,1976,capped,65156,5.063945937257234e+18
2026-09-27T22:36:52Z,mining,1,98,0,78.58,549,3,3,69.395,79.0,85.8,1976,capped,65216,5.068660643117138e+18
2026-09-27T22:37:52Z,mining,1,98,0,78.58,550,3,3,69.56,79.0,86.0,1976,capped,65276,5.073375348977041e+18
2026-09-27T22:38:52Z,mining,1,98,0,78.58,550,3,3,69.763,79.0,85.9,1976,capped,65336,5.078090054836945e+18
2026-09-27T22:39:52Z,mining,1,98,0,77.41,550,3,3,69.278,79.0,85.7,1976,capped,65396,5.082734391952671e+18
2026-09-27T22:40:52Z,mining,1,98,0,79.75,551,3,3,69.452,79.0,85.9,1976,capped,65456,5.087519466556752e+18
2026-09-27T22:41:52Z,mining,1,98,0,78.58,551,3,3,69.935,79.0,86.0,1976,capped,65516,5.092234172416655e+18
2026-09-27T22:42:52Z,mining,1,98,0,79.75,552,3,3,69.381,79.0,85.5,1976,capped,65576,5.097089615764914e+18
2026-09-27T22:43:52Z,mining,1,98,0,79.75,554,3,3,69.543,79.0,85.8,1976,capped,65637,5.101874690368995e+18
2026-09-27T22:44:52Z,mining,1,98,0,78.58,554,3,3,69.849,79.0,86.0,1976,capped,65697,5.106589396228899e+18
2026-09-27T22:45:52Z,mining,1,100,0,78.58,554,3,3,67.406,78.0,85.5,1976,capped,65757,5.111304102088802e+18
2026-09-27T22:46:52Z,mining,1,100,0,79.75,555,3,3,69.363,78.0,85.9,1976,capped,65817,5.116089176692883e+18
2026-09-27T22:47:52Z,mining,1,100,0,77.41,555,3,3,67.557,78.0,85.4,1976,capped,65877,5.120733513808609e+18
2026-09-27T22:48:52Z,mining,1,100,0,78.58,555,3,3,68.038,78.0,86.2,1976,capped,65937,5.125448219668513e+18
2026-09-27T22:49:52Z,mining,1,100,0,77.41,555,3,3,65.678,77.0,84.9,1976,capped,65997,5.130092556784239e+18
2026-09-27T22:50:52Z,mining,1,98,0,75.06,555,3,3,69.962,79.0,85.9,1976,capped,66057,5.134596156411609e+18
2026-09-27T22:51:52Z,mining,1,100,0,79.75,555,3,3,70.113,78.0,87.1,1976,capped,66117,5.13938123101569e+18
2026-09-27T22:52:52Z,mining,1,98,0,78.58,557,3,3,69.485,79.0,85.8,1976,capped,66177,5.144095936875594e+18
2026-09-27T22:53:52Z,mining,1,100,0,78.58,558,3,3,69.769,78.0,86.1,1976,capped,66237,5.148810642735497e+18
2026-09-27T22:54:52Z,mining,1,100,0,79.75,559,3,3,65.348,77.0,85.1,1976,capped,66297,5.153595717339578e+18
2026-09-27T22:55:52Z,mining,1,100,0,78.58,560,3,3,67.682,78.0,85.5,1976,capped,66357,5.158310423199482e+18
2026-09-27T22:56:52Z,mining,1,100,0,79.75,560,3,3,67.596,78.0,85.8,1976,capped,66417,5.163095497803563e+18
2026-09-27T22:57:52Z,mining,1,100,0,78.58,560,3,3,67.442,78.0,86.5,1976,capped,66477,5.167810203663466e+18
2026-09-27T22:58:52Z,mining,1,100,0,79.75,560,3,3,67.13,78.0,85.6,1976,capped,66537,5.172595278267548e+18
2026-09-27T22:59:52Z,mining,1,100,0,78.58,564,3,3,67.281,78.0,85.4,1976,capped,66597,5.177309984127451e+18
2026-09-27T23:00:52Z,mining,1,100,0,78.58,564,3,3,60.826,78.0,84.1,1976,capped,66657,5.182024689987355e+18
2026-09-27T23:01:52Z,mining,1,100,0,75.06,564,3,3,67.747,78.0,86.7,1976,capped,66717,5.186528289614725e+18
2026-09-27T23:02:52Z,mining,1,100,0,79.75,564,3,3,67.504,78.0,85.4,1976,capped,66777,5.191313364218806e+18
2026-09-27T23:03:52Z,mining,1,98,0,79.75,564,3,3,69.198,79.0,87.1,1976,capped,66837,5.196098438822887e+18
2026-09-27T23:04:52Z,mining,1,100,0,77.41,565,4,4,67.376,78.0,86.7,1976,capped,66897,5.200742775938613e+18
2026-09-27T23:05:52Z,mining,1,100,0,78.58,566,4,4,67.802,78.0,85.5,1976,capped,66957,5.205457481798517e+18
2026-09-27T23:06:52Z,mining,1,100,0,76.23,566,4,4,68.108,78.0,87.1,1976,capped,67017,5.210031450170065e+18
2026-09-27T23:07:52Z,mining,1,97,0,77.41,566,4,4,69.655,79.0,86.8,1976,capped,67077,5.214675787285791e+18
2026-09-27T23:08:52Z,mining,1,100,0,79.75,567,4,4,61.286,78.0,84.3,1976,capped,67137,5.219460861889872e+18
2026-09-27T23:09:52Z,mining,1,98,0,78.58,567,4,4,69.017,79.0,87.2,1976,capped,67197,5.224175567749775e+18
2026-09-27T23:10:52Z,mining,1,100,0,78.58,568,4,4,68.049,78.0,85.7,1976,capped,67257,5.228890273609679e+18
2026-09-27T23:11:52Z,mining,1,100,0,78.58,568,4,4,61.339,78.0,83.8,1976,capped,67317,5.233604979469582e+18
2026-09-27T23:12:52Z,mining,1,98,0,78.58,569,4,4,69.42,79.0,85.9,1976,capped,67377,5.238319685329486e+18
2026-09-27T23:13:53Z,mining,1,98,0,77.41,569,4,4,69.579,79.0,86.0,1976,capped,67437,5.242964022445212e+18
2026-09-27T23:14:53Z,mining,1,98,0,78.58,569,4,4,68.081,79.0,85.5,1976,capped,67497,5.247678728305115e+18
2026-09-27T23:15:53Z,mining,1,100,0,79.75,570,4,4,69.622,78.0,85.8,1976,capped,67557,5.252463802909196e+18
2026-09-27T23:16:53Z,mining,1,100,0,76.23,570,4,4,69.262,78.0,85.9,1976,capped,67617,5.257037771280744e+18
2026-09-27T23:17:53Z,mining,1,98,0,79.75,570,4,4,69.757,79.0,85.9,1976,capped,67677,5.261822845884826e+18
2026-09-27T23:18:53Z,mining,1,98,0,78.58,571,4,4,69.89,79.0,85.9,1976,capped,67737,5.266537551744729e+18
2026-09-27T23:19:53Z,mining,1,100,0,77.41,571,4,4,66.745,78.0,84.7,1976,capped,67797,5.271181888860455e+18
2026-09-27T23:20:53Z,mining,1,98,0,78.58,571,4,4,70.047,79.0,87.3,1976,capped,67857,5.275896594720358e+18
2026-09-27T23:21:53Z,mining,1,98,0,77.41,574,4,4,68.766,79.0,86.0,1976,capped,67917,5.280540931836084e+18
2026-09-27T23:22:53Z,mining,1,100,0,77.41,575,4,4,68.286,78.0,85.5,1976,capped,67977,5.28518526895181e+18
2026-09-27T23:23:53Z,mining,1,97,0,78.58,575,4,4,69.906,79.0,85.9,1976,capped,68037,5.289899974811714e+18
2026-09-27T23:24:53Z,mining,1,100,0,78.58,575,4,4,69.519,78.0,85.7,1976,capped,68097,5.294614680671617e+18
2026-09-27T23:25:53Z,mining,1,100,0,78.58,576,4,4,60.229,79.0,84.6,1976,capped,68157,5.29932938653152e+18
2026-09-27T23:26:53Z,mining,1,100,0,77.41,577,4,4,68.691,78.0,85.5,1976,capped,68217,5.303973723647246e+18
2026-09-27T23:27:53Z,mining,1,98,0,75.06,578,4,4,70.833,79.0,85.5,1976,capped,68277,5.308477323274617e+18
2026-09-27T23:28:53Z,mining,1,100,0,79.75,578,4,4,63.238,79.0,85.0,1976,capped,68337,5.313262397878698e+18
2026-09-27T23:29:53Z,mining,1,100,0,78.58,578,4,4,69.183,78.0,85.3,1976,capped,68397,5.317977103738601e+18
2026-09-27T23:30:53Z,mining,1,98,0,77.41,579,4,4,66.763,79.0,85.1,1976,capped,68458,5.322621440854327e+18
2026-09-27T23:31:53Z,mining,1,100,0,78.58,579,4,4,68.518,77.0,85.6,1976,capped,68518,5.327336146714231e+18
2026-09-27T23:32:53Z,mining,1,98,0,76.23,579,4,4,70.794,79.0,85.6,1976,capped,68578,5.331910115085779e+18
2026-09-27T23:33:53Z,mining,1,100,0,78.58,580,4,4,62.447,79.0,84.7,1976,capped,68638,5.336624820945682e+18
2026-09-27T23:34:53Z,mining,1,100,0,79.75,580,4,4,68.661,78.0,85.5,1976,capped,68698,5.341409895549764e+18
2026-09-27T23:35:53Z,mining,1,100,0,78.58,580,4,4,69.319,78.0,85.4,1976,capped,68758,5.346124601409667e+18
2026-09-27T23:36:53Z,mining,1,100,0,78.58,580,4,4,68.981,78.0,85.5,1976,capped,68818,5.350839307269571e+18
2026-09-27T23:37:53Z,mining,1,100,0,77.41,580,4,4,69.781,78.0,85.5,1976,capped,68878,5.355483644385296e+18
2026-09-27T23:38:53Z,mining,1,100,0,79.75,582,4,4,69.457,78.0,85.5,1976,capped,68938,5.360268718989378e+18
2026-09-27T23:39:53Z,mining,1,100,0,78.58,583,4,4,69.377,77.0,85.7,1976,capped,68998,5.364983424849281e+18
2026-09-27T23:40:53Z,mining,1,100,0,79.75,585,4,4,69.163,77.0,85.4,1976,capped,69058,5.369768499453362e+18
2026-09-27T23:41:53Z,mining,1,100,0,78.58,585,4,4,69.172,77.0,85.7,1976,capped,69118,5.374483205313266e+18
2026-09-27T23:42:53Z,mining,1,100,0,78.58,585,4,4,71.076,78.0,85.9,1976,capped,69178,5.379197911173169e+18
2026-09-27T23:43:53Z,mining,1,100,0,79.75,585,4,4,69.597,77.0,85.6,1976,capped,69238,5.38398298577725e+18
2026-09-27T23:44:53Z,mining,1,99,0,78.58,585,4,4,70.472,79.0,85.5,1976,capped,69298,5.388697691637154e+18
2026-09-27T23:45:53Z,mining,1,100,0,79.75,585,4,4,65.073,77.0,85.2,1976,capped,69358,5.393482766241235e+18
2026-09-27T23:46:53Z,mining,1,100,0,78.58,586,4,4,68.379,77.0,85.4,1976,capped,69418,5.398197472101138e+18
2026-09-27T23:47:53Z,mining,1,100,0,79.75,586,4,4,68.708,77.0,85.5,1976,capped,69478,5.40298254670522e+18
2026-09-27T23:48:53Z,mining,1,100,0,77.41,586,4,4,66.941,77.0,85.1,1976,capped,69538,5.407626883820945e+18
2026-09-27T23:49:53Z,mining,1,100,0,78.58,587,4,4,66.842,78.0,85.4,1976,capped,69598,5.412341589680849e+18
2026-09-27T23:50:53Z,mining,1,97,0,79.75,587,4,4,69.224,78.0,85.1,1976,capped,69658,5.41712666428493e+18
2026-09-27T23:51:53Z,mining,1,99,0,79.75,588,4,4,67.614,79.0,85.0,1976,capped,69718,5.421911738889011e+18
2026-09-27T23:52:53Z,mining,1,100,0,79.75,588,4,4,68.697,78.0,85.4,1976,capped,69778,5.426696813493092e+18
2026-09-27T23:53:53Z,mining,1,100,0,78.58,589,4,4,68.865,78.0,85.6,1976,capped,69838,5.431411519352996e+18
2026-09-27T23:54:53Z,mining,1,100,0,79.75,589,4,4,67.57,78.0,85.5,1976,capped,69898,5.436196593957077e+18
2026-09-27T23:55:53Z,mining,1,100,0,78.58,591,4,4,67.115,78.0,85.3,1976,capped,69958,5.44091129981698e+18
2026-09-27T23:56:53Z,mining,1,100,0,76.23,592,4,4,67.07,78.0,85.2,1976,capped,70018,5.445485268188529e+18
2026-09-27T23:57:53Z,mining,1,100,0,77.41,592,4,4,67.594,77.0,85.2,1976,capped,70078,5.450129605304254e+18
2026-09-27T23:58:53Z,mining,1,100,0,77.41,592,4,4,67.23,77.0,85.0,1976,capped,70138,5.45477394241998e+18
2026-09-27T23:59:53Z,mining,1,100,0,78.58,593,4,4,67.562,77.0,85.5,1976,capped,70198,5.459488648279884e+18
2026-09-28T00:00:54Z,mining,1,99,0,77.41,594,4,4,66.811,76.0,84.5,1976,capped,70258,5.46413298539561e+18
2026-09-28T00:01:54Z,mining,1,100,0,78.58,594,4,4,67.217,77.0,85.3,1976,capped,70318,5.468847691255513e+18
2026-09-28T00:02:54Z,mining,1,100,0,78.58,595,4,4,67.394,78.0,85.2,1976,capped,70378,5.473562397115417e+18
2026-09-28T00:03:54Z,mining,1,100,0,78.58,597,4,4,67.757,78.0,84.7,1976,capped,70438,5.47827710297532e+18
2026-09-28T00:04:54Z,mining,1,100,0,79.75,597,4,4,66.967,78.0,85.5,1976,capped,70498,5.483062177579401e+18
2026-09-28T00:05:54Z,mining,1,100,0,79.75,598,4,4,67.645,78.0,85.5,1976,capped,70558,5.487847252183482e+18
2026-09-28T00:06:54Z,mining,1,100,0,78.58,598,4,4,66.486,78.0,85.3,1976,capped,70618,5.492561958043386e+18
2026-09-28T00:07:54Z,mining,1,100,0,78.58,600,4,4,66.433,78.0,85.3,1976,capped,70678,5.497276663903289e+18
2026-09-28T00:08:54Z,mining,1,100,0,78.58,601,4,4,67.463,78.0,85.3,1976,capped,70738,5.501991369763193e+18
2026-09-28T00:09:54Z,mining,1,100,0,80.92,601,4,4,66.305,78.0,85.5,1976,capped,70798,5.506846813111452e+18
2026-09-28T00:10:54Z,mining,1,100,0,77.41,602,4,4,66.642,78.0,85.1,1976,capped,70858,5.511491150227177e+18
2026-09-28T00:11:54Z,mining,1,100,0,78.58,603,4,4,66.273,78.0,85.3,1976,capped,70918,5.516205856087081e+18
2026-09-28T00:12:54Z,mining,1,100,0,79.75,604,4,4,66.571,77.0,85.5,1976,capped,70978,5.520990930691162e+18
2026-09-28T00:13:54Z,mining,1,100,0,78.58,605,4,4,66.798,76.0,84.4,1976,capped,71038,5.525705636551066e+18
2026-09-28T00:14:54Z,mining,1,100,0,78.58,605,4,4,66.801,77.0,84.4,1976,capped,71098,5.530420342410969e+18
2026-09-28T00:15:54Z,mining,1,100,0,79.75,606,4,4,66.82,78.0,85.6,1976,capped,71158,5.53520541701505e+18
2026-09-28T00:16:54Z,mining,1,100,0,78.58,609,4,4,66.485,78.0,85.5,1976,capped,71219,5.539990491619131e+18
2026-09-28T00:17:54Z,mining,1,100,0,78.58,610,4,4,66.268,78.0,85.4,1976,capped,71279,5.544705197479035e+18
2026-09-28T00:18:54Z,mining,1,100,0,79.75,611,4,4,66.453,78.0,85.4,1976,capped,71339,5.549490272083116e+18
2026-09-28T00:19:54Z,mining,1,100,0,76.23,611,4,4,65.51,76.0,82.8,1976,capped,71399,5.554064240454664e+18
2026-09-28T00:20:54Z,mining,1,100,0,76.23,612,4,4,67.373,78.0,85.9,1976,capped,71459,5.558638208826212e+18
2026-09-28T00:21:54Z,mining,1,100,0,78.58,612,4,4,65.649,78.0,85.4,1976,capped,71519,5.563352914686116e+18
2026-09-28T00:22:54Z,mining,1,100,0,78.58,612,4,4,65.581,78.0,85.6,1976,capped,71579,5.568067620546019e+18
2026-09-28T00:23:54Z,mining,1,100,0,78.58,612,4,4,68.82,78.0,86.0,1976,capped,71639,5.572782326405923e+18
2026-09-28T00:24:54Z,mining,1,99,0,79.75,613,4,4,68.512,79.0,85.6,1976,capped,71699,5.577567401010004e+18
2026-09-28T00:25:54Z,mining,1,100,0,78.58,615,4,4,68.008,78.0,85.5,1976,capped,71759,5.582282106869907e+18
2026-09-28T00:26:54Z,mining,1,100,0,76.23,616,4,4,67.949,78.0,86.7,1976,capped,71819,5.586856075241456e+18
2026-09-28T00:27:54Z,mining,1,100,0,79.75,616,4,4,66.76,78.0,85.5,1976,capped,71879,5.591641149845537e+18
2026-09-28T00:28:54Z,mining,1,100,0,77.41,616,4,4,68.278,78.0,85.2,1976,capped,71939,5.596285486961263e+18
2026-09-28T00:29:54Z,mining,1,100,0,79.75,616,4,4,68.317,78.0,85.5,1976,capped,71999,5.601070561565344e+18
2026-09-28T00:30:54Z,mining,1,100,0,78.58,616,4,4,67.927,78.0,85.2,1976,capped,72059,5.605785267425247e+18
2026-09-28T00:31:54Z,mining,1,100,0,79.75,617,4,4,67.581,78.0,85.3,1976,capped,72119,5.610570342029328e+18
2026-09-28T00:32:54Z,mining,1,100,0,79.75,618,4,4,67.274,78.0,85.3,1976,capped,72179,5.61535541663341e+18
2026-09-28T00:33:54Z,mining,1,100,0,76.23,618,4,4,67.071,78.0,85.3,1976,capped,72239,5.619929385004958e+18
2026-09-28T00:34:54Z,mining,1,99,0,77.41,618,4,4,68.077,78.0,85.3,1976,capped,72299,5.624573722120684e+18
2026-09-28T00:35:54Z,mining,1,100,0,78.58,618,4,4,67.383,77.0,85.2,1976,capped,72359,5.629288427980587e+18
2026-09-28T00:36:54Z,mining,1,100,0,78.58,618,4,4,60.015,77.0,84.0,1976,capped,72419,5.63400313384049e+18
2026-09-28T00:37:54Z,mining,1,100,0,78.58,619,4,4,67.993,78.0,85.3,1976,capped,72479,5.638717839700394e+18
2026-09-28T00:38:54Z,mining,1,100,0,79.75,619,4,4,68.46,78.0,86.6,1976,capped,72539,5.643502914304475e+18
2026-09-28T00:39:54Z,mining,1,100,0,78.58,622,4,4,67.395,77.0,85.1,1976,capped,72599,5.648217620164379e+18
2026-09-28T00:40:54Z,mining,1,100,0,77.41,622,4,4,67.14,78.0,85.1,1976,capped,72659,5.652861957280104e+18
2026-09-28T00:41:54Z,mining,1,100,0,78.58,622,4,4,64.191,77.0,84.6,1976,capped,72719,5.657576663140008e+18
2026-09-28T00:42:54Z,mining,1,100,0,79.75,622,4,4,68.303,78.0,85.4,1976,capped,72779,5.662361737744089e+18
2026-09-28T00:43:54Z,mining,1,100,0,78.58,623,4,4,68.12,78.0,85.2,1976,capped,72839,5.667076443603993e+18
2026-09-28T00:44:54Z,mining,1,100,0,79.75,623,4,4,67.495,78.0,85.5,1976,capped,72899,5.671861518208074e+18
2026-09-28T00:45:54Z,mining,1,99,0,79.75,623,4,4,67.835,78.0,85.2,1976,capped,72959,5.676646592812155e+18
2026-09-28T00:46:55Z,mining,1,100,0,79.75,624,4,4,67.959,78.0,85.6,1976,capped,73019,5.681431667416236e+18
2026-09-28T00:47:55Z,mining,1,100,0,79.75,625,4,4,67.972,78.0,85.5,1976,capped,73079,5.686216742020317e+18
2026-09-28T00:48:55Z,mining,1,100,0,79.75,625,4,4,68.139,77.0,85.5,1976,capped,73139,5.691001816624398e+18
2026-09-28T00:49:55Z,mining,1,100,0,78.58,625,4,4,67.197,78.0,85.5,1976,capped,73199,5.695716522484302e+18
2026-09-28T00:50:55Z,mining,1,100,0,78.58,625,4,4,68.084,78.0,85.6,1976,capped,73259,5.700431228344205e+18
2026-09-28T00:51:55Z,mining,1,100,0,79.75,625,4,4,68.581,78.0,86.9,1976,capped,73319,5.705216302948286e+18
2026-09-28T00:52:55Z,mining,1,100,0,77.41,627,4,4,67.81,78.0,85.6,1976,capped,73379,5.709860640064012e+18
2026-09-28T00:53:55Z,mining,1,100,0,79.75,627,4,4,67.502,78.0,85.9,1976,capped,73439,5.714645714668093e+18
2026-09-28T00:54:55Z,mining,1,100,0,78.58,627,4,4,68.289,78.0,85.7,1976,capped,73499,5.719360420527997e+18
2026-09-28T00:55:55Z,mining,1,100,0,78.58,628,4,4,67.915,78.0,85.4,1976,capped,73559,5.7240751263879e+18
2026-09-28T00:56:55Z,mining,1,100,0,78.58,628,4,4,67.921,77.0,85.3,1976,capped,73619,5.728789832247804e+18
2026-09-28T00:57:55Z,mining,1,100,0,78.58,629,4,4,68.154,77.0,85.1,1976,capped,73679,5.733504538107707e+18
2026-09-28T00:58:55Z,mining,1,100,0,78.58,630,4,4,67.861,77.0,85.2,1976,capped,73739,5.738219243967611e+18
2026-09-28T00:59:55Z,mining,1,100,0,78.58,630,4,4,67.543,77.0,85.2,1976,capped,73799,5.742933949827514e+18
2026-09-28T01:00:55Z,mining,1,99,0,78.58,630,4,4,70.81,78.0,85.5,1976,capped,73859,5.747648655687418e+18
2026-09-28T01:01:55Z,mining,1,100,0,79.75,630,4,4,67.881,78.0,85.4,1976,capped,73919,5.752433730291499e+18
2026-09-28T01:02:55Z,mining,1,100,0,78.58,631,4,4,67.405,77.0,85.2,1976,capped,73979,5.757078067407225e+18
2026-09-28T01:03:55Z,mining,1,100,0,79.75,631,4,4,68.205,77.0,85.3,1976,capped,74039,5.761933510755484e+18
2026-09-28T01:04:55Z,mining,1,98,0,77.41,633,4,4,69.813,78.0,85.3,1976,capped,74100,5.766577847871209e+18
2026-09-28T01:05:55Z,mining,1,100,0,78.58,633,4,4,60.044,69.0,83.4,1976,capped,74160,5.771292553731113e+18
2026-09-28T01:06:55Z,mining,1,100,0,78.58,634,4,4,68.631,76.0,85.6,1976,capped,74220,5.776007259591016e+18
2026-09-28T01:07:55Z,mining,1,100,0,77.41,634,4,4,63.1,78.0,86.2,1976,capped,74280,5.780651596706742e+18
2026-09-28T01:08:55Z,mining,1,98,0,79.75,634,4,4,71.155,79.0,85.9,1976,capped,74340,5.785436671310823e+18
2026-09-28T01:09:55Z,mining,1,99,0,78.58,634,4,4,71.354,78.0,85.7,1976,capped,74400,5.790151377170727e+18
2026-09-28T01:10:55Z,mining,1,100,0,78.58,634,4,4,67.523,77.0,85.4,1976,capped,74460,5.79486608303063e+18
2026-09-28T01:11:55Z,mining,1,100,0,78.58,634,4,4,67.588,77.0,85.4,1976,capped,74520,5.799580788890534e+18
2026-09-28T01:12:55Z,mining,1,100,0,78.58,634,4,4,70.849,78.0,85.6,1976,capped,74580,5.804295494750437e+18
2026-09-28T01:13:55Z,mining,1,100,0,79.75,634,4,4,68.774,78.0,85.7,1976,capped,74640,5.809080569354519e+18
2026-09-28T01:14:55Z,mining,1,100,0,78.58,634,4,4,65.066,77.0,85.3,1976,capped,74700,5.813795275214422e+18
2026-09-28T01:15:55Z,mining,1,100,0,78.58,636,4,4,70.023,78.0,85.4,1976,capped,74760,5.818509981074326e+18
2026-09-28T01:16:55Z,mining,1,100,0,80.92,637,4,4,68.31,77.0,86.1,1976,capped,74820,5.823365424422584e+18
2026-09-28T01:17:55Z,mining,1,100,0,79.75,637,4,4,70.585,78.0,85.6,1976,capped,74880,5.828150499026665e+18
2026-09-28T01:18:55Z,mining,1,100,0,80.92,639,4,4,65.728,78.0,85.7,1976,capped,74940,5.833005942374924e+18
2026-09-28T01:19:55Z,mining,1,100,0,78.58,640,4,4,68.164,78.0,85.6,1976,capped,75000,5.837720648234828e+18
2026-09-28T01:20:55Z,mining,1,100,0,78.58,641,4,4,65.758,78.0,85.8,1976,capped,75060,5.842435354094731e+18
2026-09-28T01:21:55Z,mining,1,100,0,78.58,641,4,4,65.873,78.0,85.7,1976,capped,75120,5.847150059954635e+18
2026-09-28T01:22:55Z,mining,1,100,0,79.75,642,4,4,66.106,78.0,85.8,1976,capped,75180,5.851935134558716e+18
2026-09-28T01:23:55Z,mining,1,100,0,79.75,643,4,4,65.741,78.0,85.6,1976,capped,75240,5.856720209162797e+18
2026-09-28T01:24:55Z,mining,1,99,0,76.23,645,4,4,68.561,79.0,86.1,1976,capped,75300,5.861294177534345e+18
2026-09-28T01:25:55Z,mining,1,100,0,79.75,646,4,4,68.203,77.0,85.4,1976,capped,75360,5.866079252138426e+18
2026-09-28T01:26:55Z,mining,1,98,0,78.58,647,4,4,71.107,79.0,86.7,1976,capped,75420,5.87079395799833e+18
2026-09-28T01:27:55Z,mining,1,100,0,78.58,647,4,4,68.007,77.0,85.5,1976,capped,75480,5.875508663858233e+18
2026-09-28T01:28:55Z,mining,1,100,0,78.58,647,4,4,67.953,77.0,85.4,1976,capped,75540,5.880223369718137e+18
2026-09-28T01:29:55Z,mining,1,98,0,80.92,650,4,4,71.091,79.0,87.4,1976,capped,75600,5.885078813066396e+18
2026-09-28T01:30:55Z,mining,1,100,0,78.58,650,4,4,67.966,77.0,85.5,1976,capped,75660,5.889793518926299e+18
2026-09-28T01:31:55Z,mining,1,99,0,78.58,653,4,4,70.395,78.0,85.8,1976,capped,75720,5.894508224786203e+18
2026-09-28T01:32:55Z,mining,1,98,0,79.75,655,4,4,71.122,79.0,86.0,1976,capped,75780,5.899293299390284e+18
2026-09-28T01:33:55Z,mining,1,100,0,75.06,655,4,4,65.191,78.0,84.6,1976,capped,75840,5.903796899017654e+18
2026-09-28T01:34:56Z,mining,1,100,0,71.54,655,4,4,68.53,78.0,85.8,1976,capped,75900,5.908089392412492e+18
2026-09-28T01:35:56Z,mining,1,100,0,76.23,656,4,4,67.897,78.0,85.7,1976,capped,75960,5.91266336078404e+18
2026-09-28T01:36:56Z,mining,1,100,0,78.58,656,4,4,67.859,77.0,85.8,1976,capped,76020,5.917378066643943e+18
2026-09-28T01:37:56Z,mining,1,100,0,76.23,656,4,4,67.826,77.0,85.2,1976,capped,76080,5.921952035015492e+18
2026-09-28T01:38:56Z,mining,1,100,0,79.75,656,4,4,69.492,78.0,86.1,1976,capped,76140,5.926737109619573e+18
2026-09-28T01:39:56Z,mining,1,100,0,77.41,656,4,4,67.702,77.0,85.4,1976,capped,76200,5.931381446735299e+18
2026-09-28T01:40:56Z,mining,1,100,0,78.58,658,4,4,67.67,77.0,85.9,1976,capped,76260,5.936096152595202e+18
2026-09-28T01:41:56Z,mining,1,100,0,78.58,658,4,4,70.224,78.0,86.4,1976,capped,76320,5.940810858455106e+18
2026-09-28T01:42:56Z,mining,1,100,0,79.75,658,4,4,68.021,77.0,85.5,1976,capped,76380,5.945595933059187e+18
2026-09-28T01:43:56Z,mining,1,100,0,78.58,658,4,4,67.62,76.0,86.2,1976,capped,76440,5.95031063891909e+18
2026-09-28T01:44:56Z,mining,1,100,0,78.58,658,4,4,67.703,77.0,85.7,1976,capped,76500,5.955025344778994e+18
2026-09-28T01:45:56Z,mining,1,100,0,78.58,658,4,4,67.729,77.0,85.6,1976,capped,76560,5.959740050638897e+18
2026-09-28T01:46:56Z,mining,1,100,0,78.58,660,4,4,70.315,78.0,86.2,1976,capped,76620,5.964454756498801e+18
2026-09-28T01:47:56Z,mining,1,100,0,79.75,660,4,4,69.547,78.0,86.1,1976,capped,76680,5.969239831102882e+18
2026-09-28T01:48:56Z,mining,1,100,0,78.58,662,4,4,67.314,78.0,85.8,1976,capped,76740,5.973954536962785e+18
2026-09-28T01:49:56Z,mining,1,100,0,78.58,662,4,4,67.307,77.0,85.5,1976,capped,76800,5.978669242822689e+18
2026-09-28T01:50:56Z,mining,1,100,0,78.58,664,4,4,67.408,78.0,86.0,1976,capped,76860,5.983383948682592e+18
2026-09-28T01:51:56Z,mining,1,100,0,78.58,664,4,4,69.567,78.0,86.2,1976,capped,76920,5.988239392030851e+18
2026-09-28T01:52:56Z,mining,1,100,0,76.23,664,4,4,67.141,78.0,85.9,1976,capped,76981,5.992813360402399e+18
2026-09-28T01:53:56Z,mining,1,100,0,78.58,665,4,4,66.931,78.0,85.9,1976,capped,77041,5.997528066262303e+18
2026-09-28T01:54:56Z,mining,1,100,0,78.58,665,4,4,66.713,78.0,86.1,1976,capped,77101,6.002242772122206e+18
2026-09-28T01:55:56Z,mining,1,100,0,77.41,666,4,4,68.17,78.0,85.8,1976,capped,77161,6.006887109237932e+18
2026-09-28T01:56:56Z,mining,1,100,0,79.75,666,4,4,68.208,78.0,85.8,1976,capped,77221,6.011672183842013e+18
2026-09-28T01:57:56Z,mining,1,100,0,78.58,666,4,4,67.374,78.0,85.4,1976,capped,77281,6.016386889701917e+18
2026-09-28T01:58:56Z,mining,1,100,0,75.06,666,4,4,67.959,78.0,85.6,1976,capped,77341,6.020890489329287e+18
2026-09-28T01:59:56Z,mining,1,100,0,78.58,667,4,4,67.838,78.0,85.9,1976,capped,77401,6.025605195189191e+18
2026-09-28T02:00:56Z,mining,1,100,0,77.41,667,4,4,68.289,78.0,86.3,1976,capped,77461,6.030249532304916e+18
2026-09-28T02:01:56Z,mining,1,100,0,78.58,667,4,4,67.561,78.0,86.2,1976,capped,77521,6.03496423816482e+18
2026-09-28T02:02:56Z,mining,1,100,0,79.75,669,4,4,66.26,78.0,85.3,1976,capped,77581,6.039749312768901e+18
2026-09-28T02:03:56Z,mining,1,100,0,78.58,669,4,4,67.869,78.0,85.9,1976,capped,77641,6.044464018628805e+18
2026-09-28T02:04:56Z,mining,1,100,0,78.58,671,4,4,67.586,78.0,86.0,1976,capped,77701,6.049178724488708e+18
2026-09-28T02:05:56Z,mining,1,100,0,78.58,671,4,4,65.267,78.0,85.6,1976,capped,77761,6.053893430348612e+18
2026-09-28T02:06:56Z,mining,1,100,0,79.75,671,4,4,68.163,78.0,85.9,1976,capped,77821,6.058678504952693e+18
2026-09-28T02:07:56Z,mining,1,100,0,78.58,671,4,4,68.085,78.0,86.1,1976,capped,77881,6.063393210812596e+18
2026-09-28T02:08:56Z,mining,1,100,0,78.58,671,4,4,67.678,78.0,86.0,1976,capped,77941,6.0681079166725e+18
2026-09-28T02:09:56Z,mining,1,100,0,78.58,671,4,4,68.04,78.0,86.5,1976,capped,78001,6.072822622532403e+18
2026-09-28T02:10:56Z,mining,1,100,0,79.75,671,4,4,66.548,78.0,85.7,1976,capped,78061,6.077607697136484e+18
2026-09-28T02:11:56Z,mining,1,100,0,79.75,672,4,4,64.783,78.0,86.1,1976,capped,78121,6.082392771740566e+18
2026-09-28T02:12:56Z,mining,1,100,0,78.58,674,4,4,64.861,78.0,86.1,1976,capped,78181,6.087107477600469e+18
2026-09-28T02:13:56Z,mining,1,99,0,78.58,674,4,4,68.311,79.0,86.3,1976,capped,78241,6.091822183460372e+18
2026-09-28T02:14:56Z,mining,1,100,0,78.58,676,4,4,65.532,78.0,86.1,1976,capped,78301,6.096536889320276e+18
2026-09-28T02:15:56Z,mining,1,100,0,78.58,676,4,4,67.324,78.0,85.9,1976,capped,78361,6.101251595180179e+18
2026-09-28T02:16:56Z,mining,1,100,0,79.75,677,4,4,67.257,78.0,86.2,1976,capped,78421,6.106036669784261e+18
2026-09-28T02:17:56Z,mining,1,100,0,78.58,678,4,4,68.107,78.0,86.5,1976,capped,78481,6.110751375644164e+18
2026-09-28T02:18:56Z,mining,1,100,0,78.58,679,4,4,68.342,78.0,86.0,1976,capped,78541,6.115466081504068e+18
2026-09-28T02:19:56Z,mining,1,100,0,79.75,680,4,4,64.008,78.0,86.2,1976,capped,78601,6.120251156108149e+18
2026-09-28T02:20:56Z,mining,1,100,0,78.58,681,4,4,68.152,79.0,86.8,1976,capped,78661,6.124965861968052e+18
2026-09-28T02:21:57Z,mining,1,99,0,77.41,682,4,4,68.382,79.0,86.2,1976,capped,78721,6.129610199083778e+18
2026-09-28T02:22:57Z,mining,1,98,0,78.58,682,4,4,68.524,79.0,86.4,1976,capped,78781,6.134324904943682e+18
2026-09-28T02:23:57Z,mining,1,99,0,79.75,682,4,4,68.119,79.0,86.2,1976,capped,78841,6.139109979547763e+18
2026-09-28T02:24:57Z,mining,1,99,0,78.58,684,4,4,68.079,79.0,86.1,1976,capped,78901,6.143824685407666e+18
2026-09-28T02:25:57Z,mining,1,100,0,77.41,684,4,4,67.971,78.0,86.1,1976,capped,78961,6.148469022523392e+18
2026-09-28T02:26:57Z,mining,1,100,0,78.58,685,4,4,67.886,79.0,85.9,1976,capped,79021,6.153183728383295e+18
2026-09-28T02:27:57Z,mining,1,100,0,77.41,685,4,4,66.793,78.0,86.1,1976,capped,79081,6.157828065499021e+18
2026-09-28T02:28:57Z,mining,1,100,0,78.58,685,4,4,68.027,78.0,86.5,1976,capped,79141,6.162542771358925e+18
2026-09-28T02:29:57Z,mining,1,99,0,79.75,686,4,4,67.355,79.0,85.9,1976,capped,79201,6.167327845963006e+18
2026-09-28T02:30:57Z,mining,1,100,0,77.41,687,4,4,67.45,78.0,85.9,1976,capped,79261,6.171972183078732e+18
2026-09-28T02:31:57Z,mining,1,98,0,79.75,687,4,4,70.749,79.0,86.3,1976,capped,79321,6.176757257682813e+18
2026-09-28T02:32:57Z,mining,1,100,0,78.58,688,4,4,68.181,77.0,86.0,1976,capped,79381,6.181471963542716e+18
2026-09-28T02:33:57Z,mining,1,98,0,76.23,688,4,4,70.767,79.0,86.7,1976,capped,79441,6.186045931914265e+18
2026-09-28T02:34:57Z,mining,1,98,0,77.41,690,4,4,70.889,79.0,86.6,1976,capped,79501,6.19069026902999e+18
2026-09-28T02:35:57Z,mining,1,100,0,78.58,691,4,4,68.118,77.0,86.1,1976,capped,79561,6.195545712378249e+18
2026-09-28T02:36:57Z,mining,1,100,0,77.41,692,4,4,68.559,78.0,85.9,1976,capped,79621,6.200190049493975e+18
2026-09-28T02:37:57Z,mining,1,100,0,78.58,692,4,4,67.979,77.0,85.9,1976,capped,79682,6.204904755353879e+18
2026-09-28T02:38:57Z,mining,1,100,0,77.41,692,4,4,68.093,77.0,86.1,1976,capped,79742,6.209549092469604e+18
2026-09-28T02:39:57Z,mining,1,100,0,78.58,692,4,4,68.244,78.0,86.2,1976,capped,79802,6.214263798329508e+18
2026-09-28T02:40:57Z,mining,1,100,0,77.41,692,4,4,65.77,78.0,85.9,1976,capped,79862,6.218908135445234e+18
2026-09-28T02:41:57Z,mining,1,100,0,76.23,694,4,4,64.817,78.0,85.6,1976,capped,79922,6.223482103816782e+18
2026-09-28T02:42:57Z,mining,1,100,0,78.58,694,4,4,68.541,77.0,86.2,1976,capped,79982,6.228196809676685e+18
2026-09-28T02:43:57Z,mining,1,100,0,79.75,695,4,4,65.809,78.0,86.4,1976,capped,80042,6.232981884280766e+18
2026-09-28T02:44:57Z,mining,1,100,0,78.58,696,4,4,66.132,78.0,86.4,1976,capped,80102,6.23769659014067e+18
2026-09-28T02:45:57Z,mining,1,100,0,78.58,696,4,4,65.705,78.0,86.0,1976,capped,80162,6.242411296000573e+18
2026-09-28T02:46:57Z,mining,1,99,0,78.58,696,4,4,69.548,78.0,86.3,1976,capped,80222,6.247126001860477e+18
2026-09-28T02:47:57Z,mining,1,100,0,79.75,697,4,4,65.807,78.0,86.4,1976,capped,80282,6.251911076464558e+18
2026-09-28T02:48:57Z,mining,1,100,0,76.23,697,4,4,66.592,78.0,86.5,1976,capped,80342,6.256485044836106e+18
2026-09-28T02:49:57Z,mining,1,100,0,78.58,697,4,4,65.056,78.0,86.3,1976,capped,80402,6.26119975069601e+18
2026-09-28T02:50:57Z,mining,1,100,0,78.58,699,4,4,68.556,77.0,86.1,1976,capped,80462,6.265914456555913e+18
2026-09-28T02:51:57Z,mining,1,100,0,78.58,699,4,4,66.073,78.0,86.4,1976,capped,80522,6.270629162415817e+18
2026-09-28T02:52:57Z,mining,1,100,0,78.58,700,4,4,68.582,78.0,86.3,1976,capped,80582,6.27534386827572e+18
2026-09-28T02:53:57Z,mining,1,100,0,79.75,702,4,4,69.03,78.0,86.4,1976,capped,80642,6.280128942879801e+18
2026-09-28T02:54:57Z,mining,1,100,0,78.58,703,4,4,65.796,78.0,86.3,1976,capped,80702,6.284843648739705e+18
2026-09-28T02:55:57Z,mining,1,100,0,78.58,703,4,4,67.217,78.0,86.6,1976,capped,80762,6.289558354599608e+18
2026-09-28T02:56:57Z,mining,1,100,0,78.58,703,4,4,62.99,70.0,87.5,1976,capped,80822,6.294273060459512e+18
2026-09-28T02:57:57Z,mining,1,100,0,78.58,703,4,4,65.636,77.0,86.4,1976,capped,80882,6.298987766319415e+18
2026-09-28T02:58:57Z,mining,1,99,0,78.58,703,4,4,68.552,79.0,86.8,1976,capped,80942,6.303702472179319e+18
2026-09-28T02:59:57Z,mining,1,99,0,78.58,704,4,4,68.901,79.0,87.0,1976,capped,81002,6.308417178039222e+18
2026-09-28T03:00:57Z,mining,1,98,0,78.58,705,4,4,68.802,79.0,87.0,1976,capped,81062,6.313131883899126e+18
2026-09-28T03:01:57Z,mining,1,99,0,79.75,705,4,4,68.498,79.0,86.7,1976,capped,81122,6.317916958503207e+18
2026-09-28T03:02:57Z,mining,1,100,0,79.75,706,4,4,67.06,78.0,86.7,1976,capped,81182,6.322702033107288e+18
2026-09-28T03:03:57Z,mining,1,98,0,76.23,709,4,4,69.029,79.0,86.8,1976,capped,81242,6.327276001478836e+18
2026-09-28T03:04:57Z,mining,1,98,0,78.58,709,4,4,68.803,79.0,87.0,1976,capped,81302,6.33199070733874e+18
2026-09-28T03:05:57Z,mining,1,99,0,78.58,709,4,4,68.714,79.0,87.0,1976,capped,81362,6.336705413198643e+18
2026-09-28T03:06:57Z,mining,1,98,0,79.75,709,4,4,69.334,79.0,87.0,1976,capped,81422,6.341490487802724e+18
2026-09-28T03:07:57Z,mining,1,98,0,78.58,709,4,4,68.771,79.0,86.8,1976,capped,81482,6.346205193662628e+18
2026-09-28T03:08:57Z,mining,1,99,0,79.75,710,4,4,68.755,79.0,86.7,1976,capped,81542,6.350990268266709e+18
2026-09-28T03:09:58Z,mining,1,98,0,77.41,711,4,4,69.423,79.0,86.8,1976,capped,81602,6.355634605382435e+18
2026-09-28T03:10:58Z,mining,1,98,0,76.23,711,4,4,68.61,79.0,86.7,1976,capped,81662,6.360208573753983e+18
2026-09-28T03:11:58Z,mining,1,98,0,76.23,711,4,4,69.517,79.0,86.9,1976,capped,81722,6.364782542125531e+18
2026-09-28T03:12:58Z,mining,1,97,0,78.58,711,4,4,68.059,79.0,85.1,1976,capped,81782,6.369497247985435e+18
2026-09-28T03:13:58Z,mining,1,99,0,78.58,711,4,4,69.056,79.0,86.9,1976,capped,81842,6.374211953845338e+18
2026-09-28T03:14:58Z,mining,1,98,0,77.41,712,4,4,69.383,79.0,86.7,1976,capped,81902,6.378856290961064e+18
2026-09-28T03:15:58Z,mining,1,98,0,79.75,712,4,4,69.513,79.0,86.9,1976,capped,81962,6.383641365565145e+18
2026-09-28T03:16:58Z,mining,1,99,0,77.41,713,4,4,67.538,79.0,86.5,1976,capped,82022,6.388285702680871e+18
2026-09-28T03:17:58Z,mining,1,100,0,79.75,713,4,4,60.715,69.0,85.8,1976,capped,82082,6.393070777284952e+18
2026-09-28T03:18:58Z,mining,1,99,0,77.41,713,4,4,67.957,79.0,86.9,1976,capped,82142,6.397715114400678e+18
2026-09-28T03:19:58Z,mining,1,99,0,79.75,714,4,4,68.085,79.0,86.5,1976,capped,82202,6.402500189004759e+18
2026-09-28T03:20:58Z,mining,1,98,0,78.58,714,4,4,67.578,80.0,87.6,1976,capped,82262,6.407214894864663e+18
2026-09-28T03:21:58Z,mining,1,99,0,77.41,715,4,4,66.934,79.0,86.8,1976,capped,82322,6.411859231980388e+18
2026-09-28T03:22:58Z,mining,1,98,0,78.58,716,4,4,69.838,79.0,87.0,1976,capped,82382,6.416573937840292e+18
2026-09-28T03:23:58Z,mining,1,98,0,76.23,716,4,4,69.627,79.0,86.8,1976,capped,82442,6.42114790621184e+18
2026-09-28T03:24:58Z,mining,1,99,0,78.58,716,4,4,69.363,79.0,87.0,1976,capped,82502,6.425862612071743e+18
2026-09-28T03:25:58Z,mining,1,99,0,78.58,717,4,4,68.935,79.0,86.8,1976,capped,82563,6.430647686675825e+18
2026-09-28T03:26:58Z,mining,1,100,0,78.58,717,4,4,66.147,77.0,86.5,1976,capped,82623,6.435362392535728e+18
2026-09-28T03:27:58Z,mining,1,100,0,78.58,718,4,4,64.429,78.0,86.6,1976,capped,82683,6.440077098395632e+18
2026-09-28T03:28:58Z,mining,1,100,0,79.75,718,4,4,69.388,79.0,87.2,1976,capped,82743,6.444862172999713e+18
2026-09-28T03:29:58Z,mining,1,96,0,76.23,719,4,4,65.17,78.0,86.1,1976,capped,82803,6.449436141371261e+18
2026-09-28T03:30:58Z,mining,1,99,0,75.06,719,4,4,67.683,78.0,87.2,1976,capped,82863,6.453939740998631e+18
2026-09-28T03:31:58Z,mining,1,100,0,78.58,719,4,4,64.175,77.0,86.6,1976,capped,82923,6.458654446858535e+18
2026-09-28T03:32:58Z,mining,1,100,0,79.75,719,4,4,67.199,78.0,86.9,1976,capped,82983,6.463439521462616e+18
2026-09-28T03:33:58Z,mining,1,100,0,78.58,719,4,4,67.389,78.0,86.9,1976,capped,83043,6.46815422732252e+18
2026-09-28T03:34:58Z,mining,1,100,0,78.58,719,4,4,68.912,78.0,87.1,1976,capped,83103,6.472868933182423e+18
2026-09-28T03:35:58Z,mining,1,100,0,77.41,719,4,4,68.45,78.0,87.5,1976,capped,83163,6.477513270298149e+18
2026-09-28T03:36:58Z,mining,1,100,0,79.75,719,4,4,68.03,78.0,87.2,1976,capped,83223,6.48229834490223e+18
2026-09-28T03:37:58Z,mining,1,100,0,79.75,720,4,4,68.185,78.0,87.2,1976,capped,83283,6.487083419506311e+18
2026-09-28T03:38:58Z,mining,1,100,0,77.41,723,4,4,67.14,78.0,86.9,1976,capped,83343,6.491727756622037e+18
2026-09-28T03:39:58Z,mining,1,100,0,76.23,725,4,4,68.124,78.0,87.3,1976,capped,83403,6.496301724993585e+18
2026-09-28T03:40:58Z,mining,1,100,0,78.58,725,4,4,67.764,78.0,87.2,1976,capped,83463,6.501016430853489e+18
2026-09-28T03:41:58Z,mining,1,100,0,78.58,725,4,4,66.145,77.0,86.6,1976,capped,83523,6.505731136713392e+18
2026-09-28T03:42:58Z,mining,1,100,0,77.41,726,4,4,66.322,78.0,87.2,1976,capped,83583,6.510375473829118e+18
2026-09-28T03:43:58Z,mining,1,100,0,79.75,726,4,4,68.116,78.0,87.4,1976,capped,83643,6.515160548433199e+18
2026-09-28T03:44:58Z,mining,1,100,0,78.58,727,4,4,67.938,78.0,87.2,1976,capped,83703,6.519875254293103e+18
2026-09-28T03:45:58Z,mining,1,100,0,78.58,727,4,4,68.401,78.0,87.2,1976,capped,83763,6.524589960153006e+18
2026-09-28T03:46:58Z,mining,1,100,0,79.75,730,4,4,68.268,78.0,87.3,1976,capped,83823,6.529375034757087e+18
2026-09-28T03:47:58Z,mining,1,100,0,78.58,731,4,4,68.267,78.0,87.4,1976,capped,83883,6.534089740616991e+18
2026-09-28T03:48:58Z,mining,1,99,0,78.58,732,4,4,68.157,79.0,87.1,1976,capped,83943,6.538804446476894e+18
2026-09-28T03:49:58Z,mining,1,100,0,78.58,732,4,4,67.977,78.0,87.2,1976,capped,84003,6.543519152336798e+18
2026-09-28T03:50:58Z,mining,1,100,0,78.58,733,4,4,67.887,78.0,87.2,1976,capped,84063,6.548233858196701e+18
2026-09-28T03:51:58Z,mining,1,100,0,78.58,734,4,4,65.833,77.0,86.9,1976,capped,84123,6.552948564056605e+18
2026-09-28T03:52:58Z,mining,1,100,0,78.58,734,4,4,68.436,78.0,87.4,1976,capped,84183,6.557663269916508e+18
2026-09-28T03:53:58Z,mining,1,100,0,76.23,736,4,4,66.381,78.0,87.1,1976,capped,84243,6.562237238288056e+18
2026-09-28T03:54:58Z,mining,1,100,0,78.58,737,4,4,68.265,78.0,87.3,1976,capped,84303,6.56695194414796e+18
2026-09-28T03:55:58Z,mining,1,100,0,78.58,738,4,4,68.388,78.0,87.4,1976,capped,84363,6.571666650007863e+18
2026-09-28T03:56:58Z,mining,1,100,0,78.58,740,4,4,65.411,77.0,87.3,1976,capped,84423,6.576381355867767e+18
2026-09-28T03:57:58Z,mining,1,99,0,78.58,744,4,4,68.403,79.0,87.5,1976,capped,84483,6.58109606172767e+18
2026-09-28T03:58:59Z,mining,1,99,0,78.58,745,4,4,67.926,79.0,87.4,1976,capped,84543,6.585810767587574e+18
2026-09-28T03:59:59Z,mining,1,99,0,79.75,745,4,4,67.929,79.0,87.2,1976,capped,84603,6.590595842191655e+18
2026-09-28T04:00:59Z,mining,1,99,0,78.58,745,4,4,68.398,79.0,87.3,1976,capped,84663,6.595310548051558e+18
2026-09-28T04:01:59Z,mining,1,99,0,76.23,745,4,4,69.036,79.0,87.8,1976,capped,84723,6.599884516423107e+18
2026-09-28T04:02:59Z,mining,1,98,0,79.75,746,4,4,68.998,79.0,87.9,1976,capped,84783,6.604669591027188e+18
2026-09-28T04:03:59Z,mining,1,99,0,79.75,746,4,4,69.031,79.0,87.8,1976,capped,84843,6.609454665631269e+18
2026-09-28T04:04:59Z,mining,1,99,0,77.41,746,4,4,65.701,79.0,87.4,1976,capped,84903,6.614099002746995e+18
2026-09-28T04:05:59Z,mining,1,99,0,78.58,748,4,4,68.9,79.0,87.4,1976,capped,84963,6.618813708606898e+18
2026-09-28T04:06:59Z,mining,1,100,0,77.41,749,4,4,66.162,77.0,87.3,1976,capped,85023,6.623458045722624e+18
2026-09-28T04:07:59Z,mining,1,99,0,78.58,750,4,4,68.767,79.0,87.6,1976,capped,85083,6.628172751582527e+18
2026-09-28T04:08:59Z,mining,1,98,0,79.75,750,4,4,68.424,79.0,87.5,1976,capped,85143,6.632957826186609e+18
2026-09-28T04:09:59Z,mining,1,99,0,78.58,751,4,4,68.005,79.0,87.4,1976,capped,85203,6.637672532046512e+18
2026-09-28T04:10:59Z,mining,1,98,0,78.58,752,4,4,68.988,79.0,87.5,1976,capped,85263,6.642387237906416e+18
2026-09-28T04:11:59Z,mining,1,99,0,78.58,752,4,4,66.224,79.0,87.3,1976,capped,85323,6.647101943766319e+18
2026-09-28T04:12:59Z,mining,1,100,0,78.58,752,4,4,66.176,78.0,87.4,1976,capped,85383,6.651816649626223e+18
2026-09-28T04:13:59Z,mining,1,99,0,78.58,753,4,4,68.921,79.0,87.5,1976,capped,85443,6.656531355486126e+18
2026-09-28T04:14:59Z,mining,1,99,0,78.58,754,4,4,69.258,79.0,87.7,1976,capped,85503,6.661316430090207e+18
2026-09-28T04:15:59Z,mining,1,98,0,77.41,755,4,4,69.26,79.0,87.5,1976,capped,85563,6.665890398461755e+18
2026-09-28T04:16:59Z,mining,1,99,0,79.75,759,4,4,69.513,79.0,87.4,1976,capped,85624,6.670745841810014e+18
2026-09-28T04:17:59Z,mining,1,99,0,78.58,760,4,4,69.168,79.0,87.6,1976,capped,85684,6.675460547669918e+18
2026-09-28T04:18:59Z,mining,1,98,0,77.41,760,4,4,69.462,79.0,87.3,1976,capped,85744,6.680104884785644e+18
2026-09-28T04:19:59Z,mining,1,98,0,79.75,760,4,4,69.403,79.0,87.5,1976,capped,85804,6.684889959389725e+18
2026-09-28T04:20:59Z,mining,1,100,0,77.41,761,4,4,67.809,79.0,88.5,1976,capped,85864,6.68953429650545e+18
2026-09-28T04:21:59Z,mining,1,100,0,76.23,761,4,4,67.045,78.0,87.4,1976,capped,85924,6.694108264876999e+18
2026-09-28T04:22:59Z,mining,1,100,0,78.58,762,4,4,67.161,77.0,87.5,1976,capped,85984,6.698822970736902e+18
2026-09-28T04:23:59Z,mining,1,99,0,78.58,763,4,4,68.028,79.0,87.7,1976,capped,86044,6.703537676596806e+18
2026-09-28T04:24:59Z,mining,1,99,0,77.41,764,4,4,69.125,79.0,87.5,1976,capped,86104,6.708182013712531e+18
2026-09-28T04:25:59Z,mining,1,100,0,78.58,764,4,4,66.891,78.0,87.6,1976,capped,86164,6.712896719572435e+18
2026-09-28T04:26:59Z,mining,1,100,0,78.58,765,4,4,67.084,78.0,87.6,1976,capped,86224,6.717611425432338e+18
2026-09-28T04:27:59Z,mining,1,100,0,78.58,766,4,4,64.191,77.0,86.9,1976,capped,86284,6.722326131292242e+18
2026-09-28T04:28:59Z,mining,1,100,0,78.58,767,4,4,68.455,78.0,88.0,1976,capped,86344,6.727040837152145e+18
2026-09-28T04:29:59Z,mining,1,100,0,79.75,767,4,4,67.461,78.0,87.9,1976,capped,86404,6.731825911756227e+18
2026-09-28T04:30:59Z,mining,1,100,0,79.75,767,4,4,67.449,78.0,87.9,1976,capped,86464,6.736610986360308e+18
