epoch_s,timestamp,power_draw_w,clocks_sm_mhz,temperature_gpu_c,clocks_event_reasons_active,acpitz_max_c
# start 1790483489 2026-09-27T04:31:29Z host=spark-def3 driver=580.178.04 interval_s=10
1790483489,2026/09/27 04:31:29.611,63.84,1976,74,0x0000000000000000,80.7
1790483499,2026/09/27 04:31:39.663,64.04,1976,75,0x0000000000000000,80.9
1790483509,2026/09/27 04:31:49.724,63.62,1976,74,0x0000000000000000,81.0
1790483519,2026/09/27 04:31:59.777,63.02,1976,75,0x0000000000000000,80.6
1790483529,2026/09/27 04:32:09.832,64.18,1976,74,0x0000000000000000,81.5
1790483539,2026/09/27 04:32:19.885,65.78,1976,75,0x0000000000000000,81.5
1790483549,2026/09/27 04:32:29.939,65.06,1976,75,0x0000000000000000,81.6
1790483560,2026/09/27 04:32:39.993,63.31,1976,75,0x0000000000000000,81.5
1790483570,2026/09/27 04:32:50.045,66.97,1976,76,0x0000000000000000,82.1
1790483580,2026/09/27 04:33:00.099,65.81,1976,76,0x0000000000000000,83.7
1790483590,2026/09/27 04:33:10.151,63.90,1976,75,0x0000000000000000,84.4
1790483600,2026/09/27 04:33:20.207,68.32,1976,76,0x0000000000000000,82.8
1790483610,2026/09/27 04:33:30.259,63.86,1976,75,0x0000000000000000,82.5
1790483620,2026/09/27 04:33:40.313,64.30,1976,76,0x0000000000000000,82.6
1790483630,2026/09/27 04:33:50.371,68.42,1976,76,0x0000000000000000,82.8
1790483640,2026/09/27 04:34:00.425,63.83,1976,76,0x0000000000000000,82.6
1790483650,2026/09/27 04:34:10.482,64.31,1976,75,0x0000000000000000,82.8
1790483660,2026/09/27 04:34:20.538,68.67,1976,77,0x0000000000000000,83.1
1790483670,2026/09/27 04:34:30.596,64.25,1976,76,0x0000000000000000,85.8
1790483680,2026/09/27 04:34:40.654,66.65,1976,77,0x0000000000000000,86.5
1790483690,2026/09/27 04:34:50.714,65.61,1976,76,0x0000000000000000,85.3
1790483700,2026/09/27 04:35:00.768,64.45,1976,77,0x0000000000000000,86.3
1790483710,2026/09/27 04:35:10.829,67.34,1976,78,0x0000000000000000,83.7
1790483720,2026/09/27 04:35:20.881,61.04,1976,77,0x0000000000000000,82.7
1790483730,2026/09/27 04:35:30.937,63.71,1976,77,0x0000000000000000,82.9
1790483741,2026/09/27 04:35:40.991,66.89,1976,77,0x0000000000000000,83.9
1790483751,2026/09/27 04:35:51.049,62.02,1976,76,0x0000000000000000,82.8
1790483761,2026/09/27 04:36:01.104,64.14,1976,77,0x0000000000000000,83.1
1790483771,2026/09/27 04:36:11.160,69.31,1976,77,0x0000000000000000,83.7
1790483781,2026/09/27 04:36:21.213,57.20,1976,76,0x0000000000000000,82.1
1790483791,2026/09/27 04:36:31.270,64.64,1976,77,0x0000000000000000,86.8
1790483801,2026/09/27 04:36:41.325,69.05,1976,77,0x0000000000000000,83.7
1790483811,2026/09/27 04:36:51.381,64.74,1976,77,0x0000000000000000,83.6
1790483821,2026/09/27 04:37:01.434,65.23,1976,77,0x0000000000000000,83.8
1790483831,2026/09/27 04:37:11.488,69.63,1976,78,0x0000000000000000,84.1
1790483841,2026/09/27 04:37:21.545,64.73,1976,77,0x0000000000000000,83.8
1790483851,2026/09/27 04:37:31.602,65.17,1976,77,0x0000000000000000,87.6
1790483861,2026/09/27 04:37:41.658,69.13,1976,77,0x0000000000000000,85.7
1790483871,2026/09/27 04:37:51.715,65.10,1976,77,0x0000000000000000,83.9
1790483881,2026/09/27 04:38:01.776,68.19,1976,78,0x0000000000000000,84.6
1790483891,2026/09/27 04:38:11.834,64.38,1976,77,0x0000000000000000,84.0
1790483901,2026/09/27 04:38:21.889,64.89,1976,77,0x0000000000000000,86.9
1790483911,2026/09/27 04:38:31.946,67.56,1976,79,0x0000000000000000,84.4
1790483922,2026/09/27 04:38:42.005,65.78,1976,77,0x0000000000000000,84.0
1790483932,2026/09/27 04:38:52.058,56.47,1976,77,0x0000000000000000,83.5
1790483942,2026/09/27 04:39:02.115,67.83,1976,78,0x0000000000000000,84.3
1790483952,2026/09/27 04:39:12.173,65.51,1976,78,0x0000000000000000,84.4
1790483962,2026/09/27 04:39:22.231,64.32,1976,77,0x0000000000000000,85.8
1790483972,2026/09/27 04:39:32.292,68.66,1976,78,0x0000000000000000,84.6
1790483982,2026/09/27 04:39:42.351,63.38,1976,77,0x0000000000000000,83.8
1790483992,2026/09/27 04:39:52.407,63.61,1976,77,0x0000000000000000,84.2
1790484002,2026/09/27 04:40:02.457,66.58,1976,77,0x0000000000000000,84.2
1790484012,2026/09/27 04:40:12.513,64.77,1976,77,0x0000000000000000,84.1
1790484022,2026/09/27 04:40:22.564,63.83,1976,77,0x0000000000000000,84.4
1790484032,2026/09/27 04:40:32.619,66.80,1976,77,0x0000000000000000,84.2
1790484042,2026/09/27 04:40:42.676,63.95,1976,77,0x0000000000000000,84.2
1790484052,2026/09/27 04:40:52.731,67.22,1976,79,0x0000000000000000,84.7
1790484062,2026/09/27 04:41:02.790,64.04,1976,77,0x0000000000000000,84.4
1790484072,2026/09/27 04:41:12.844,64.72,1976,78,0x0000000000000000,84.4
1790484082,2026/09/27 04:41:22.896,67.21,1976,79,0x0000000000000000,84.5
1790484092,2026/09/27 04:41:32.955,66.17,1976,78,0x0000000000000000,84.7
1790484103,2026/09/27 04:41:43.013,64.88,1976,77,0x0000000000000000,84.3
1790484113,2026/09/27 04:41:53.070,68.18,1976,79,0x0000000000000000,84.4
1790484123,2026/09/27 04:42:03.130,63.26,1976,78,0x0000000000000000,84.9
1790484133,2026/09/27 04:42:13.186,63.83,1976,77,0x0000000000000000,84.1
1790484143,2026/09/27 04:42:23.242,67.94,1976,77,0x0000000000000000,84.7
1790484153,2026/09/27 04:42:33.297,63.93,1976,77,0x0000000000000000,84.3
1790484163,2026/09/27 04:42:43.353,65.09,1976,78,0x0000000000000000,85.9
1790484173,2026/09/27 04:42:53.409,68.36,1976,78,0x0000000000000000,85.3
1790484183,2026/09/27 04:43:03.463,64.86,1976,78,0x0000000000000000,87.9
1790484193,2026/09/27 04:43:13.519,65.33,1976,78,0x0000000000000000,86.9
1790484203,2026/09/27 04:43:23.574,66.69,1976,76,0x0000000000000000,84.3
1790484213,2026/09/27 04:43:33.631,65.25,1976,77,0x0000000000000000,84.4
1790484223,2026/09/27 04:43:43.684,65.32,1976,79,0x0000000000000000,84.5
1790484233,2026/09/27 04:43:53.736,63.60,1976,78,0x0000000000000000,84.2
1790484243,2026/09/27 04:44:03.790,64.51,1976,78,0x0000000000000000,84.4
1790484253,2026/09/27 04:44:13.866,67.37,1976,78,0x0000000000000000,84.4
1790484263,2026/09/27 04:44:23.930,63.49,1976,78,0x0000000000000000,84.2
1790484273,2026/09/27 04:44:33.985,62.18,1976,76,0x0000000000000000,83.5
1790484284,2026/09/27 04:44:44.039,68.53,1976,79,0x0000000000000000,84.6
1790484294,2026/09/27 04:44:54.099,65.08,1976,77,0x0000000000000000,86.1
1790484304,2026/09/27 04:45:04.159,65.11,1976,78,0x0000000000000000,84.2
1790484314,2026/09/27 04:45:14.211,68.62,1976,79,0x0000000000000000,84.8
1790484324,2026/09/27 04:45:24.270,64.39,1976,78,0x0000000000000000,87.2
1790484334,2026/09/27 04:45:34.326,65.11,1976,78,0x0000000000000000,87.7
1790484344,2026/09/27 04:45:44.390,66.43,1976,77,0x0000000000000000,84.0
1790484354,2026/09/27 04:45:54.450,63.74,1976,77,0x0000000000000000,83.9
1790484364,2026/09/27 04:46:04.510,64.71,1976,78,0x0000000000000000,84.8
1790484374,2026/09/27 04:46:14.566,66.97,1976,77,0x0000000000000000,84.8
1790484384,2026/09/27 04:46:24.625,64.73,1976,78,0x0000000000000000,86.7
1790484394,2026/09/27 04:46:34.680,65.35,1976,78,0x0000000000000000,87.1
1790484404,2026/09/27 04:46:44.742,67.31,1976,76,0x0000000000000000,84.6
1790484414,2026/09/27 04:46:54.803,64.86,1976,78,0x0000000000000000,84.5
1790484424,2026/09/27 04:47:04.858,68.14,1976,79,0x0000000000000000,85.0
1790484434,2026/09/27 04:47:14.911,63.25,1976,77,0x0000000000000000,84.3
1790484444,2026/09/27 04:47:24.964,64.31,1976,77,0x0000000000000000,84.1
1790484455,2026/09/27 04:47:35.022,64.55,1976,78,0x0000000000000000,84.4
1790484465,2026/09/27 04:47:45.080,68.40,1976,78,0x0000000000000000,85.3
1790484475,2026/09/27 04:47:55.141,63.40,1976,77,0x0000000000000000,84.2
1790484485,2026/09/27 04:48:05.196,65.18,1976,78,0x0000000000000000,86.4
1790484495,2026/09/27 04:48:15.255,67.21,1976,77,0x0000000000000000,84.4
1790484505,2026/09/27 04:48:25.312,64.53,1976,77,0x0000000000000000,86.5
1790484515,2026/09/27 04:48:35.373,67.52,1976,78,0x0000000000000000,84.8
1790484525,2026/09/27 04:48:45.423,63.66,1976,77,0x0000000000000000,84.4
1790484535,2026/09/27 04:48:55.477,64.42,1976,78,0x0000000000000000,84.1
1790484545,2026/09/27 04:49:05.532,68.27,1976,78,0x0000000000000000,84.7
1790484555,2026/09/27 04:49:15.597,64.95,1976,77,0x0000000000000000,84.5
1790484565,2026/09/27 04:49:25.651,64.76,1976,77,0x0000000000000000,84.1
1790484575,2026/09/27 04:49:35.705,68.54,1976,79,0x0000000000000000,84.7
1790484585,2026/09/27 04:49:45.764,65.83,1976,78,0x0000000000000000,87.0
1790484595,2026/09/27 04:49:55.818,65.52,1976,78,0x0000000000000000,87.7
1790484605,2026/09/27 04:50:05.877,66.43,1976,77,0x0000000000000000,84.3
1790484615,2026/09/27 04:50:15.933,65.11,1976,78,0x0000000000000000,86.7
1790484626,2026/09/27 04:50:25.993,65.79,1976,79,0x0000000000000000,85.0
1790484636,2026/09/27 04:50:36.049,66.88,1976,78,0x0000000000000000,84.6
1790484646,2026/09/27 04:50:46.106,65.09,1976,78,0x0000000000000000,84.2
1790484656,2026/09/27 04:50:56.161,65.61,1976,78,0x0000000000000000,84.7
1790484666,2026/09/27 04:51:06.217,67.27,1976,78,0x0000000000000000,84.9
1790484676,2026/09/27 04:51:16.274,64.97,1976,78,0x0000000000000000,84.9
1790484686,2026/09/27 04:51:26.330,66.01,1976,78,0x0000000000000000,85.1
1790484696,2026/09/27 04:51:36.384,66.62,1976,78,0x0000000000000000,84.2
1790484706,2026/09/27 04:51:46.440,65.14,1976,77,0x0000000000000000,86.5
1790484716,2026/09/27 04:51:56.498,66.21,1976,78,0x0000000000000000,84.7
1790484726,2026/09/27 04:52:06.555,66.11,1976,78,0x0000000000000000,86.4
1790484736,2026/09/27 04:52:16.611,64.56,1976,78,0x0000000000000000,87.2
1790484746,2026/09/27 04:52:26.666,66.32,1976,79,0x0000000000000000,85.1
1790484756,2026/09/27 04:52:36.724,66.03,1976,77,0x0000000000000000,86.5
1790484766,2026/09/27 04:52:46.777,64.64,1976,78,0x0000000000000000,86.8
1790484776,2026/09/27 04:52:56.833,66.10,1976,78,0x0000000000000000,84.5
1790484786,2026/09/27 04:53:06.893,64.91,1976,78,0x0000000000000000,84.4
1790484796,2026/09/27 04:53:16.950,66.28,1976,79,0x0000000000000000,86.1
1790484807,2026/09/27 04:53:27.003,67.67,1976,78,0x0000000000000000,84.9
1790484817,2026/09/27 04:53:37.056,65.03,1976,77,0x0000000000000000,86.5
1790484827,2026/09/27 04:53:47.113,65.43,1976,79,0x0000000000000000,84.7
1790484837,2026/09/27 04:53:57.160,65.99,1976,77,0x0000000000000000,84.7
1790484847,2026/09/27 04:54:07.217,64.70,1976,78,0x0000000000000000,84.3
1790484857,2026/09/27 04:54:17.270,66.27,1976,79,0x0000000000000000,84.6
1790484867,2026/09/27 04:54:27.325,66.89,1976,78,0x0000000000000000,84.8
1790484877,2026/09/27 04:54:37.380,64.69,1976,78,0x0000000000000000,84.5
1790484887,2026/09/27 04:54:47.433,65.42,1976,77,0x0000000000000000,84.6
1790484897,2026/09/27 04:54:57.489,66.23,1976,77,0x0000000000000000,84.4
1790484907,2026/09/27 04:55:07.542,65.21,1976,78,0x0000000000000000,84.3
1790484917,2026/09/27 04:55:17.599,65.69,1976,77,0x0000000000000000,84.6
1790484927,2026/09/27 04:55:27.652,65.86,1976,78,0x0000000000000000,84.2
1790484937,2026/09/27 04:55:37.709,65.36,1976,77,0x0000000000000000,84.2
1790484947,2026/09/27 04:55:47.760,65.91,1976,78,0x0000000000000000,84.6
1790484957,2026/09/27 04:55:57.816,65.79,1976,77,0x0000000000000000,84.5
1790484967,2026/09/27 04:56:07.874,65.94,1976,78,0x0000000000000000,84.4
1790484977,2026/09/27 04:56:17.930,66.23,1976,77,0x0000000000000000,83.9
1790484988,2026/09/27 04:56:27.988,65.22,1976,78,0x0000000000000000,84.1
1790484998,2026/09/27 04:56:38.046,66.14,1976,79,0x0000000000000000,84.2
1790485008,2026/09/27 04:56:48.098,66.42,1976,77,0x0000000000000000,83.7
1790485018,2026/09/27 04:56:58.153,64.43,1976,77,0x0000000000000000,83.7
1790485028,2026/09/27 04:57:08.204,66.31,1976,79,0x0000000000000000,84.1
1790485038,2026/09/27 04:57:18.260,65.43,1976,77,0x0000000000000000,84.5
1790485048,2026/09/27 04:57:28.317,64.81,1976,77,0x0000000000000000,85.8
1790485058,2026/09/27 04:57:38.374,66.30,1976,79,0x0000000000000000,84.5
1790485068,2026/09/27 04:57:48.433,65.38,1976,78,0x0000000000000000,84.0
1790485078,2026/09/27 04:57:58.497,64.72,1976,77,0x0000000000000000,84.0
1790485088,2026/09/27 04:58:08.550,66.19,1976,78,0x0000000000000000,84.5
1790485098,2026/09/27 04:58:18.602,62.96,1976,77,0x0000000000000000,84.0
1790485108,2026/09/27 04:58:28.659,64.75,1976,78,0x0000000000000000,84.2
1790485118,2026/09/27 04:58:38.712,66.09,1976,77,0x0000000000000000,84.5
1790485128,2026/09/27 04:58:48.769,65.26,1976,77,0x0000000000000000,84.2
1790485138,2026/09/27 04:58:58.824,64.77,1976,77,0x0000000000000000,84.3
1790485148,2026/09/27 04:59:08.877,66.50,1976,77,0x0000000000000000,84.2
1790485158,2026/09/27 04:59:18.932,64.08,1976,77,0x0000000000000000,84.1
1790485169,2026/09/27 04:59:28.990,66.31,1976,79,0x0000000000000000,84.3
1790485179,2026/09/27 04:59:39.046,64.91,1976,78,0x0000000000000000,84.3
1790485189,2026/09/27 04:59:49.103,64.82,1976,77,0x0000000000000000,83.9
1790485199,2026/09/27 04:59:59.159,66.88,1976,79,0x0000000000000000,84.2
1790485209,2026/09/27 05:00:09.211,65.90,1976,77,0x0000000000000000,84.1
1790485219,2026/09/27 05:00:19.268,65.26,1976,78,0x0000000000000000,84.4
1790485229,2026/09/27 05:00:29.322,66.58,1976,79,0x0000000000000000,84.3
1790485239,2026/09/27 05:00:39.377,65.13,1976,78,0x0000000000000000,84.4
1790485249,2026/09/27 05:00:49.433,64.85,1976,77,0x0000000000000000,84.2
1790485259,2026/09/27 05:00:59.484,66.15,1976,78,0x0000000000000000,84.4
1790485269,2026/09/27 05:01:09.538,62.45,1976,77,0x0000000000000000,83.9
1790485279,2026/09/27 05:01:19.590,65.00,1976,78,0x0000000000000000,84.1
1790485289,2026/09/27 05:01:29.648,66.63,1976,78,0x0000000000000000,84.4
1790485299,2026/09/27 05:01:39.703,62.96,1976,78,0x0000000000000000,83.9
1790485309,2026/09/27 05:01:49.762,65.34,1976,77,0x0000000000000000,84.4
1790485319,2026/09/27 05:01:59.816,66.34,1976,77,0x0000000000000000,84.6
1790485329,2026/09/27 05:02:09.874,62.95,1976,77,0x0000000000000000,84.9
1790485339,2026/09/27 05:02:19.933,66.07,1976,78,0x0000000000000000,86.6
1790485350,2026/09/27 05:02:29.990,65.70,1976,77,0x0000000000000000,84.2
1790485360,2026/09/27 05:02:40.050,64.47,1976,77,0x0000000000000000,84.2
1790485370,2026/09/27 05:02:50.104,65.79,1976,78,0x0000000000000000,84.5
1790485380,2026/09/27 05:03:00.159,66.23,1976,76,0x0000000000000000,84.2
1790485390,2026/09/27 05:03:10.214,64.39,1976,77,0x0000000000000000,84.1
1790485400,2026/09/27 05:03:20.265,66.97,1976,78,0x0000000000000000,84.8
1790485410,2026/09/27 05:03:30.316,64.93,1976,77,0x0000000000000000,84.6
1790485420,2026/09/27 05:03:40.373,64.22,1976,77,0x0000000000000000,84.0
1790485430,2026/09/27 05:03:50.428,66.81,1976,79,0x0000000000000000,84.5
1790485440,2026/09/27 05:04:00.481,65.21,1976,77,0x0000000000000000,84.5
1790485450,2026/09/27 05:04:10.534,64.91,1976,78,0x0000000000000000,86.3
1790485460,2026/09/27 05:04:20.594,66.69,1976,78,0x0000000000000000,84.4
1790485470,2026/09/27 05:04:30.652,65.66,1976,78,0x0000000000000000,85.1
1790485480,2026/09/27 05:04:40.710,64.80,1976,77,0x0000000000000000,86.4
1790485490,2026/09/27 05:04:50.765,66.63,1976,78,0x0000000000000000,84.5
1790485500,2026/09/27 05:05:00.823,64.84,1976,77,0x0000000000000000,84.4
1790485510,2026/09/27 05:05:10.876,64.89,1976,78,0x0000000000000000,84.8
1790485520,2026/09/27 05:05:20.930,66.79,1976,78,0x0000000000000000,84.7
1790485530,2026/09/27 05:05:30.985,64.02,1976,78,0x0000000000000000,84.1
1790485541,2026/09/27 05:05:41.040,66.94,1976,79,0x0000000000000000,84.6
1790485551,2026/09/27 05:05:51.098,64.31,1976,77,0x0000000000000000,84.2
1790485561,2026/09/27 05:06:01.152,64.96,1976,78,0x0000000000000000,87.2
1790485571,2026/09/27 05:06:11.209,66.58,1976,79,0x0000000000000000,84.8
1790485581,2026/09/27 05:06:21.267,65.42,1976,78,0x0000000000000000,84.8
1790485591,2026/09/27 05:06:31.323,65.17,1976,78,0x0000000000000000,84.6
1790485601,2026/09/27 05:06:41.381,66.45,1976,79,0x0000000000000000,84.5
1790485611,2026/09/27 05:06:51.436,65.33,1976,78,0x0000000000000000,84.5
1790485621,2026/09/27 05:07:01.490,65.12,1976,77,0x0000000000000000,87.6
1790485631,2026/09/27 05:07:11.549,65.86,1976,78,0x0000000000000000,84.4
1790485641,2026/09/27 05:07:21.607,65.29,1976,77,0x0000000000000000,86.0
1790485651,2026/09/27 05:07:31.665,65.09,1976,78,0x0000000000000000,87.9
1790485661,2026/09/27 05:07:41.724,66.93,1976,78,0x0000000000000000,84.8
1790485671,2026/09/27 05:07:51.781,65.09,1976,78,0x0000000000000000,84.8
1790485681,2026/09/27 05:08:01.837,64.91,1976,77,0x0000000000000000,84.8
1790485691,2026/09/27 05:08:11.890,66.49,1976,78,0x0000000000000000,85.0
1790485701,2026/09/27 05:08:21.946,63.56,1976,77,0x0000000000000000,84.5
1790485712,2026/09/27 05:08:32.010,66.01,1976,79,0x0000000000000000,84.7
1790485722,2026/09/27 05:08:42.065,64.51,1976,78,0x0000000000000000,84.7
1790485732,2026/09/27 05:08:52.121,56.77,1976,70,0x0000000000000000,82.8
1790485742,2026/09/27 05:09:02.178,66.74,1976,79,0x0000000000000000,84.8
1790485752,2026/09/27 05:09:12.232,63.76,1976,78,0x0000000000000000,84.2
1790485762,2026/09/27 05:09:22.286,64.34,1976,77,0x0000000000000000,86.9
1790485772,2026/09/27 05:09:32.345,66.37,1976,79,0x0000000000000000,84.7
1790485782,2026/09/27 05:09:42.399,64.51,1976,77,0x0000000000000000,84.6
1790485792,2026/09/27 05:09:52.453,64.93,1976,78,0x0000000000000000,84.7
1790485802,2026/09/27 05:10:02.503,66.86,1976,79,0x0000000000000000,85.0
1790485812,2026/09/27 05:10:12.559,64.73,1976,78,0x0000000000000000,84.3
1790485822,2026/09/27 05:10:22.611,64.86,1976,78,0x0000000000000000,86.9
1790485832,2026/09/27 05:10:32.668,67.71,1976,78,0x0000000000000000,84.9
1790485842,2026/09/27 05:10:42.722,65.21,1976,78,0x0000000000000000,85.2
1790485852,2026/09/27 05:10:52.777,64.55,1976,78,0x0000000000000000,84.3
1790485862,2026/09/27 05:11:02.830,67.14,1976,78,0x0000000000000000,84.9
1790485872,2026/09/27 05:11:12.889,64.59,1976,78,0x0000000000000000,84.4
1790485882,2026/09/27 05:11:22.947,64.25,1976,77,0x0000000000000000,84.6
1790485893,2026/09/27 05:11:33.013,67.08,1976,79,0x0000000000000000,84.6
1790485903,2026/09/27 05:11:43.070,64.57,1976,78,0x0000000000000000,84.6
1790485913,2026/09/27 05:11:53.125,64.59,1976,79,0x0000000000000000,84.4
1790485923,2026/09/27 05:12:03.177,64.70,1976,76,0x0000000000000000,84.3
1790485933,2026/09/27 05:12:13.233,64.33,1976,78,0x0000000000000000,84.5
1790485943,2026/09/27 05:12:23.288,66.45,1976,78,0x0000000000000000,84.7
1790485953,2026/09/27 05:12:33.343,65.67,1976,77,0x0000000000000000,84.1
1790485963,2026/09/27 05:12:43.397,64.58,1976,78,0x0000000000000000,84.2
1790485973,2026/09/27 05:12:53.453,66.77,1976,79,0x0000000000000000,84.6
1790485983,2026/09/27 05:13:03.511,65.09,1976,77,0x0000000000000000,83.9
1790485993,2026/09/27 05:13:13.567,64.71,1976,77,0x0000000000000000,86.8
1790486003,2026/09/27 05:13:23.622,69.10,1976,79,0x0000000000000000,84.7
1790486013,2026/09/27 05:13:33.679,61.70,1976,77,0x0000000000000000,83.9
1790486023,2026/09/27 05:13:43.729,64.34,1976,77,0x0000000000000000,84.3
1790486033,2026/09/27 05:13:53.781,69.24,1976,79,0x0000000000000000,84.8
1790486043,2026/09/27 05:14:03.831,60.76,1976,77,0x0000000000000000,83.8
1790486053,2026/09/27 05:14:13.881,65.27,1976,77,0x0000000000000000,84.5
1790486063,2026/09/27 05:14:23.946,67.13,1976,77,0x0000000000000000,84.3
1790486074,2026/09/27 05:14:33.998,62.33,1976,77,0x0000000000000000,84.1
1790486084,2026/09/27 05:14:44.071,66.22,1976,78,0x0000000000000000,84.6
1790486094,2026/09/27 05:14:54.128,63.91,1976,76,0x0000000000000000,84.0
1790486104,2026/09/27 05:15:04.186,63.83,1976,78,0x0000000000000000,85.5
1790486114,2026/09/27 05:15:14.240,66.74,1976,78,0x0000000000000000,86.6
1790486124,2026/09/27 05:15:24.293,63.37,1976,76,0x0000000000000000,84.2
1790486134,2026/09/27 05:15:34.349,63.86,1976,77,0x0000000000000000,83.7
1790486144,2026/09/27 05:15:44.408,65.93,1976,77,0x0000000000000000,84.6
1790486154,2026/09/27 05:15:54.460,64.07,1976,76,0x0000000000000000,83.9
1790486164,2026/09/27 05:16:04.515,56.69,1976,77,0x0000000000000000,83.4
1790486174,2026/09/27 05:16:14.570,68.86,1976,79,0x0000000000000000,84.7
1790486184,2026/09/27 05:16:24.642,64.67,1976,77,0x0000000000000000,87.0
1790486194,2026/09/27 05:16:34.698,64.25,1976,78,0x0000000000000000,84.9
1790486204,2026/09/27 05:16:44.755,69.46,1976,79,0x0000000000000000,84.8
1790486214,2026/09/27 05:16:54.818,63.70,1976,78,0x0000000000000000,84.2
1790486224,2026/09/27 05:17:04.879,64.34,1976,77,0x0000000000000000,84.5
1790486234,2026/09/27 05:17:14.932,66.96,1976,78,0x0000000000000000,84.5
1790486244,2026/09/27 05:17:24.986,61.05,1976,77,0x0000000000000000,84.2
1790486255,2026/09/27 05:17:35.041,64.39,1976,78,0x0000000000000000,84.3
1790486265,2026/09/27 05:17:45.095,63.72,1976,78,0x0000000000000000,84.8
1790486275,2026/09/27 05:17:55.149,64.63,1976,78,0x0000000000000000,84.5
1790486285,2026/09/27 05:18:05.203,66.33,1976,78,0x0000000000000000,85.0
1790486295,2026/09/27 05:18:15.260,65.78,1976,78,0x0000000000000000,84.5
1790486305,2026/09/27 05:18:25.318,62.10,1976,77,0x0000000000000000,83.8
1790486315,2026/09/27 05:18:35.373,65.51,1976,77,0x0000000000000000,84.6
1790486325,2026/09/27 05:18:45.430,65.24,1976,78,0x0000000000000000,84.3
1790486335,2026/09/27 05:18:55.491,63.84,1976,78,0x0000000000000000,84.3
1790486345,2026/09/27 05:19:05.541,65.28,1976,77,0x0000000000000000,84.8
1790486355,2026/09/27 05:19:15.594,65.64,1976,78,0x0000000000000000,84.3
1790486365,2026/09/27 05:19:25.644,64.98,1976,79,0x0000000000000000,84.6
1790486375,2026/09/27 05:19:35.697,66.08,1976,78,0x0000000000000000,84.9
1790486385,2026/09/27 05:19:45.755,56.93,1976,78,0x0000000000000000,83.9
1790486395,2026/09/27 05:19:55.809,65.43,1976,78,0x0000000000000000,85.0
1790486405,2026/09/27 05:20:05.868,65.85,1976,78,0x0000000000000000,84.7
1790486415,2026/09/27 05:20:15.923,64.82,1976,78,0x0000000000000000,85.5
1790486425,2026/09/27 05:20:25.978,66.21,1976,79,0x0000000000000000,85.1
1790486436,2026/09/27 05:20:36.039,65.67,1976,78,0x0000000000000000,85.2
1790486446,2026/09/27 05:20:46.094,63.28,1976,78,0x0000000000000000,87.2
1790486456,2026/09/27 05:20:56.150,67.60,1976,79,0x0000000000000000,85.4
1790486466,2026/09/27 05:21:06.215,65.83,1976,78,0x0000000000000000,85.0
1790486476,2026/09/27 05:21:16.271,64.95,1976,79,0x0000000000000000,86.9
1790486486,2026/09/27 05:21:26.331,66.76,1976,78,0x0000000000000000,85.1
1790486496,2026/09/27 05:21:36.389,65.38,1976,78,0x0000000000000000,85.9
1790486506,2026/09/27 05:21:46.447,64.88,1976,78,0x0000000000000000,84.7
1790486516,2026/09/27 05:21:56.501,67.75,1976,78,0x0000000000000000,84.9
1790486526,2026/09/27 05:22:06.563,65.28,1976,78,0x0000000000000000,84.6
1790486536,2026/09/27 05:22:16.621,64.57,1976,77,0x0000000000000000,84.7
1790486546,2026/09/27 05:22:26.670,66.47,1976,78,0x0000000000000000,84.8
1790486556,2026/09/27 05:22:36.729,64.29,1976,77,0x0000000000000000,86.2
1790486566,2026/09/27 05:22:46.784,65.48,1976,79,0x0000000000000000,84.9
1790486576,2026/09/27 05:22:56.837,66.45,1976,77,0x0000000000000000,84.9
1790486586,2026/09/27 05:23:06.896,64.57,1976,78,0x0000000000000000,83.8
1790486596,2026/09/27 05:23:16.950,66.46,1976,79,0x0000000000000000,84.5
1790486607,2026/09/27 05:23:27.011,66.53,1976,78,0x0000000000000000,84.4
1790486617,2026/09/27 05:23:37.068,64.33,1976,77,0x0000000000000000,84.4
1790486627,2026/09/27 05:23:47.133,66.43,1976,79,0x0000000000000000,84.8
1790486637,2026/09/27 05:23:57.187,66.07,1976,77,0x0000000000000000,86.2
1790486647,2026/09/27 05:24:07.244,65.37,1976,78,0x0000000000000000,86.8
1790486657,2026/09/27 05:24:17.308,66.62,1976,77,0x0000000000000000,84.6
1790486667,2026/09/27 05:24:27.363,65.39,1976,78,0x0000000000000000,84.7
1790486677,2026/09/27 05:24:37.418,64.74,1976,77,0x0000000000000000,84.4
1790486687,2026/09/27 05:24:47.475,65.48,1976,79,0x0000000000000000,84.3
1790486697,2026/09/27 05:24:57.532,65.60,1976,78,0x0000000000000000,84.6
1790486707,2026/09/27 05:25:07.585,65.06,1976,78,0x0000000000000000,84.6
1790486717,2026/09/27 05:25:17.635,65.67,1976,77,0x0000000000000000,84.8
1790486727,2026/09/27 05:25:27.693,64.49,1976,78,0x0000000000000000,84.6
1790486737,2026/09/27 05:25:37.744,66.32,1976,79,0x0000000000000000,84.8
1790486747,2026/09/27 05:25:47.803,64.80,1976,78,0x0000000000000000,84.7
1790486757,2026/09/27 05:25:57.858,56.74,1976,77,0x0000000000000000,83.6
1790486767,2026/09/27 05:26:07.911,66.15,1976,79,0x0000000000000000,84.5
1790486777,2026/09/27 05:26:17.971,64.82,1976,77,0x0000000000000000,84.2
1790486788,2026/09/27 05:26:28.030,64.54,1976,78,0x0000000000000000,84.5
1790486798,2026/09/27 05:26:38.085,66.21,1976,79,0x0000000000000000,84.5
1790486808,2026/09/27 05:26:48.144,65.05,1976,78,0x0000000000000000,84.2
1790486818,2026/09/27 05:26:58.198,64.75,1976,77,0x0000000000000000,85.9
1790486828,2026/09/27 05:27:08.251,66.69,1976,77,0x0000000000000000,84.6
1790486838,2026/09/27 05:27:18.301,64.48,1976,76,0x0000000000000000,84.2
1790486848,2026/09/27 05:27:28.359,65.31,1976,77,0x0000000000000000,84.3
1790486858,2026/09/27 05:27:38.412,66.02,1976,77,0x0000000000000000,84.6
1790486868,2026/09/27 05:27:48.465,65.35,1976,77,0x0000000000000000,86.3
1790486878,2026/09/27 05:27:58.523,65.16,1976,77,0x0000000000000000,86.6
1790486888,2026/09/27 05:28:08.578,66.17,1976,77,0x0000000000000000,84.3
1790486898,2026/09/27 05:28:18.643,65.07,1976,77,0x0000000000000000,84.1
1790486908,2026/09/27 05:28:28.701,66.56,1976,79,0x0000000000000000,88.1
1790486918,2026/09/27 05:28:38.755,65.10,1976,78,0x0000000000000000,84.5
1790486928,2026/09/27 05:28:48.815,64.49,1976,78,0x0000000000000000,84.2
1790486938,2026/09/27 05:28:58.872,66.37,1976,79,0x0000000000000000,84.7
1790486948,2026/09/27 05:29:08.931,64.79,1976,77,0x0000000000000000,84.3
1790486958,2026/09/27 05:29:18.984,64.34,1976,78,0x0000000000000000,85.9
1790486969,2026/09/27 05:29:29.045,66.45,1976,79,0x0000000000000000,84.6
1790486979,2026/09/27 05:29:39.097,65.05,1976,78,0x0000000000000000,84.4
1790486989,2026/09/27 05:29:49.150,64.32,1976,77,0x0000000000000000,84.4
1790486999,2026/09/27 05:29:59.203,66.88,1976,79,0x0000000000000000,84.8
1790487009,2026/09/27 05:30:09.253,65.28,1976,78,0x0000000000000000,84.3
1790487019,2026/09/27 05:30:19.313,64.99,1976,78,0x0000000000000000,85.6
1790487029,2026/09/27 05:30:29.367,69.67,1976,79,0x0000000000000000,85.6
1790487039,2026/09/27 05:30:39.421,65.03,1976,78,0x0000000000000000,84.1
1790487049,2026/09/27 05:30:49.473,65.08,1976,77,0x0000000000000000,87.6
1790487059,2026/09/27 05:30:59.530,67.44,1976,77,0x0000000000000000,84.7
1790487069,2026/09/27 05:31:09.588,65.22,1976,77,0x0000000000000000,86.5
1790487079,2026/09/27 05:31:19.644,65.37,1976,78,0x0000000000000000,84.5
1790487089,2026/09/27 05:31:29.699,66.49,1976,78,0x0000000000000000,84.3
1790487099,2026/09/27 05:31:39.757,64.72,1976,78,0x0000000000000000,84.4
1790487109,2026/09/27 05:31:49.817,67.10,1976,79,0x0000000000000000,87.1
1790487119,2026/09/27 05:31:59.872,64.19,1976,76,0x0000000000000000,83.8
1790487129,2026/09/27 05:32:09.928,65.18,1976,77,0x0000000000000000,85.9
1790487140,2026/09/27 05:32:19.984,66.53,1976,79,0x0000000000000000,84.5
1790487150,2026/09/27 05:32:30.047,64.38,1976,77,0x0000000000000000,84.1
1790487160,2026/09/27 05:32:40.107,65.03,1976,78,0x0000000000000000,86.9
1790487170,2026/09/27 05:32:50.173,66.49,1976,79,0x0000000000000000,84.3
1790487180,2026/09/27 05:33:00.223,64.28,1976,77,0x0000000000000000,84.2
1790487190,2026/09/27 05:33:10.279,64.12,1976,77,0x0000000000000000,83.9
1790487200,2026/09/27 05:33:20.335,68.92,1976,78,0x0000000000000000,84.8
1790487210,2026/09/27 05:33:30.391,64.90,1976,77,0x0000000000000000,83.8
1790487220,2026/09/27 05:33:40.442,64.58,1976,77,0x0000000000000000,84.0
1790487230,2026/09/27 05:33:50.495,66.56,1976,78,0x0000000000000000,84.2
1790487240,2026/09/27 05:34:00.550,65.08,1976,77,0x0000000000000000,83.5
1790487250,2026/09/27 05:34:10.608,64.71,1976,77,0x0000000000000000,86.2
1790487260,2026/09/27 05:34:20.662,68.76,1976,78,0x0000000000000000,85.9
1790487270,2026/09/27 05:34:30.720,64.96,1976,77,0x0000000000000000,86.2
1790487280,2026/09/27 05:34:40.777,66.98,1976,78,0x0000000000000000,84.5
1790487290,2026/09/27 05:34:50.837,64.55,1976,78,0x0000000000000000,83.8
1790487300,2026/09/27 05:35:00.896,64.94,1976,77,0x0000000000000000,86.3
1790487310,2026/09/27 05:35:10.949,67.01,1976,79,0x0000000000000000,84.5
1790487321,2026/09/27 05:35:21.000,64.04,1976,77,0x0000000000000000,84.5
1790487331,2026/09/27 05:35:31.054,64.88,1976,77,0x0000000000000000,86.8
1790487341,2026/09/27 05:35:41.111,67.34,1976,79,0x0000000000000000,84.5
1790487351,2026/09/27 05:35:51.167,63.81,1976,77,0x0000000000000000,84.1
1790487361,2026/09/27 05:36:01.220,64.06,1976,77,0x0000000000000000,83.9
1790487371,2026/09/27 05:36:11.279,66.88,1976,77,0x0000000000000000,84.2
1790487381,2026/09/27 05:36:21.334,64.22,1976,77,0x0000000000000000,84.2
1790487391,2026/09/27 05:36:31.391,63.82,1976,78,0x0000000000000000,83.6
1790487401,2026/09/27 05:36:41.450,69.63,1976,79,0x0000000000000000,85.3
1790487411,2026/09/27 05:36:51.512,65.00,1976,78,0x0000000000000000,84.3
1790487421,2026/09/27 05:37:01.570,64.76,1976,76,0x0000000000000000,84.3
1790487431,2026/09/27 05:37:11.625,67.29,1976,77,0x0000000000000000,84.4
1790487441,2026/09/27 05:37:21.683,55.90,1976,77,0x0000000000000000,83.0
1790487451,2026/09/27 05:37:31.737,65.31,1976,77,0x0000000000000000,84.4
1790487461,2026/09/27 05:37:41.793,64.81,1976,77,0x0000000000000000,84.2
1790487471,2026/09/27 05:37:51.844,64.58,1976,77,0x0000000000000000,84.1
1790487481,2026/09/27 05:38:01.900,67.93,1976,79,0x0000000000000000,84.7
1790487491,2026/09/27 05:38:11.960,64.39,1976,77,0x0000000000000000,84.1
1790487502,2026/09/27 05:38:22.016,64.77,1976,77,0x0000000000000000,86.8
1790487512,2026/09/27 05:38:32.070,67.32,1976,79,0x0000000000000000,84.6
1790487522,2026/09/27 05:38:42.127,64.69,1976,78,0x0000000000000000,84.4
1790487532,2026/09/27 05:38:52.181,63.60,1976,77,0x0000000000000000,83.7
1790487542,2026/09/27 05:39:02.238,67.44,1976,79,0x0000000000000000,84.6
1790487552,2026/09/27 05:39:12.293,65.10,1976,76,0x0000000000000000,83.5
1790487562,2026/09/27 05:39:22.347,64.35,1976,77,0x0000000000000000,87.3
1790487572,2026/09/27 05:39:32.404,67.32,1976,77,0x0000000000000000,84.4
1790487582,2026/09/27 05:39:42.465,63.91,1976,76,0x0000000000000000,84.7
1790487592,2026/09/27 05:39:52.550,64.90,1976,77,0x0000000000000000,86.3
1790487602,2026/09/27 05:40:02.607,67.50,1976,77,0x0000000000000000,84.6
1790487612,2026/09/27 05:40:12.661,64.01,1976,77,0x0000000000000000,84.2
1790487622,2026/09/27 05:40:22.717,64.64,1976,77,0x0000000000000000,84.4
1790487632,2026/09/27 05:40:32.769,66.46,1976,78,0x0000000000000000,84.1
1790487642,2026/09/27 05:40:42.825,64.72,1976,78,0x0000000000000000,84.0
1790487652,2026/09/27 05:40:52.878,66.84,1976,79,0x0000000000000000,88.2
1790487662,2026/09/27 05:41:02.938,63.31,1976,75,0x0000000000000000,84.3
1790487673,2026/09/27 05:41:12.998,65.08,1976,77,0x0000000000000000,84.3
1790487683,2026/09/27 05:41:23.055,67.61,1976,79,0x0000000000000000,84.6
1790487693,2026/09/27 05:41:33.111,63.75,1976,77,0x0000000000000000,84.3
1790487703,2026/09/27 05:41:43.171,64.67,1976,78,0x0000000000000000,84.8
1790487713,2026/09/27 05:41:53.226,67.51,1976,79,0x0000000000000000,84.5
1790487723,2026/09/27 05:42:03.283,63.86,1976,78,0x0000000000000000,84.1
1790487733,2026/09/27 05:42:13.339,64.48,1976,76,0x0000000000000000,84.2
1790487743,2026/09/27 05:42:23.395,67.32,1976,77,0x0000000000000000,84.7
1790487753,2026/09/27 05:42:33.450,64.35,1976,77,0x0000000000000000,84.3
1790487763,2026/09/27 05:42:43.504,64.48,1976,77,0x0000000000000000,85.2
1790487773,2026/09/27 05:42:53.563,66.81,1976,77,0x0000000000000000,84.4
1790487783,2026/09/27 05:43:03.619,64.29,1976,77,0x0000000000000000,85.0
1790487793,2026/09/27 05:43:13.675,64.43,1976,77,0x0000000000000000,84.8
1790487803,2026/09/27 05:43:23.734,66.71,1976,77,0x0000000000000000,84.5
1790487813,2026/09/27 05:43:33.793,64.62,1976,78,0x0000000000000000,84.7
1790487823,2026/09/27 05:43:43.851,67.56,1976,79,0x0000000000000000,86.7
1790487833,2026/09/27 05:43:53.917,63.83,1976,78,0x0000000000000000,84.5
1790487843,2026/09/27 05:44:03.973,64.58,1976,77,0x0000000000000000,84.3
1790487854,2026/09/27 05:44:14.027,67.68,1976,79,0x0000000000000000,84.9
1790487864,2026/09/27 05:44:24.082,65.66,1976,78,0x0000000000000000,84.8
1790487874,2026/09/27 05:44:34.135,64.05,1976,77,0x0000000000000000,83.7
1790487884,2026/09/27 05:44:44.184,67.71,1976,78,0x0000000000000000,85.1
1790487894,2026/09/27 05:44:54.239,63.82,1976,78,0x0000000000000000,84.5
1790487904,2026/09/27 05:45:04.295,65.14,1976,78,0x0000000000000000,84.7
1790487914,2026/09/27 05:45:14.348,67.74,1976,79,0x0000000000000000,84.8
1790487924,2026/09/27 05:45:24.404,64.37,1976,77,0x0000000000000000,84.4
1790487934,2026/09/27 05:45:34.464,64.50,1976,78,0x0000000000000000,84.7
1790487944,2026/09/27 05:45:44.517,67.50,1976,77,0x0000000000000000,84.8
1790487954,2026/09/27 05:45:54.572,63.35,1976,77,0x0000000000000000,84.5
1790487964,2026/09/27 05:46:04.624,64.19,1976,77,0x0000000000000000,87.9
1790487974,2026/09/27 05:46:14.677,67.92,1976,78,0x0000000000000000,84.7
1790487984,2026/09/27 05:46:24.732,64.59,1976,78,0x0000000000000000,88.1
1790487994,2026/09/27 05:46:34.788,64.58,1976,78,0x0000000000000000,87.3
1790488004,2026/09/27 05:46:44.843,68.50,1976,78,0x0000000000000000,84.7
1790488014,2026/09/27 05:46:54.896,63.41,1976,78,0x0000000000000000,84.8
1790488024,2026/09/27 05:47:04.950,65.82,1976,79,0x0000000000000000,85.2
1790488035,2026/09/27 05:47:15.006,69.19,1976,79,0x0000000000000000,85.8
1790488045,2026/09/27 05:47:25.065,65.67,1976,78,0x0000000000000000,85.0
1790488055,2026/09/27 05:47:35.125,68.16,1976,79,0x0000000000000000,85.2
1790488065,2026/09/27 05:47:45.189,65.23,1976,77,0x0000000000000000,88.4
1790488075,2026/09/27 05:47:55.248,64.92,1976,78,0x0000000000000000,84.8
1790488085,2026/09/27 05:48:05.302,69.71,1976,77,0x0000000000000000,85.6
1790488095,2026/09/27 05:48:15.359,64.24,1976,77,0x0000000000000000,84.9
1790488105,2026/09/27 05:48:25.416,67.13,1976,79,0x0000000000000000,85.2
1790488115,2026/09/27 05:48:35.470,65.84,1976,77,0x0000000000000000,84.9
1790488125,2026/09/27 05:48:45.523,65.04,1976,78,0x0000000000000000,84.5
1790488135,2026/09/27 05:48:55.582,66.00,1976,79,0x0000000000000000,85.3
1790488145,2026/09/27 05:49:05.638,66.42,1976,77,0x0000000000000000,84.8
1790488155,2026/09/27 05:49:15.693,68.17,1976,78,0x0000000000000000,85.8
1790488165,2026/09/27 05:49:25.751,65.72,1976,78,0x0000000000000000,84.6
1790488175,2026/09/27 05:49:35.806,65.02,1976,78,0x0000000000000000,84.5
1790488185,2026/09/27 05:49:45.865,64.19,1976,77,0x0000000000000000,84.6
1790488195,2026/09/27 05:49:55.918,66.13,1976,78,0x0000000000000000,85.3
1790488205,2026/09/27 05:50:05.973,64.84,1976,78,0x0000000000000000,84.6
1790488216,2026/09/27 05:50:16.026,67.47,1976,79,0x0000000000000000,86.7
1790488226,2026/09/27 05:50:26.084,65.57,1976,78,0x0000000000000000,85.5
1790488236,2026/09/27 05:50:36.138,65.40,1976,78,0x0000000000000000,88.4
1790488246,2026/09/27 05:50:46.196,65.53,1976,78,0x0000000000000000,84.9
1790488256,2026/09/27 05:50:56.252,66.99,1976,78,0x0000000000000000,85.2
1790488266,2026/09/27 05:51:06.312,65.69,1976,78,0x0000000000000000,84.0
1790488276,2026/09/27 05:51:16.369,69.06,1976,79,0x0000000000000000,85.3
1790488286,2026/09/27 05:51:26.431,65.89,1976,78,0x0000000000000000,87.2
1790488296,2026/09/27 05:51:36.490,65.82,1976,77,0x0000000000000000,86.4
1790488306,2026/09/27 05:51:46.546,67.90,1976,79,0x0000000000000000,85.1
1790488316,2026/09/27 05:51:56.602,67.55,1976,77,0x0000000000000000,85.0
1790488326,2026/09/27 05:52:06.657,64.43,1976,79,0x0000000000000000,84.8
1790488336,2026/09/27 05:52:16.716,66.80,1976,79,0x0000000000000000,84.6
1790488346,2026/09/27 05:52:26.778,62.39,1976,78,0x0000000000000000,83.7
1790488356,2026/09/27 05:52:36.830,66.07,1976,77,0x0000000000000000,84.5
1790488366,2026/09/27 05:52:46.892,67.72,1976,78,0x0000000000000000,85.2
1790488376,2026/09/27 05:52:56.949,59.87,1976,78,0x0000000000000000,85.6
1790488387,2026/09/27 05:53:07.006,68.41,1976,79,0x0000000000000000,87.2
1790488397,2026/09/27 05:53:17.065,64.36,1976,77,0x0000000000000000,84.7
1790488407,2026/09/27 05:53:27.123,64.82,1976,77,0x0000000000000000,84.8
1790488417,2026/09/27 05:53:37.180,68.69,1976,79,0x0000000000000000,85.7
1790488427,2026/09/27 05:53:47.238,66.19,1976,78,0x0000000000000000,85.1
1790488437,2026/09/27 05:53:57.293,64.79,1976,78,0x0000000000000000,84.6
1790488447,2026/09/27 05:54:07.349,64.66,1976,78,0x0000000000000000,84.5
1790488457,2026/09/27 05:54:17.405,65.33,1976,78,0x0000000000000000,84.6
1790488467,2026/09/27 05:54:27.468,67.30,1976,78,0x0000000000000000,85.8
1790488477,2026/09/27 05:54:37.531,67.88,1976,79,0x0000000000000000,85.0
1790488487,2026/09/27 05:54:47.586,67.40,1976,78,0x0000000000000000,85.2
1790488497,2026/09/27 05:54:57.647,64.95,1976,77,0x0000000000000000,84.5
1790488507,2026/09/27 05:55:07.700,67.41,1976,78,0x0000000000000000,84.4
1790488517,2026/09/27 05:55:17.765,65.27,1976,77,0x0000000000000000,84.5
1790488527,2026/09/27 05:55:27.826,68.81,1976,79,0x0000000000000000,85.0
1790488537,2026/09/27 05:55:37.890,67.27,1976,78,0x0000000000000000,84.9
1790488547,2026/09/27 05:55:47.948,64.66,1976,78,0x0000000000000000,83.3
1790488558,2026/09/27 05:55:58.006,66.00,1976,78,0x0000000000000000,84.8
1790488568,2026/09/27 05:56:08.066,66.64,1976,78,0x0000000000000000,84.8
1790488578,2026/09/27 05:56:18.124,68.17,1976,78,0x0000000000000000,85.2
1790488588,2026/09/27 05:56:28.190,64.75,1976,78,0x0000000000000000,85.1
1790488598,2026/09/27 05:56:38.242,64.86,1976,78,0x0000000000000000,84.8
1790488608,2026/09/27 05:56:48.296,66.18,1976,78,0x0000000000000000,84.8
1790488618,2026/09/27 05:56:58.349,63.09,1976,78,0x0000000000000000,85.0
1790488628,2026/09/27 05:57:08.406,64.81,1976,77,0x0000000000000000,84.7
1790488638,2026/09/27 05:57:18.459,67.39,1976,79,0x0000000000000000,87.2
1790488648,2026/09/27 05:57:28.518,66.21,1976,78,0x0000000000000000,85.1
1790488658,2026/09/27 05:57:38.569,65.63,1976,78,0x0000000000000000,84.6
1790488668,2026/09/27 05:57:48.624,64.54,1976,77,0x0000000000000000,84.6
1790488678,2026/09/27 05:57:58.680,65.98,1976,78,0x0000000000000000,84.5
1790488688,2026/09/27 05:58:08.739,65.64,1976,77,0x0000000000000000,84.8
1790488698,2026/09/27 05:58:18.794,65.53,1976,78,0x0000000000000000,84.8
1790488708,2026/09/27 05:58:28.850,64.55,1976,77,0x0000000000000000,84.5
1790488718,2026/09/27 05:58:38.908,63.04,1976,78,0x0000000000000000,84.6
1790488728,2026/09/27 05:58:48.961,65.26,1976,78,0x0000000000000000,87.1
1790488739,2026/09/27 05:58:59.020,63.12,1976,78,0x0000000000000000,84.8
1790488749,2026/09/27 05:59:09.080,65.08,1976,78,0x0000000000000000,84.9
1790488759,2026/09/27 05:59:19.135,65.97,1976,79,0x0000000000000000,84.7
1790488769,2026/09/27 05:59:29.197,63.74,1976,78,0x0000000000000000,84.8
1790488779,2026/09/27 05:59:39.256,65.33,1976,78,0x0000000000000000,84.6
1790488789,2026/09/27 05:59:49.312,66.05,1976,78,0x0000000000000000,84.8
1790488799,2026/09/27 05:59:59.370,66.51,1976,78,0x0000000000000000,84.9
1790488809,2026/09/27 06:00:09.420,65.24,1976,78,0x0000000000000000,84.6
1790488819,2026/09/27 06:00:19.474,65.78,1976,79,0x0000000000000000,85.0
1790488829,2026/09/27 06:00:29.532,65.57,1976,78,0x0000000000000000,88.3
1790488839,2026/09/27 06:00:39.591,65.37,1976,78,0x0000000000000000,87.7
1790488849,2026/09/27 06:00:49.647,67.35,1976,78,0x0000000000000000,85.1
1790488859,2026/09/27 06:00:59.704,65.30,1976,78,0x0000000000000000,84.5
1790488869,2026/09/27 06:01:09.759,65.54,1976,77,0x0000000000000000,84.7
1790488879,2026/09/27 06:01:19.813,64.80,1976,77,0x0000000000000000,84.8
1790488889,2026/09/27 06:01:29.875,57.60,1976,77,0x0000000000000000,83.1
1790488899,2026/09/27 06:01:39.936,65.04,1976,78,0x0000000000000000,84.3
1790488910,2026/09/27 06:01:49.993,64.56,1976,77,0x0000000000000000,84.4
1790488920,2026/09/27 06:02:00.045,65.65,1976,77,0x0000000000000000,84.9
1790488930,2026/09/27 06:02:10.102,63.62,1976,78,0x0000000000000000,85.2
1790488940,2026/09/27 06:02:20.156,65.49,1976,77,0x0000000000000000,84.6
1790488950,2026/09/27 06:02:30.211,62.79,1976,77,0x0000000000000000,84.5
1790488960,2026/09/27 06:02:40.271,65.04,1976,79,0x0000000000000000,84.9
1790488970,2026/09/27 06:02:50.330,65.33,1976,77,0x0000000000000000,84.3
1790488980,2026/09/27 06:03:00.385,62.81,1976,77,0x0000000000000000,86.4
1790488990,2026/09/27 06:03:10.444,65.17,1976,78,0x0000000000000000,84.6
1790489000,2026/09/27 06:03:20.501,66.26,1976,77,0x0000000000000000,83.4
1790489010,2026/09/27 06:03:30.560,63.23,1976,77,0x0000000000000000,84.5
1790489020,2026/09/27 06:03:40.618,66.57,1976,78,0x0000000000000000,86.5
1790489030,2026/09/27 06:03:50.675,61.97,1976,77,0x0000000000000000,83.8
1790489040,2026/09/27 06:04:00.729,63.07,1976,76,0x0000000000000000,83.9
1790489050,2026/09/27 06:04:10.789,68.28,1976,78,0x0000000000000000,84.5
1790489060,2026/09/27 06:04:20.849,62.64,1976,76,0x0000000000000000,84.0
1790489070,2026/09/27 06:04:30.904,62.45,1976,77,0x0000000000000000,83.7
1790489080,2026/09/27 06:04:40.959,67.51,1976,78,0x0000000000000000,84.2
1790489091,2026/09/27 06:04:51.018,62.89,1976,78,0x0000000000000000,87.7
1790489101,2026/09/27 06:05:01.080,65.17,1976,77,0x0000000000000000,88.5
1790489111,2026/09/27 06:05:11.136,65.44,1976,77,0x0000000000000000,85.4
1790489121,2026/09/27 06:05:21.191,62.80,1976,77,0x0000000000000000,85.1
1790489131,2026/09/27 06:05:31.249,64.84,1976,78,0x0000000000000000,86.1
1790489141,2026/09/27 06:05:41.311,58.09,1976,76,0x0000000000000000,82.3
1790489151,2026/09/27 06:05:51.370,62.88,1976,77,0x0000000000000000,83.5
1790489161,2026/09/27 06:06:01.427,64.62,1976,78,0x0000000000000000,84.3
1790489171,2026/09/27 06:06:11.482,64.91,1976,76,0x0000000000000000,83.6
1790489181,2026/09/27 06:06:21.538,62.44,1976,77,0x0000000000000000,83.7
1790489191,2026/09/27 06:06:31.593,67.67,1976,78,0x0000000000000000,85.2
1790489201,2026/09/27 06:06:41.655,62.95,1976,76,0x0000000000000000,84.2
1790489211,2026/09/27 06:06:51.713,62.72,1976,77,0x0000000000000000,83.4
1790489221,2026/09/27 06:07:01.772,67.73,1976,78,0x0000000000000000,85.5
1790489231,2026/09/27 06:07:11.831,63.16,1976,77,0x0000000000000000,86.6
1790489241,2026/09/27 06:07:21.889,63.35,1976,77,0x0000000000000000,83.9
1790489251,2026/09/27 06:07:31.941,68.44,1976,78,0x0000000000000000,84.5
1790489262,2026/09/27 06:07:41.994,63.02,1976,77,0x0000000000000000,83.9
1790489272,2026/09/27 06:07:52.053,63.42,1976,77,0x0000000000000000,84.1
1790489282,2026/09/27 06:08:02.106,64.33,1976,77,0x0000000000000000,84.0
1790489292,2026/09/27 06:08:12.163,62.53,1976,77,0x0000000000000000,83.0
1790489302,2026/09/27 06:08:22.226,64.90,1976,78,0x0000000000000000,86.8
1790489312,2026/09/27 06:08:32.284,65.26,1976,77,0x0000000000000000,85.6
1790489322,2026/09/27 06:08:42.339,62.87,1976,77,0x0000000000000000,83.9
1790489332,2026/09/27 06:08:52.393,65.12,1976,78,0x0000000000000000,84.4
1790489342,2026/09/27 06:09:02.448,65.08,1976,77,0x0000000000000000,84.3
1790489352,2026/09/27 06:09:12.506,62.70,1976,77,0x0000000000000000,84.2
1790489362,2026/09/27 06:09:22.561,65.56,1976,78,0x0000000000000000,84.4
1790489372,2026/09/27 06:09:32.618,61.70,1976,77,0x0000000000000000,84.0
1790489382,2026/09/27 06:09:42.674,62.67,1976,77,0x0000000000000000,84.0
1790489392,2026/09/27 06:09:52.728,67.18,1976,78,0x0000000000000000,84.8
1790489402,2026/09/27 06:10:02.779,62.42,1976,77,0x0000000000000000,83.7
1790489412,2026/09/27 06:10:12.832,63.52,1976,78,0x0000000000000000,84.1
1790489422,2026/09/27 06:10:22.886,67.22,1976,78,0x0000000000000000,84.8
1790489432,2026/09/27 06:10:32.940,62.53,1976,77,0x0000000000000000,86.5
1790489443,2026/09/27 06:10:42.993,62.92,1976,77,0x0000000000000000,85.3
1790489453,2026/09/27 06:10:53.051,67.14,1976,77,0x0000000000000000,84.5
1790489463,2026/09/27 06:11:03.107,60.48,1976,77,0x0000000000000000,83.8
1790489473,2026/09/27 06:11:13.162,65.31,1976,78,0x0000000000000000,84.7
1790489483,2026/09/27 06:11:23.215,62.44,1976,78,0x0000000000000000,83.9
1790489493,2026/09/27 06:11:33.274,63.29,1976,77,0x0000000000000000,84.0
1790489503,2026/09/27 06:11:43.334,65.52,1976,79,0x0000000000000000,84.5
1790489513,2026/09/27 06:11:53.395,63.42,1976,77,0x0000000000000000,83.9
1790489523,2026/09/27 06:12:03.452,62.28,1976,78,0x0000000000000000,85.1
1790489533,2026/09/27 06:12:13.510,65.22,1976,78,0x0000000000000000,84.5
1790489543,2026/09/27 06:12:23.569,62.71,1976,76,0x0000000000000000,83.5
1790489553,2026/09/27 06:12:33.635,62.74,1976,77,0x0000000000000000,87.1
1790489563,2026/09/27 06:12:43.693,67.21,1976,78,0x0000000000000000,84.6
1790489573,2026/09/27 06:12:53.751,62.54,1976,77,0x0000000000000000,84.1
1790489583,2026/09/27 06:13:03.809,62.35,1976,78,0x0000000000000000,83.9
1790489593,2026/09/27 06:13:13.862,67.64,1976,78,0x0000000000000000,84.6
1790489603,2026/09/27 06:13:23.917,62.66,1976,78,0x0000000000000000,84.0
1790489613,2026/09/27 06:13:33.970,63.28,1976,77,0x0000000000000000,84.5
1790489624,2026/09/27 06:13:44.025,67.01,1976,77,0x0000000000000000,84.5
1790489634,2026/09/27 06:13:54.081,62.32,1976,77,0x0000000000000000,84.8
1790489644,2026/09/27 06:14:04.139,63.90,1976,77,0x0000000000000000,87.1
1790489654,2026/09/27 06:14:14.195,62.61,1976,78,0x0000000000000000,84.3
1790489664,2026/09/27 06:14:24.251,63.30,1976,77,0x0000000000000000,83.7
1790489674,2026/09/27 06:14:34.306,65.53,1976,78,0x0000000000000000,84.6
1790489684,2026/09/27 06:14:44.363,64.97,1976,77,0x0000000000000000,84.2
1790489694,2026/09/27 06:14:54.420,62.80,1976,78,0x0000000000000000,84.5
1790489704,2026/09/27 06:15:04.476,65.52,1976,78,0x0000000000000000,84.7
1790489714,2026/09/27 06:15:14.534,65.02,1976,78,0x0000000000000000,84.5
1790489724,2026/09/27 06:15:24.589,55.98,1976,76,0x0000000000000000,82.6
1790489734,2026/09/27 06:15:34.649,65.96,1976,79,0x0000000000000000,84.3
1790489744,2026/09/27 06:15:44.706,62.26,1976,77,0x0000000000000000,84.1
1790489754,2026/09/27 06:15:54.762,62.60,1976,78,0x0000000000000000,84.4
1790489764,2026/09/27 06:16:04.815,65.73,1976,77,0x0000000000000000,84.7
1790489774,2026/09/27 06:16:14.873,62.04,1976,78,0x0000000000000000,84.3
1790489784,2026/09/27 06:16:24.929,62.31,1976,78,0x0000000000000000,84.2
1790489795,2026/09/27 06:16:34.999,55.71,1976,77,0x0000000000000000,83.5
1790489805,2026/09/27 06:16:45.053,62.28,1976,77,0x0000000000000000,84.2
1790489815,2026/09/27 06:16:55.105,63.26,1976,77,0x0000000000000000,84.5
1790489825,2026/09/27 06:17:05.158,66.86,1976,77,0x0000000000000000,84.5
1790489835,2026/09/27 06:17:15.212,63.29,1976,78,0x0000000000000000,84.1
1790489845,2026/09/27 06:17:25.264,65.70,1976,78,0x0000000000000000,84.6
1790489855,2026/09/27 06:17:35.324,64.21,1976,77,0x0000000000000000,84.3
1790489865,2026/09/27 06:17:45.382,63.31,1976,77,0x0000000000000000,84.0
1790489875,2026/09/27 06:17:55.437,62.77,1976,77,0x0000000000000000,84.1
1790489885,2026/09/27 06:18:05.493,62.34,1976,77,0x0000000000000000,83.6
1790489895,2026/09/27 06:18:15.553,65.85,1976,77,0x0000000000000000,84.3
1790489905,2026/09/27 06:18:25.607,62.45,1976,77,0x0000000000000000,84.0
1790489915,2026/09/27 06:18:35.660,64.30,1976,78,0x0000000000000000,84.5
1790489925,2026/09/27 06:18:45.711,62.98,1976,77,0x0000000000000000,84.1
1790489935,2026/09/27 06:18:55.767,61.51,1976,77,0x0000000000000000,83.0
1790489945,2026/09/27 06:19:05.824,66.98,1976,78,0x0000000000000000,88.4
1790489955,2026/09/27 06:19:15.882,63.37,1976,77,0x0000000000000000,88.1
1790489965,2026/09/27 06:19:25.939,62.58,1976,77,0x0000000000000000,87.5
1790489976,2026/09/27 06:19:35.994,67.25,1976,78,0x0000000000000000,85.9
1790489986,2026/09/27 06:19:46.047,61.46,1976,77,0x0000000000000000,84.3
1790489996,2026/09/27 06:19:56.106,62.91,1976,77,0x0000000000000000,84.1
1790490006,2026/09/27 06:20:06.162,59.65,1976,78,0x0000000000000000,83.6
1790490016,2026/09/27 06:20:16.220,63.33,1976,77,0x0000000000000000,84.1
1790490026,2026/09/27 06:20:26.275,65.37,1976,78,0x0000000000000000,84.4
1790490036,2026/09/27 06:20:36.329,65.14,1976,77,0x0000000000000000,84.6
1790490046,2026/09/27 06:20:46.391,61.92,1976,77,0x0000000000000000,84.2
1790490056,2026/09/27 06:20:56.447,64.00,1976,79,0x0000000000000000,84.9
1790490066,2026/09/27 06:21:06.506,63.26,1976,78,0x0000000000000000,84.4
1790490076,2026/09/27 06:21:16.572,63.27,1976,77,0x0000000000000000,86.7
1790490086,2026/09/27 06:21:26.633,65.02,1976,79,0x0000000000000000,84.3
1790490096,2026/09/27 06:21:36.693,63.16,1976,77,0x0000000000000000,83.8
1790490106,2026/09/27 06:21:46.748,63.20,1976,78,0x0000000000000000,84.0
1790490116,2026/09/27 06:21:56.803,67.57,1976,78,0x0000000000000000,84.5
1790490126,2026/09/27 06:22:06.859,62.71,1976,77,0x0000000000000000,84.2
1790490136,2026/09/27 06:22:16.914,63.01,1976,77,0x0000000000000000,83.9
1790490146,2026/09/27 06:22:26.963,67.50,1976,78,0x0000000000000000,84.4
1790490157,2026/09/27 06:22:37.018,61.12,1976,77,0x0000000000000000,83.8
1790490167,2026/09/27 06:22:47.072,62.68,1976,77,0x0000000000000000,83.6
1790490177,2026/09/27 06:22:57.124,67.58,1976,78,0x0000000000000000,84.9
1790490187,2026/09/27 06:23:07.186,62.20,1976,76,0x0000000000000000,83.9
1790490197,2026/09/27 06:23:17.244,62.52,1976,77,0x0000000000000000,84.3
1790490207,2026/09/27 06:23:27.297,64.97,1976,76,0x0000000000000000,84.2
1790490217,2026/09/27 06:23:37.353,62.94,1976,77,0x0000000000000000,84.3
1790490227,2026/09/27 06:23:47.410,65.04,1976,79,0x0000000000000000,85.9
1790490237,2026/09/27 06:23:57.471,65.73,1976,77,0x0000000000000000,86.0
1790490247,2026/09/27 06:24:07.526,63.53,1976,77,0x0000000000000000,86.3
1790490257,2026/09/27 06:24:17.581,64.92,1976,78,0x0000000000000000,84.7
1790490267,2026/09/27 06:24:27.635,64.59,1976,77,0x0000000000000000,84.1
1790490277,2026/09/27 06:24:37.692,62.54,1976,77,0x0000000000000000,83.8
1790490287,2026/09/27 06:24:47.748,65.06,1976,79,0x0000000000000000,84.4
1790490297,2026/09/27 06:24:57.801,61.05,1976,77,0x0000000000000000,84.1
1790490307,2026/09/27 06:25:07.853,62.83,1976,77,0x0000000000000000,85.8
1790490317,2026/09/27 06:25:17.910,65.19,1976,76,0x0000000000000000,84.2
1790490327,2026/09/27 06:25:27.967,61.44,1976,77,0x0000000000000000,83.6
1790490338,2026/09/27 06:25:38.023,63.33,1976,78,0x0000000000000000,83.7
1790490348,2026/09/27 06:25:48.082,67.51,1976,79,0x0000000000000000,84.3
1790490358,2026/09/27 06:25:58.137,62.32,1976,77,0x0000000000000000,83.8
1790490368,2026/09/27 06:26:08.191,62.77,1976,77,0x0000000000000000,83.8
1790490378,2026/09/27 06:26:18.256,67.72,1976,78,0x0000000000000000,84.3
1790490388,2026/09/27 06:26:28.313,63.09,1976,77,0x0000000000000000,83.6
1790490398,2026/09/27 06:26:38.370,65.29,1976,78,0x0000000000000000,84.0
1790490408,2026/09/27 06:26:48.430,64.71,1976,77,0x0000000000000000,84.2
1790490418,2026/09/27 06:26:58.482,62.68,1976,77,0x0000000000000000,83.9
1790490428,2026/09/27 06:27:08.533,65.00,1976,78,0x0000000000000000,84.4
1790490438,2026/09/27 06:27:18.596,65.39,1976,78,0x0000000000000000,84.0
1790490448,2026/09/27 06:27:28.675,63.59,1976,77,0x0000000000000000,83.8
1790490458,2026/09/27 06:27:38.733,65.04,1976,78,0x0000000000000000,84.3
1790490468,2026/09/27 06:27:48.787,65.07,1976,77,0x0000000000000000,84.3
1790490478,2026/09/27 06:27:58.845,63.02,1976,77,0x0000000000000000,83.8
1790490488,2026/09/27 06:28:08.905,67.30,1976,78,0x0000000000000000,84.4
1790490498,2026/09/27 06:28:18.971,61.75,1976,78,0x0000000000000000,84.0
1790490509,2026/09/27 06:28:29.026,62.80,1976,77,0x0000000000000000,84.1
1790490519,2026/09/27 06:28:39.082,67.24,1976,78,0x0000000000000000,84.1
1790490529,2026/09/27 06:28:49.137,61.44,1976,77,0x0000000000000000,84.9
1790490539,2026/09/27 06:28:59.193,62.38,1976,77,0x0000000000000000,88.4
1790490549,2026/09/27 06:29:09.248,64.99,1976,77,0x0000000000000000,83.9
1790490559,2026/09/27 06:29:19.308,61.16,1976,77,0x0000000000000000,85.2
1790490569,2026/09/27 06:29:29.369,64.87,1976,78,0x0000000000000000,86.5
1790490579,2026/09/27 06:29:39.424,64.08,1976,77,0x0000000000000000,84.0
1790490589,2026/09/27 06:29:49.477,62.04,1976,77,0x0000000000000000,84.0
1790490599,2026/09/27 06:29:59.532,64.98,1976,78,0x0000000000000000,84.2
1790490609,2026/09/27 06:30:09.588,64.75,1976,77,0x0000000000000000,85.4
1790490619,2026/09/27 06:30:19.648,62.48,1976,77,0x0000000000000000,83.9
1790490629,2026/09/27 06:30:29.703,64.62,1976,78,0x0000000000000000,84.0
1790490639,2026/09/27 06:30:39.758,64.59,1976,77,0x0000000000000000,84.0
1790490649,2026/09/27 06:30:49.817,63.23,1976,77,0x0000000000000000,84.5
1790490659,2026/09/27 06:30:59.872,66.93,1976,78,0x0000000000000000,84.5
1790490669,2026/09/27 06:31:09.930,62.82,1976,77,0x0000000000000000,84.2
1790490679,2026/09/27 06:31:19.986,63.28,1976,77,0x0000000000000000,84.1
1790490690,2026/09/27 06:31:30.039,67.40,1976,78,0x0000000000000000,84.4
1790490700,2026/09/27 06:31:40.096,55.07,1976,77,0x0000000000000000,83.1
1790490710,2026/09/27 06:31:50.154,63.03,1976,77,0x0000000000000000,87.9
1790490720,2026/09/27 06:32:00.213,67.09,1976,78,0x0000000000000000,84.2
1790490730,2026/09/27 06:32:10.270,61.51,1976,77,0x0000000000000000,83.3
1790490740,2026/09/27 06:32:20.326,55.62,1976,76,0x0000000000000000,82.9
1790490750,2026/09/27 06:32:30.381,64.53,1976,76,0x0000000000000000,85.0
1790490760,2026/09/27 06:32:40.444,62.55,1976,76,0x0000000000000000,86.1
1790490770,2026/09/27 06:32:50.502,65.29,1976,78,0x0000000000000000,85.2
1790490780,2026/09/27 06:33:00.560,64.29,1976,77,0x0000000000000000,85.4
1790490790,2026/09/27 06:33:10.621,62.55,1976,77,0x0000000000000000,83.7
1790490800,2026/09/27 06:33:20.675,65.06,1976,78,0x0000000000000000,84.0
1790490810,2026/09/27 06:33:30.734,62.78,1976,76,0x0000000000000000,83.1
1790490820,2026/09/27 06:33:40.792,63.07,1976,76,0x0000000000000000,83.8
1790490830,2026/09/27 06:33:50.851,65.54,1976,77,0x0000000000000000,84.1
1790490840,2026/09/27 06:34:00.907,62.50,1976,77,0x0000000000000000,83.7
1790490850,2026/09/27 06:34:10.969,62.92,1976,77,0x0000000000000000,87.5
1790490861,2026/09/27 06:34:21.022,67.29,1976,77,0x0000000000000000,84.1
1790490871,2026/09/27 06:34:31.076,62.13,1976,77,0x0000000000000000,86.0
1790490881,2026/09/27 06:34:41.132,62.60,1976,76,0x0000000000000000,86.6
1790490891,2026/09/27 06:34:51.185,66.99,1976,78,0x0000000000000000,83.8
1790490901,2026/09/27 06:35:01.241,62.20,1976,77,0x0000000000000000,83.2
1790490911,2026/09/27 06:35:11.298,62.61,1976,76,0x0000000000000000,83.8
1790490921,2026/09/27 06:35:21.349,67.33,1976,77,0x0000000000000000,83.5
1790490931,2026/09/27 06:35:31.404,62.35,1976,76,0x0000000000000000,83.1
1790490941,2026/09/27 06:35:41.459,65.47,1976,78,0x0000000000000000,83.7
1790490951,2026/09/27 06:35:51.520,64.19,1976,77,0x0000000000000000,83.5
1790490961,2026/09/27 06:36:01.578,62.96,1976,77,0x0000000000000000,83.3
1790490971,2026/09/27 06:36:11.637,64.48,1976,77,0x0000000000000000,83.2
1790490981,2026/09/27 06:36:21.693,63.31,1976,76,0x0000000000000000,83.0
1790490991,2026/09/27 06:36:31.751,62.40,1976,76,0x0000000000000000,86.1
1790491001,2026/09/27 06:36:41.813,65.26,1976,77,0x0000000000000000,85.1
1790491011,2026/09/27 06:36:51.870,64.16,1976,77,0x0000000000000000,83.1
1790491021,2026/09/27 06:37:01.928,62.49,1976,76,0x0000000000000000,87.1
1790491032,2026/09/27 06:37:11.987,67.07,1976,77,0x0000000000000000,84.0
1790491042,2026/09/27 06:37:22.040,62.99,1976,77,0x0000000000000000,83.4
1790491052,2026/09/27 06:37:32.093,62.95,1976,76,0x0000000000000000,83.7
1790491062,2026/09/27 06:37:42.150,67.92,1976,77,0x0000000000000000,83.9
1790491072,2026/09/27 06:37:52.205,63.17,1976,76,0x0000000000000000,83.6
1790491082,2026/09/27 06:38:02.255,63.36,1976,77,0x0000000000000000,83.9
1790491092,2026/09/27 06:38:12.311,67.02,1976,76,0x0000000000000000,83.6
1790491102,2026/09/27 06:38:22.377,62.66,1976,77,0x0000000000000000,83.4
1790491112,2026/09/27 06:38:32.431,65.19,1976,77,0x0000000000000000,83.7
1790491122,2026/09/27 06:38:42.487,65.01,1976,77,0x0000000000000000,86.1
1790491132,2026/09/27 06:38:52.544,62.88,1976,76,0x0000000000000000,86.7
1790491142,2026/09/27 06:39:02.606,65.29,1976,78,0x0000000000000000,85.1
1790491152,2026/09/27 06:39:12.666,64.60,1976,77,0x0000000000000000,83.9
1790491162,2026/09/27 06:39:22.724,62.48,1976,77,0x0000000000000000,87.3
1790491172,2026/09/27 06:39:32.782,65.98,1976,78,0x0000000000000000,84.8
1790491182,2026/09/27 06:39:42.837,63.81,1976,77,0x0000000000000000,86.6
1790491192,2026/09/27 06:39:52.893,63.15,1976,77,0x0000000000000000,87.6
1790491202,2026/09/27 06:40:02.950,65.94,1976,77,0x0000000000000000,83.5
1790491213,2026/09/27 06:40:13.008,62.51,1976,76,0x0000000000000000,83.6
1790491223,2026/09/27 06:40:23.066,62.67,1976,77,0x0000000000000000,83.7
1790491233,2026/09/27 06:40:33.122,66.67,1976,77,0x0000000000000000,83.4
1790491243,2026/09/27 06:40:43.178,62.59,1976,77,0x0000000000000000,86.0
1790491253,2026/09/27 06:40:53.232,63.11,1976,76,0x0000000000000000,84.6
1790491263,2026/09/27 06:41:03.289,67.24,1976,77,0x0000000000000000,84.1
1790491273,2026/09/27 06:41:13.348,63.67,1976,77,0x0000000000000000,84.6
1790491283,2026/09/27 06:41:23.408,62.60,1976,77,0x0000000000000000,84.7
1790491293,2026/09/27 06:41:33.464,64.17,1976,76,0x0000000000000000,84.0
1790491303,2026/09/27 06:41:43.518,62.94,1976,76,0x0000000000000000,84.0
1790491313,2026/09/27 06:41:53.575,63.15,1976,77,0x0000000000000000,83.4
1790491323,2026/09/27 06:42:03.632,64.40,1976,77,0x0000000000000000,86.6
1790491333,2026/09/27 06:42:13.698,62.63,1976,77,0x0000000000000000,86.2
1790491343,2026/09/27 06:42:23.757,64.97,1976,77,0x0000000000000000,84.2
1790491353,2026/09/27 06:42:33.812,63.07,1976,76,0x0000000000000000,83.1
1790491363,2026/09/27 06:42:43.874,62.54,1976,77,0x0000000000000000,83.7
1790491373,2026/09/27 06:42:53.931,65.29,1976,78,0x0000000000000000,84.1
1790491384,2026/09/27 06:43:03.990,62.62,1976,77,0x0000000000000000,83.9
1790491394,2026/09/27 06:43:14.055,62.74,1976,77,0x0000000000000000,83.5
1790491404,2026/09/27 06:43:24.110,67.13,1976,76,0x0000000000000000,84.0
1790491414,2026/09/27 06:43:34.164,62.56,1976,77,0x0000000000000000,87.8
1790491424,2026/09/27 06:43:44.222,63.03,1976,78,0x0000000000000000,86.9
1790491434,2026/09/27 06:43:54.279,67.09,1976,78,0x0000000000000000,84.3
1790491444,2026/09/27 06:44:04.337,61.62,1976,77,0x0000000000000000,83.4
1790491454,2026/09/27 06:44:14.392,63.49,1976,77,0x0000000000000000,84.2
1790491464,2026/09/27 06:44:24.446,66.67,1976,76,0x0000000000000000,84.2
1790491474,2026/09/27 06:44:34.502,63.42,1976,78,0x0000000000000000,86.8
1790491484,2026/09/27 06:44:44.559,66.32,1976,78,0x0000000000000000,86.2
1790491494,2026/09/27 06:44:54.617,64.63,1976,78,0x0000000000000000,85.9
1790491504,2026/09/27 06:45:04.675,63.44,1976,77,0x0000000000000000,86.9
1790491514,2026/09/27 06:45:14.731,66.07,1976,78,0x0000000000000000,85.5
1790491524,2026/09/27 06:45:24.799,63.67,1976,77,0x0000000000000000,84.0
1790491534,2026/09/27 06:45:34.855,62.31,1976,78,0x0000000000000000,83.6
1790491544,2026/09/27 06:45:44.917,65.82,1976,78,0x0000000000000000,84.7
1790491554,2026/09/27 06:45:54.978,61.97,1976,77,0x0000000000000000,83.3
1790491565,2026/09/27 06:46:05.041,62.98,1976,78,0x0000000000000000,88.6
1790491575,2026/09/27 06:46:15.096,66.75,1976,77,0x0000000000000000,84.8
1790491585,2026/09/27 06:46:25.153,62.23,1976,77,0x0000000000000000,86.7
1790491595,2026/09/27 06:46:35.211,62.81,1976,77,0x0000000000000000,86.2
1790491605,2026/09/27 06:46:45.268,62.70,1976,77,0x0000000000000000,84.9
1790491615,2026/09/27 06:46:55.326,62.67,1976,76,0x0000000000000000,84.5
1790491625,2026/09/27 06:47:05.382,62.93,1976,78,0x0000000000000000,84.4
1790491635,2026/09/27 06:47:15.440,66.83,1976,77,0x0000000000000000,87.0
1790491645,2026/09/27 06:47:25.498,63.31,1976,77,0x0000000000000000,87.9
1790491655,2026/09/27 06:47:35.559,66.38,1976,79,0x0000000000000000,88.1
1790491665,2026/09/27 06:47:45.613,64.17,1976,77,0x0000000000000000,84.6
1790491675,2026/09/27 06:47:55.667,63.19,1976,77,0x0000000000000000,84.4
1790491685,2026/09/27 06:48:05.724,55.38,1976,78,0x0000000000000000,83.7
1790491695,2026/09/27 06:48:15.776,63.31,1976,77,0x0000000000000000,84.0
1790491705,2026/09/27 06:48:25.833,65.23,1976,76,0x0000000000000000,84.4
1790491715,2026/09/27 06:48:35.890,62.51,1976,77,0x0000000000000000,84.2
1790491725,2026/09/27 06:48:45.944,62.98,1976,77,0x0000000000000000,84.4
1790491736,2026/09/27 06:48:56.001,66.97,1976,77,0x0000000000000000,84.7
1790491746,2026/09/27 06:49:06.058,62.76,1976,77,0x0000000000000000,84.0
1790491756,2026/09/27 06:49:16.110,66.16,1976,78,0x0000000000000000,84.5
1790491766,2026/09/27 06:49:26.162,64.30,1976,78,0x0000000000000000,87.3
1790491776,2026/09/27 06:49:36.218,63.06,1976,77,0x0000000000000000,87.7
1790491786,2026/09/27 06:49:46.277,66.22,1976,79,0x0000000000000000,84.5
1790491796,2026/09/27 06:49:56.336,62.06,1976,76,0x0000000000000000,83.9
1790491806,2026/09/27 06:50:06.394,62.58,1976,78,0x0000000000000000,83.7
1790491816,2026/09/27 06:50:16.452,66.29,1976,79,0x0000000000000000,84.6
1790491826,2026/09/27 06:50:26.513,64.24,1976,78,0x0000000000000000,84.3
1790491836,2026/09/27 06:50:36.565,63.64,1976,76,0x0000000000000000,84.0
1790491846,2026/09/27 06:50:46.614,66.91,1976,78,0x0000000000000000,84.8
1790491856,2026/09/27 06:50:56.673,63.38,1976,77,0x0000000000000000,84.3
1790491866,2026/09/27 06:51:06.728,64.21,1976,78,0x0000000000000000,84.5
1790491876,2026/09/27 06:51:16.780,66.40,1976,77,0x0000000000000000,84.7
1790491886,2026/09/27 06:51:26.840,63.61,1976,78,0x0000000000000000,84.3
1790491896,2026/09/27 06:51:36.897,63.45,1976,77,0x0000000000000000,84.3
1790491906,2026/09/27 06:51:46.953,64.65,1976,76,0x0000000000000000,84.3
1790491917,2026/09/27 06:51:57.005,63.70,1976,77,0x0000000000000000,88.1
1790491927,2026/09/27 06:52:07.062,65.95,1976,79,0x0000000000000000,87.1
1790491937,2026/09/27 06:52:17.119,60.69,1976,77,0x0000000000000000,83.7
1790491947,2026/09/27 06:52:27.177,62.51,1976,78,0x0000000000000000,87.8
1790491957,2026/09/27 06:52:37.236,66.41,1976,79,0x0000000000000000,86.0
1790491967,2026/09/27 06:52:47.300,61.62,1976,77,0x0000000000000000,83.9
1790491977,2026/09/27 06:52:57.358,62.70,1976,77,0x0000000000000000,84.9
1790491987,2026/09/27 06:53:07.419,65.92,1976,79,0x0000000000000000,84.6
1790491997,2026/09/27 06:53:17.483,63.03,1976,77,0x0000000000000000,84.3
1790492007,2026/09/27 06:53:27.541,62.80,1976,78,0x0000000000000000,87.6
1790492017,2026/09/27 06:53:37.597,65.54,1976,77,0x0000000000000000,84.4
1790492027,2026/09/27 06:53:47.655,62.69,1976,76,0x0000000000000000,87.0
1790492037,2026/09/27 06:53:57.711,63.66,1976,77,0x0000000000000000,83.8
1790492047,2026/09/27 06:54:07.766,66.64,1976,77,0x0000000000000000,84.5
1790492057,2026/09/27 06:54:17.822,61.76,1976,77,0x0000000000000000,83.6
1790492067,2026/09/27 06:54:27.874,63.81,1976,78,0x0000000000000000,84.3
1790492077,2026/09/27 06:54:37.926,66.44,1976,78,0x0000000000000000,84.3
1790492088,2026/09/27 06:54:47.982,63.16,1976,77,0x0000000000000000,88.1
1790492098,2026/09/27 06:54:58.043,63.19,1976,78,0x0000000000000000,85.7
1790492108,2026/09/27 06:55:08.101,64.14,1976,77,0x0000000000000000,86.3
1790492118,2026/09/27 06:55:18.157,63.07,1976,78,0x0000000000000000,86.3
1790492128,2026/09/27 06:55:28.214,66.59,1976,79,0x0000000000000000,86.4
1790492138,2026/09/27 06:55:38.275,63.87,1976,78,0x0000000000000000,84.5
1790492148,2026/09/27 06:55:48.332,63.04,1976,77,0x0000000000000000,84.5
1790492158,2026/09/27 06:55:58.389,66.29,1976,78,0x0000000000000000,84.9
1790492168,2026/09/27 06:56:08.445,64.29,1976,77,0x0000000000000000,84.5
1790492178,2026/09/27 06:56:18.504,62.25,1976,77,0x0000000000000000,83.7
1790492188,2026/09/27 06:56:28.558,66.19,1976,78,0x0000000000000000,84.6
1790492198,2026/09/27 06:56:38.610,63.49,1976,78,0x0000000000000000,84.1
1790492208,2026/09/27 06:56:48.668,63.49,1976,78,0x0000000000000000,84.4
1790492218,2026/09/27 06:56:58.722,59.24,1976,69,0x0000000000000000,83.0
1790492228,2026/09/27 06:57:08.783,63.29,1976,77,0x0000000000000000,84.5
1790492238,2026/09/27 06:57:18.843,64.16,1976,78,0x0000000000000000,84.3
1790492248,2026/09/27 06:57:28.897,66.21,1976,77,0x0000000000000000,84.3
1790492258,2026/09/27 06:57:38.956,63.12,1976,77,0x0000000000000000,84.0
1790492269,2026/09/27 06:57:49.012,64.06,1976,78,0x0000000000000000,84.7
1790492279,2026/09/27 06:57:59.064,66.39,1976,77,0x0000000000000000,84.5
1790492289,2026/09/27 06:58:09.124,63.82,1976,78,0x0000000000000000,84.4
1790492299,2026/09/27 06:58:19.179,67.27,1976,79,0x0000000000000000,85.0
1790492309,2026/09/27 06:58:29.232,64.79,1976,77,0x0000000000000000,84.8
1790492319,2026/09/27 06:58:39.288,63.27,1976,77,0x0000000000000000,86.7
1790492329,2026/09/27 06:58:49.347,66.76,1976,78,0x0000000000000000,85.1
1790492339,2026/09/27 06:58:59.406,63.66,1976,78,0x0000000000000000,85.3
1790492349,2026/09/27 06:59:09.466,63.13,1976,77,0x0000000000000000,87.4
1790492359,2026/09/27 06:59:19.525,66.86,1976,78,0x0000000000000000,86.2
1790492369,2026/09/27 06:59:29.582,64.34,1976,78,0x0000000000000000,85.6
1790492379,2026/09/27 06:59:39.638,63.01,1976,78,0x0000000000000000,86.6
1790492389,2026/09/27 06:59:49.697,60.16,1976,77,0x0000000000000000,83.8
1790492399,2026/09/27 06:59:59.759,62.63,1976,77,0x0000000000000000,87.8
1790492409,2026/09/27 07:00:09.816,63.79,1976,78,0x0000000000000000,88.6
1790492419,2026/09/27 07:00:19.875,65.06,1976,77,0x0000000000000000,84.1
1790492429,2026/09/27 07:00:29.931,62.34,1976,77,0x0000000000000000,88.4
1790492440,2026/09/27 07:00:39.989,63.51,1976,78,0x0000000000000000,86.9
1790492450,2026/09/27 07:00:50.045,65.91,1976,78,0x0000000000000000,86.2
1790492460,2026/09/27 07:01:00.104,63.10,1976,77,0x0000000000000000,84.2
1790492470,2026/09/27 07:01:10.164,66.91,1976,78,0x0000000000000000,84.9
1790492480,2026/09/27 07:01:20.220,63.40,1976,77,0x0000000000000000,84.3
1790492490,2026/09/27 07:01:30.281,63.45,1976,78,0x0000000000000000,84.6
1790492500,2026/09/27 07:01:40.342,67.46,1976,79,0x0000000000000000,84.7
1790492510,2026/09/27 07:01:50.401,63.99,1976,78,0x0000000000000000,84.3
1790492520,2026/09/27 07:02:00.460,63.72,1976,77,0x0000000000000000,84.5
1790492530,2026/09/27 07:02:10.521,66.97,1976,78,0x0000000000000000,84.7
1790492540,2026/09/27 07:02:20.575,62.83,1976,77,0x0000000000000000,84.1
1790492550,2026/09/27 07:02:30.634,62.04,1976,77,0x0000000000000000,84.2
1790492560,2026/09/27 07:02:40.686,65.46,1976,77,0x0000000000000000,84.7
1790492570,2026/09/27 07:02:50.746,63.11,1976,78,0x0000000000000000,84.5
1790492580,2026/09/27 07:03:00.803,63.70,1976,78,0x0000000000000000,84.6
1790492590,2026/09/27 07:03:10.856,65.76,1976,76,0x0000000000000000,84.5
1790492600,2026/09/27 07:03:20.915,62.90,1976,77,0x0000000000000000,84.2
1790492610,2026/09/27 07:03:30.966,63.89,1976,78,0x0000000000000000,84.4
1790492621,2026/09/27 07:03:41.021,64.23,1976,77,0x0000000000000000,84.3
1790492631,2026/09/27 07:03:51.079,62.58,1976,76,0x0000000000000000,84.7
1790492641,2026/09/27 07:04:01.133,64.31,1976,79,0x0000000000000000,84.3
1790492651,2026/09/27 07:04:11.189,61.44,1976,77,0x0000000000000000,84.3
1790492661,2026/09/27 07:04:21.246,62.42,1976,77,0x0000000000000000,84.0
1790492671,2026/09/27 07:04:31.305,67.38,1976,79,0x0000000000000000,84.8
1790492681,2026/09/27 07:04:41.364,63.13,1976,77,0x0000000000000000,84.0
1790492691,2026/09/27 07:04:51.423,63.09,1976,77,0x0000000000000000,84.1
1790492701,2026/09/27 07:05:01.481,65.25,1976,78,0x0000000000000000,84.5
1790492711,2026/09/27 07:05:11.538,64.18,1976,77,0x0000000000000000,84.2
1790492721,2026/09/27 07:05:21.594,63.77,1976,78,0x0000000000000000,84.5
1790492731,2026/09/27 07:05:31.645,67.25,1976,78,0x0000000000000000,84.8
1790492741,2026/09/27 07:05:41.703,63.54,1976,77,0x0000000000000000,84.0
1790492751,2026/09/27 07:05:51.761,64.45,1976,78,0x0000000000000000,84.2
1790492761,2026/09/27 07:06:01.814,64.83,1976,78,0x0000000000000000,84.6
1790492771,2026/09/27 07:06:11.869,62.40,1976,77,0x0000000000000000,84.3
1790492781,2026/09/27 07:06:21.926,64.75,1976,79,0x0000000000000000,84.3
1790492792,2026/09/27 07:06:31.983,65.63,1976,77,0x0000000000000000,84.1
1790492802,2026/09/27 07:06:42.042,62.94,1976,78,0x0000000000000000,84.2
1790492812,2026/09/27 07:06:52.100,63.76,1976,78,0x0000000000000000,84.0
1790492822,2026/09/27 07:07:02.160,66.18,1976,77,0x0000000000000000,84.4
1790492832,2026/09/27 07:07:12.217,62.95,1976,77,0x0000000000000000,84.2
1790492842,2026/09/27 07:07:22.278,66.53,1976,78,0x0000000000000000,84.4
1790492852,2026/09/27 07:07:32.334,62.93,1976,77,0x0000000000000000,84.1
1790492862,2026/09/27 07:07:42.390,62.81,1976,77,0x0000000000000000,84.5
1790492872,2026/09/27 07:07:52.449,67.38,1976,78,0x0000000000000000,84.7
1790492882,2026/09/27 07:08:02.510,63.01,1976,77,0x0000000000000000,83.8
1790492892,2026/09/27 07:08:12.564,63.56,1976,77,0x0000000000000000,84.9
1790492902,2026/09/27 07:08:22.620,64.78,1976,77,0x0000000000000000,84.5
1790492912,2026/09/27 07:08:32.680,63.36,1976,77,0x0000000000000000,88.2
1790492922,2026/09/27 07:08:42.736,64.95,1976,78,0x0000000000000000,88.4
1790492932,2026/09/27 07:08:52.790,65.34,1976,77,0x0000000000000000,84.1
1790492942,2026/09/27 07:09:02.845,63.13,1976,78,0x0000000000000000,84.3
1790492952,2026/09/27 07:09:12.907,64.74,1976,78,0x0000000000000000,84.6
1790492962,2026/09/27 07:09:22.974,65.86,1976,78,0x0000000000000000,84.4
1790492973,2026/09/27 07:09:33.031,63.53,1976,77,0x0000000000000000,84.0
1790492983,2026/09/27 07:09:43.086,65.01,1976,78,0x0000000000000000,88.5
1790492993,2026/09/27 07:09:53.147,66.19,1976,78,0x0000000000000000,84.8
1790493003,2026/09/27 07:10:03.208,65.64,1976,78,0x0000000000000000,85.1
1790493013,2026/09/27 07:10:13.267,65.27,1976,79,0x0000000000000000,84.7
1790493023,2026/09/27 07:10:23.318,65.30,1976,78,0x0000000000000000,84.7
1790493033,2026/09/27 07:10:33.375,65.36,1976,78,0x0000000000000000,84.8
1790493043,2026/09/27 07:10:43.428,67.45,1976,78,0x0000000000000000,85.0
1790493053,2026/09/27 07:10:53.481,65.43,1976,78,0x0000000000000000,87.1
1790493063,2026/09/27 07:11:03.541,65.62,1976,78,0x0000000000000000,87.3
1790493073,2026/09/27 07:11:13.604,63.84,1976,79,0x0000000000000000,84.6
1790493083,2026/09/27 07:11:23.663,65.40,1976,78,0x0000000000000000,85.0
1790493093,2026/09/27 07:11:33.722,64.65,1976,78,0x0000000000000000,87.5
1790493103,2026/09/27 07:11:43.781,64.08,1976,78,0x0000000000000000,85.0
1790493113,2026/09/27 07:11:53.841,65.31,1976,78,0x0000000000000000,84.9
1790493123,2026/09/27 07:12:03.901,66.25,1976,79,0x0000000000000000,85.2
1790493133,2026/09/27 07:12:13.958,63.97,1976,77,0x0000000000000000,84.8
1790493144,2026/09/27 07:12:24.013,65.10,1976,78,0x0000000000000000,87.5
1790493154,2026/09/27 07:12:34.070,64.13,1976,79,0x0000000000000000,85.1
1790493164,2026/09/27 07:12:44.127,63.50,1976,77,0x0000000000000000,85.5
1790493174,2026/09/27 07:12:54.197,65.39,1976,78,0x0000000000000000,85.0
1790493184,2026/09/27 07:13:04.255,66.36,1976,79,0x0000000000000000,85.1
1790493194,2026/09/27 07:13:14.315,64.20,1976,78,0x0000000000000000,84.4
1790493204,2026/09/27 07:13:24.367,65.06,1976,78,0x0000000000000000,85.0
1790493214,2026/09/27 07:13:34.426,67.32,1976,79,0x0000000000000000,85.4
1790493224,2026/09/27 07:13:44.486,62.47,1976,77,0x0000000000000000,85.1
1790493234,2026/09/27 07:13:54.543,65.20,1976,78,0x0000000000000000,85.2
1790493244,2026/09/27 07:14:04.598,65.09,1976,79,0x0000000000000000,85.1
1790493254,2026/09/27 07:14:14.656,65.03,1976,78,0x0000000000000000,85.4
1790493264,2026/09/27 07:14:24.707,56.95,1976,77,0x0000000000000000,84.0
1790493274,2026/09/27 07:14:34.764,66.81,1976,79,0x0000000000000000,85.2
1790493284,2026/09/27 07:14:44.823,64.96,1976,78,0x0000000000000000,85.2
1790493294,2026/09/27 07:14:54.879,65.78,1976,79,0x0000000000000000,86.9
1790493304,2026/09/27 07:15:04.938,63.70,1976,77,0x0000000000000000,84.7
1790493315,2026/09/27 07:15:14.993,61.01,1976,71,0x0000000000000000,83.4
1790493325,2026/09/27 07:15:25.051,66.08,1976,78,0x0000000000000000,88.1
1790493335,2026/09/27 07:15:35.109,64.06,1976,78,0x0000000000000000,85.2
1790493345,2026/09/27 07:15:45.166,65.50,1976,78,0x0000000000000000,84.9
1790493355,2026/09/27 07:15:55.225,65.67,1976,78,0x0000000000000000,85.5
1790493365,2026/09/27 07:16:05.281,63.26,1976,78,0x0000000000000000,84.9
1790493375,2026/09/27 07:16:15.337,65.25,1976,78,0x0000000000000000,85.0
1790493385,2026/09/27 07:16:25.391,65.83,1976,79,0x0000000000000000,86.4
1790493395,2026/09/27 07:16:35.446,65.33,1976,78,0x0000000000000000,87.3
1790493405,2026/09/27 07:16:45.506,58.19,1976,78,0x0000000000000000,83.8
1790493415,2026/09/27 07:16:55.563,65.15,1976,78,0x0000000000000000,84.8
1790493425,2026/09/27 07:17:05.620,65.26,1976,78,0x0000000000000000,85.1
1790493435,2026/09/27 07:17:15.672,65.29,1976,77,0x0000000000000000,85.3
1790493445,2026/09/27 07:17:25.727,64.73,1976,79,0x0000000000000000,84.9
1790493455,2026/09/27 07:17:35.788,65.34,1976,78,0x0000000000000000,86.9
1790493465,2026/09/27 07:17:45.847,66.26,1976,79,0x0000000000000000,88.7
1790493475,2026/09/27 07:17:55.904,66.17,1976,78,0x0000000000000000,88.5
1790493485,2026/09/27 07:18:05.959,65.02,1976,78,0x0000000000000000,87.4
1790493496,2026/09/27 07:18:16.014,63.03,1976,77,0x0000000000000000,84.6
1790493506,2026/09/27 07:18:26.070,63.66,1976,78,0x0000000000000000,85.1
1790493516,2026/09/27 07:18:36.126,66.24,1976,79,0x0000000000000000,85.1
1790493526,2026/09/27 07:18:46.190,63.46,1976,78,0x0000000000000000,85.2
1790493536,2026/09/27 07:18:56.248,64.17,1976,78,0x0000000000000000,87.9
1790493546,2026/09/27 07:19:06.303,66.90,1976,78,0x0000000000000000,85.1
1790493556,2026/09/27 07:19:16.359,65.25,1976,78,0x0000000000000000,85.1
1790493566,2026/09/27 07:19:26.413,68.22,1976,79,0x0000000000000000,87.2
1790493576,2026/09/27 07:19:36.474,66.62,1976,78,0x0000000000000000,85.2
1790493586,2026/09/27 07:19:46.529,65.39,1976,78,0x0000000000000000,85.3
1790493596,2026/09/27 07:19:56.585,67.99,1976,79,0x0000000000000000,85.4
1790493606,2026/09/27 07:20:06.638,64.33,1976,77,0x0000000000000000,85.0
1790493616,2026/09/27 07:20:16.691,64.18,1976,77,0x0000000000000000,84.6
1790493626,2026/09/27 07:20:26.748,67.92,1976,79,0x0000000000000000,85.4
1790493636,2026/09/27 07:20:36.807,64.37,1976,78,0x0000000000000000,85.2
1790493646,2026/09/27 07:20:46.866,63.16,1976,78,0x0000000000000000,84.4
1790493656,2026/09/27 07:20:56.936,66.64,1976,78,0x0000000000000000,85.4
1790493667,2026/09/27 07:21:06.994,61.57,1976,78,0x0000000000000000,84.8
1790493677,2026/09/27 07:21:17.061,64.34,1976,78,0x0000000000000000,86.7
1790493687,2026/09/27 07:21:27.116,67.88,1976,77,0x0000000000000000,85.2
1790493697,2026/09/27 07:21:37.172,64.33,1976,78,0x0000000000000000,84.9
1790493707,2026/09/27 07:21:47.225,57.31,1976,77,0x0000000000000000,84.5
1790493717,2026/09/27 07:21:57.283,66.87,1976,77,0x0000000000000000,84.6
1790493727,2026/09/27 07:22:07.340,64.12,1976,77,0x0000000000000000,84.6
1790493737,2026/09/27 07:22:17.394,67.61,1976,79,0x0000000000000000,85.2
1790493747,2026/09/27 07:22:27.451,63.79,1976,78,0x0000000000000000,84.9
1790493757,2026/09/27 07:22:37.508,56.97,1976,71,0x0000000000000000,83.6
1790493767,2026/09/27 07:22:47.563,67.90,1976,79,0x0000000000000000,85.5
1790493777,2026/09/27 07:22:57.625,63.54,1976,78,0x0000000000000000,84.9
1790493787,2026/09/27 07:23:07.684,64.81,1976,77,0x0000000000000000,86.8
1790493797,2026/09/27 07:23:17.740,67.28,1976,79,0x0000000000000000,84.4
1790493807,2026/09/27 07:23:27.792,64.31,1976,78,0x0000000000000000,84.8
1790493817,2026/09/27 07:23:37.850,63.90,1976,77,0x0000000000000000,87.4
1790493827,2026/09/27 07:23:47.911,67.21,1976,77,0x0000000000000000,85.4
1790493837,2026/09/27 07:23:57.968,64.44,1976,78,0x0000000000000000,85.1
1790493848,2026/09/27 07:24:08.028,64.35,1976,78,0x0000000000000000,86.3
1790493858,2026/09/27 07:24:18.086,67.58,1976,77,0x0000000000000000,85.0
1790493868,2026/09/27 07:24:28.142,64.68,1976,77,0x0000000000000000,87.3
1790493878,2026/09/27 07:24:38.197,64.06,1976,78,0x0000000000000000,85.4
1790493888,2026/09/27 07:24:48.250,68.39,1976,78,0x0000000000000000,85.1
1790493898,2026/09/27 07:24:58.309,59.49,1976,71,0x0000000000000000,83.4
1790493908,2026/09/27 07:25:08.369,64.33,1976,78,0x0000000000000000,85.1
1790493918,2026/09/27 07:25:18.421,62.46,1976,78,0x0000000000000000,84.4
1790493928,2026/09/27 07:25:28.478,64.17,1976,77,0x0000000000000000,84.6
1790493938,2026/09/27 07:25:38.535,67.78,1976,79,0x0000000000000000,85.5
1790493948,2026/09/27 07:25:48.593,64.60,1976,78,0x0000000000000000,84.9
1790493958,2026/09/27 07:25:58.650,64.67,1976,78,0x0000000000000000,85.0
1790493968,2026/09/27 07:26:08.708,64.24,1976,78,0x0000000000000000,84.5
1790493978,2026/09/27 07:26:18.760,65.91,1976,78,0x0000000000000000,85.8
1790493988,2026/09/27 07:26:28.817,64.94,1976,78,0x0000000000000000,84.6
1790493998,2026/09/27 07:26:38.874,68.49,1976,79,0x0000000000000000,85.0
1790494008,2026/09/27 07:26:48.930,64.97,1976,78,0x0000000000000000,85.0
1790494018,2026/09/27 07:26:58.984,65.40,1976,78,0x0000000000000000,85.3
1790494029,2026/09/27 07:27:09.042,67.38,1976,77,0x0000000000000000,85.0
1790494039,2026/09/27 07:27:19.110,65.11,1976,78,0x0000000000000000,87.0
1790494049,2026/09/27 07:27:29.172,64.98,1976,78,0x0000000000000000,84.8
1790494059,2026/09/27 07:27:39.225,68.37,1976,77,0x0000000000000000,85.0
1790494069,2026/09/27 07:27:49.276,64.49,1976,77,0x0000000000000000,84.9
1790494079,2026/09/27 07:27:59.330,65.21,1976,78,0x0000000000000000,87.2
1790494089,2026/09/27 07:28:09.387,66.89,1976,77,0x0000000000000000,84.7
1790494099,2026/09/27 07:28:19.442,64.42,1976,78,0x0000000000000000,84.7
1790494109,2026/09/27 07:28:29.495,68.34,1976,78,0x0000000000000000,88.1
1790494119,2026/09/27 07:28:39.549,63.35,1976,77,0x0000000000000000,84.6
1790494129,2026/09/27 07:28:49.604,64.29,1976,77,0x0000000000000000,88.2
1790494139,2026/09/27 07:28:59.660,67.87,1976,79,0x0000000000000000,85.7
1790494149,2026/09/27 07:29:09.708,63.48,1976,77,0x0000000000000000,85.0
1790494159,2026/09/27 07:29:19.764,64.50,1976,77,0x0000000000000000,87.5
1790494169,2026/09/27 07:29:29.818,68.61,1976,79,0x0000000000000000,85.2
1790494179,2026/09/27 07:29:39.874,56.46,1976,78,0x0000000000000000,84.3
1790494189,2026/09/27 07:29:49.929,64.68,1976,78,0x0000000000000000,84.6
1790494199,2026/09/27 07:29:59.981,68.94,1976,78,0x0000000000000000,85.6
1790494210,2026/09/27 07:30:10.041,64.47,1976,78,0x0000000000000000,84.9
1790494220,2026/09/27 07:30:20.101,65.80,1976,78,0x0000000000000000,85.3
1790494230,2026/09/27 07:30:30.157,67.30,1976,77,0x0000000000000000,84.7
1790494240,2026/09/27 07:30:40.212,65.01,1976,78,0x0000000000000000,87.2
1790494250,2026/09/27 07:30:50.272,64.81,1976,78,0x0000000000000000,87.6
1790494260,2026/09/27 07:31:00.329,68.61,1976,77,0x0000000000000000,85.7
1790494270,2026/09/27 07:31:10.389,65.25,1976,78,0x0000000000000000,86.2
1790494280,2026/09/27 07:31:20.447,65.36,1976,77,0x0000000000000000,86.9
1790494290,2026/09/27 07:31:30.501,65.59,1976,78,0x0000000000000000,85.9
1790494300,2026/09/27 07:31:40.567,63.04,1976,77,0x0000000000000000,84.1
1790494310,2026/09/27 07:31:50.630,68.70,1976,79,0x0000000000000000,85.2
1790494320,2026/09/27 07:32:00.690,63.69,1976,77,0x0000000000000000,84.6
1790494330,2026/09/27 07:32:10.752,64.52,1976,78,0x0000000000000000,84.4
1790494340,2026/09/27 07:32:20.818,68.13,1976,78,0x0000000000000000,85.7
1790494350,2026/09/27 07:32:30.876,65.62,1976,78,0x0000000000000000,86.7
1790494360,2026/09/27 07:32:40.931,64.26,1976,78,0x0000000000000000,84.7
1790494371,2026/09/27 07:32:50.986,67.72,1976,77,0x0000000000000000,85.5
1790494381,2026/09/27 07:33:01.045,64.64,1976,78,0x0000000000000000,84.9
1790494391,2026/09/27 07:33:11.106,66.00,1976,78,0x0000000000000000,87.5
1790494401,2026/09/27 07:33:21.160,67.35,1976,78,0x0000000000000000,85.2
1790494411,2026/09/27 07:33:31.215,64.12,1976,76,0x0000000000000000,86.4
1790494421,2026/09/27 07:33:41.269,66.03,1976,78,0x0000000000000000,87.9
1790494431,2026/09/27 07:33:51.322,69.49,1976,77,0x0000000000000000,84.2
1790494441,2026/09/27 07:34:01.381,65.18,1976,78,0x0000000000000000,87.9
1790494451,2026/09/27 07:34:11.440,65.07,1976,78,0x0000000000000000,86.6
1790494461,2026/09/27 07:34:21.493,68.28,1976,77,0x0000000000000000,84.5
1790494471,2026/09/27 07:34:31.547,63.90,1976,77,0x0000000000000000,84.4
1790494481,2026/09/27 07:34:41.604,68.68,1976,78,0x0000000000000000,85.2
1790494491,2026/09/27 07:34:51.658,63.62,1976,77,0x0000000000000000,84.4
1790494501,2026/09/27 07:35:01.711,64.28,1976,77,0x0000000000000000,84.3
1790494511,2026/09/27 07:35:11.769,67.71,1976,78,0x0000000000000000,84.7
1790494521,2026/09/27 07:35:21.823,63.97,1976,77,0x0000000000000000,85.3
1790494531,2026/09/27 07:35:31.881,64.81,1976,77,0x0000000000000000,86.6
1790494541,2026/09/27 07:35:41.936,68.82,1976,79,0x0000000000000000,85.2
1790494552,2026/09/27 07:35:51.992,64.42,1976,77,0x0000000000000000,84.5
1790494562,2026/09/27 07:36:02.050,65.68,1976,78,0x0000000000000000,87.7
1790494572,2026/09/27 07:36:12.105,66.22,1976,77,0x0000000000000000,84.2
1790494582,2026/09/27 07:36:22.163,65.07,1976,78,0x0000000000000000,84.6
1790494592,2026/09/27 07:36:32.219,65.49,1976,78,0x0000000000000000,86.3
1790494602,2026/09/27 07:36:42.274,65.97,1976,77,0x0000000000000000,84.4
1790494612,2026/09/27 07:36:52.330,63.77,1976,77,0x0000000000000000,84.5
1790494622,2026/09/27 07:37:02.382,65.41,1976,78,0x0000000000000000,84.9
1790494632,2026/09/27 07:37:12.438,67.59,1976,77,0x0000000000000000,84.7
1790494642,2026/09/27 07:37:22.495,63.99,1976,77,0x0000000000000000,84.5
1790494652,2026/09/27 07:37:32.553,67.98,1976,78,0x0000000000000000,87.4
1790494662,2026/09/27 07:37:42.613,64.31,1976,77,0x0000000000000000,85.5
1790494672,2026/09/27 07:37:52.669,64.53,1976,77,0x0000000000000000,84.1
1790494682,2026/09/27 07:38:02.723,68.46,1976,78,0x0000000000000000,84.6
1790494692,2026/09/27 07:38:12.784,64.54,1976,77,0x0000000000000000,84.2
1790494702,2026/09/27 07:38:22.843,64.95,1976,77,0x0000000000000000,84.3
1790494712,2026/09/27 07:38:32.898,68.58,1976,78,0x0000000000000000,84.9
1790494722,2026/09/27 07:38:42.951,64.64,1976,78,0x0000000000000000,84.6
1790494733,2026/09/27 07:38:53.008,65.06,1976,77,0x0000000000000000,86.3
1790494743,2026/09/27 07:39:03.065,66.20,1976,75,0x0000000000000000,84.5
1790494753,2026/09/27 07:39:13.126,64.93,1976,77,0x0000000000000000,84.2
1790494763,2026/09/27 07:39:23.187,65.89,1976,78,0x0000000000000000,84.4
1790494773,2026/09/27 07:39:33.239,64.38,1976,77,0x0000000000000000,83.8
1790494783,2026/09/27 07:39:43.302,64.34,1976,77,0x0000000000000000,84.3
1790494793,2026/09/27 07:39:53.359,65.96,1976,78,0x0000000000000000,85.1
1790494803,2026/09/27 07:40:03.416,67.09,1976,76,0x0000000000000000,84.2
1790494813,2026/09/27 07:40:13.472,64.28,1976,77,0x0000000000000000,85.0
1790494823,2026/09/27 07:40:23.528,65.76,1976,78,0x0000000000000000,86.3
1790494833,2026/09/27 07:40:33.584,63.27,1976,77,0x0000000000000000,84.3
1790494843,2026/09/27 07:40:43.642,64.08,1976,77,0x0000000000000000,84.4
1790494853,2026/09/27 07:40:53.695,69.22,1976,79,0x0000000000000000,85.1
1790494863,2026/09/27 07:41:03.751,63.89,1976,77,0x0000000000000000,84.2
1790494873,2026/09/27 07:41:13.802,64.87,1976,77,0x0000000000000000,84.4
1790494883,2026/09/27 07:41:23.855,68.98,1976,78,0x0000000000000000,85.1
1790494893,2026/09/27 07:41:33.908,64.07,1976,77,0x0000000000000000,84.5
1790494903,2026/09/27 07:41:43.960,64.83,1976,77,0x0000000000000000,84.4
1790494914,2026/09/27 07:41:54.017,69.14,1976,78,0x0000000000000000,84.2
1790494924,2026/09/27 07:42:04.073,63.85,1976,76,0x0000000000000000,83.0
1790494934,2026/09/27 07:42:14.128,65.79,1976,78,0x0000000000000000,84.4
1790494944,2026/09/27 07:42:24.187,66.89,1976,77,0x0000000000000000,84.3
1790494954,2026/09/27 07:42:34.260,62.85,1976,77,0x0000000000000000,84.1
1790494964,2026/09/27 07:42:44.315,65.90,1976,78,0x0000000000000000,86.7
1790494974,2026/09/27 07:42:54.374,66.18,1976,76,0x0000000000000000,84.3
1790494984,2026/09/27 07:43:04.432,64.88,1976,77,0x0000000000000000,86.6
1790494994,2026/09/27 07:43:14.488,65.40,1976,78,0x0000000000000000,84.9
1790495004,2026/09/27 07:43:24.544,66.99,1976,77,0x0000000000000000,84.4
1790495014,2026/09/27 07:43:34.596,64.17,1976,77,0x0000000000000000,84.1
1790495024,2026/09/27 07:43:44.649,69.21,1976,78,0x0000000000000000,87.6
1790495034,2026/09/27 07:43:54.706,64.66,1976,77,0x0000000000000000,84.6
1790495044,2026/09/27 07:44:04.763,64.45,1976,77,0x0000000000000000,84.5
1790495054,2026/09/27 07:44:14.822,68.89,1976,78,0x0000000000000000,85.5
1790495064,2026/09/27 07:44:24.882,64.46,1976,77,0x0000000000000000,85.7
1790495074,2026/09/27 07:44:34.937,64.89,1976,77,0x0000000000000000,85.6
1790495085,2026/09/27 07:44:44.991,70.01,1976,79,0x0000000000000000,84.7
1790495095,2026/09/27 07:44:55.049,64.79,1976,77,0x0000000000000000,85.7
1790495105,2026/09/27 07:45:05.104,65.02,1976,78,0x0000000000000000,85.9
1790495115,2026/09/27 07:45:15.161,66.45,1976,76,0x0000000000000000,84.4
1790495125,2026/09/27 07:45:25.220,63.27,1976,77,0x0000000000000000,84.1
1790495135,2026/09/27 07:45:35.274,65.30,1976,78,0x0000000000000000,84.4
1790495145,2026/09/27 07:45:45.326,68.00,1976,78,0x0000000000000000,84.0
1790495155,2026/09/27 07:45:55.388,64.01,1976,77,0x0000000000000000,85.7
1790495165,2026/09/27 07:46:05.441,66.19,1976,78,0x0000000000000000,85.4
1790495175,2026/09/27 07:46:15.493,65.99,1976,77,0x0000000000000000,84.4
1790495185,2026/09/27 07:46:25.551,67.46,1976,78,0x0000000000000000,85.0
1790495195,2026/09/27 07:46:35.609,68.36,1976,79,0x0000000000000000,85.3
1790495205,2026/09/27 07:46:45.667,61.34,1976,78,0x0000000000000000,84.4
1790495215,2026/09/27 07:46:55.724,66.64,1976,78,0x0000000000000000,84.7
1790495225,2026/09/27 07:47:05.776,68.18,1976,78,0x0000000000000000,86.5
1790495235,2026/09/27 07:47:15.835,67.57,1976,78,0x0000000000000000,85.5
1790495245,2026/09/27 07:47:25.892,67.73,1976,78,0x0000000000000000,86.3
1790495255,2026/09/27 07:47:35.950,67.45,1976,78,0x0000000000000000,85.6
1790495266,2026/09/27 07:47:46.012,67.49,1976,78,0x0000000000000000,85.5
1790495276,2026/09/27 07:47:56.066,66.53,1976,78,0x0000000000000000,85.2
1790495286,2026/09/27 07:48:06.117,67.76,1976,77,0x0000000000000000,85.4
1790495296,2026/09/27 07:48:16.172,67.91,1976,78,0x0000000000000000,85.5
1790495306,2026/09/27 07:48:26.228,67.36,1976,78,0x0000000000000000,85.5
1790495316,2026/09/27 07:48:36.280,68.07,1976,78,0x0000000000000000,85.5
1790495326,2026/09/27 07:48:46.333,67.10,1976,79,0x0000000000000000,85.6
1790495336,2026/09/27 07:48:56.393,67.57,1976,78,0x0000000000000000,85.4
1790495346,2026/09/27 07:49:06.450,68.14,1976,79,0x0000000000000000,84.9
1790495356,2026/09/27 07:49:16.501,69.36,1976,79,0x0000000000000000,85.6
1790495366,2026/09/27 07:49:26.557,65.64,1976,78,0x0000000000000000,85.3
1790495376,2026/09/27 07:49:36.612,67.48,1976,78,0x0000000000000000,86.3
1790495386,2026/09/27 07:49:46.668,69.24,1976,79,0x0000000000000000,85.7
1790495396,2026/09/27 07:49:56.726,67.82,1976,78,0x0000000000000000,85.6
1790495406,2026/09/27 07:50:06.782,68.00,1976,78,0x0000000000000000,87.2
1790495416,2026/09/27 07:50:16.836,68.26,1976,77,0x0000000000000000,85.7
1790495426,2026/09/27 07:50:26.889,67.42,1976,78,0x0000000000000000,85.5
1790495436,2026/09/27 07:50:36.942,67.85,1976,78,0x0000000000000000,85.8
1790495447,2026/09/27 07:50:46.995,68.49,1976,78,0x0000000000000000,85.6
1790495457,2026/09/27 07:50:57.049,65.12,1976,79,0x0000000000000000,85.8
1790495467,2026/09/27 07:51:07.103,67.58,1976,78,0x0000000000000000,86.2
1790495477,2026/09/27 07:51:17.158,68.38,1976,78,0x0000000000000000,86.2
1790495487,2026/09/27 07:51:27.217,67.81,1976,78,0x0000000000000000,85.4
1790495497,2026/09/27 07:51:37.279,67.10,1976,78,0x0000000000000000,85.7
1790495507,2026/09/27 07:51:47.329,67.62,1976,78,0x0000000000000000,85.9
1790495517,2026/09/27 07:51:57.387,68.10,1976,79,0x0000000000000000,86.0
1790495527,2026/09/27 07:52:07.439,68.07,1976,80,0x0000000000000000,86.2
1790495537,2026/09/27 07:52:17.493,65.26,1976,79,0x0000000000000000,86.2
1790495547,2026/09/27 07:52:27.546,65.22,1976,77,0x0000000000000000,85.8
1790495557,2026/09/27 07:52:37.602,69.74,1976,79,0x0000000000000000,86.2
1790495567,2026/09/27 07:52:47.657,66.01,1976,79,0x0000000000000000,85.5
1790495577,2026/09/27 07:52:57.709,67.96,1976,79,0x0000000000000000,86.4
1790495587,2026/09/27 07:53:07.762,68.18,1976,77,0x0000000000000000,85.7
1790495597,2026/09/27 07:53:17.820,66.50,1976,78,0x0000000000000000,85.7
1790495607,2026/09/27 07:53:27.877,68.10,1976,78,0x0000000000000000,86.3
1790495617,2026/09/27 07:53:37.929,70.42,1976,77,0x0000000000000000,86.2
1790495627,2026/09/27 07:53:47.984,65.09,1976,78,0x0000000000000000,85.1
1790495638,2026/09/27 07:53:58.039,67.72,1976,78,0x0000000000000000,85.9
1790495648,2026/09/27 07:54:08.090,67.26,1976,77,0x0000000000000000,85.4
1790495658,2026/09/27 07:54:18.149,67.51,1976,78,0x0000000000000000,85.3
1790495668,2026/09/27 07:54:28.204,67.36,1976,78,0x0000000000000000,85.9
1790495678,2026/09/27 07:54:38.257,65.24,1976,78,0x0000000000000000,85.0
1790495688,2026/09/27 07:54:48.314,66.43,1976,78,0x0000000000000000,85.2
1790495698,2026/09/27 07:54:58.370,69.95,1976,79,0x0000000000000000,86.5
1790495708,2026/09/27 07:55:08.428,67.45,1976,78,0x0000000000000000,85.6
1790495718,2026/09/27 07:55:18.487,68.08,1976,78,0x0000000000000000,85.6
1790495728,2026/09/27 07:55:28.541,69.65,1976,79,0x0000000000000000,85.7
1790495738,2026/09/27 07:55:38.597,66.23,1976,78,0x0000000000000000,85.5
1790495748,2026/09/27 07:55:48.652,68.08,1976,78,0x0000000000000000,87.2
1790495758,2026/09/27 07:55:58.710,69.59,1976,79,0x0000000000000000,85.4
1790495768,2026/09/27 07:56:08.768,64.21,1976,78,0x0000000000000000,85.4
1790495778,2026/09/27 07:56:18.825,68.17,1976,78,0x0000000000000000,85.9
1790495788,2026/09/27 07:56:28.881,67.69,1976,76,0x0000000000000000,84.6
1790495798,2026/09/27 07:56:38.936,67.70,1976,78,0x0000000000000000,85.5
1790495809,2026/09/27 07:56:49.003,68.13,1976,78,0x0000000000000000,85.8
1790495819,2026/09/27 07:56:59.056,67.92,1976,77,0x0000000000000000,85.4
1790495829,2026/09/27 07:57:09.108,64.28,1976,78,0x0000000000000000,84.9
1790495839,2026/09/27 07:57:19.163,63.40,1976,72,0x0000000000000000,83.8
1790495849,2026/09/27 07:57:29.216,67.53,1976,76,0x0000000000000000,85.2
1790495859,2026/09/27 07:57:39.270,67.59,1976,77,0x0000000000000000,85.3
1790495869,2026/09/27 07:57:49.332,66.01,1976,79,0x0000000000000000,85.7
1790495879,2026/09/27 07:57:59.385,65.99,1976,78,0x0000000000000000,85.4
1790495889,2026/09/27 07:58:09.439,67.98,1976,79,0x0000000000000000,85.4
1790495899,2026/09/27 07:58:19.495,69.94,1976,79,0x0000000000000000,85.8
1790495909,2026/09/27 07:58:29.556,65.84,1976,76,0x0000000000000000,84.1
1790495919,2026/09/27 07:58:39.610,67.67,1976,78,0x0000000000000000,86.5
1790495929,2026/09/27 07:58:49.665,70.20,1976,79,0x0000000000000000,85.7
1790495939,2026/09/27 07:58:59.722,64.28,1976,78,0x0000000000000000,85.1
1790495949,2026/09/27 07:59:09.780,68.14,1976,78,0x0000000000000000,85.7
1790495959,2026/09/27 07:59:19.833,67.10,1976,77,0x0000000000000000,85.1
1790495969,2026/09/27 07:59:29.890,67.97,1976,78,0x0000000000000000,85.6
1790495979,2026/09/27 07:59:39.948,67.01,1976,78,0x0000000000000000,85.6
1790495990,2026/09/27 07:59:50.003,67.30,1976,77,0x0000000000000000,84.1
1790496000,2026/09/27 08:00:00.057,66.73,1976,78,0x0000000000000000,85.3
1790496010,2026/09/27 08:00:10.116,67.09,1976,78,0x0000000000000000,85.8
1790496020,2026/09/27 08:00:20.169,67.97,1976,77,0x0000000000000000,85.2
1790496030,2026/09/27 08:00:30.223,67.18,1976,78,0x0000000000000000,85.8
1790496040,2026/09/27 08:00:40.275,65.91,1976,78,0x0000000000000000,85.7
1790496050,2026/09/27 08:00:50.338,57.08,1976,78,0x0000000000000000,83.8
1790496060,2026/09/27 08:01:00.394,68.15,1976,78,0x0000000000000000,85.6
1790496070,2026/09/27 08:01:10.448,68.58,1976,78,0x0000000000000000,85.6
1790496080,2026/09/27 08:01:20.509,63.07,1976,76,0x0000000000000000,84.9
1790496090,2026/09/27 08:01:30.566,68.07,1976,78,0x0000000000000000,84.9
1790496100,2026/09/27 08:01:40.622,69.42,1976,79,0x0000000000000000,85.8
1790496110,2026/09/27 08:01:50.684,65.42,1976,78,0x0000000000000000,85.5
1790496120,2026/09/27 08:02:00.741,67.01,1976,78,0x0000000000000000,85.8
1790496130,2026/09/27 08:02:10.797,61.90,1976,78,0x0000000000000000,85.4
1790496140,2026/09/27 08:02:20.855,67.36,1976,78,0x0000000000000000,85.4
1790496150,2026/09/27 08:02:30.906,67.76,1976,78,0x0000000000000000,85.5
1790496160,2026/09/27 08:02:40.961,68.32,1976,77,0x0000000000000000,85.6
1790496171,2026/09/27 08:02:51.017,64.79,1976,78,0x0000000000000000,85.3
1790496181,2026/09/27 08:03:01.072,68.39,1976,79,0x0000000000000000,85.9
1790496191,2026/09/27 08:03:11.129,69.51,1976,78,0x0000000000000000,85.4
1790496201,2026/09/27 08:03:21.187,67.81,1976,78,0x0000000000000000,85.7
1790496211,2026/09/27 08:03:31.242,66.83,1976,79,0x0000000000000000,85.7
1790496221,2026/09/27 08:03:41.295,67.64,1976,76,0x0000000000000000,84.6
1790496231,2026/09/27 08:03:51.353,67.79,1976,78,0x0000000000000000,86.3
1790496241,2026/09/27 08:04:01.411,68.37,1976,78,0x0000000000000000,85.6
1790496251,2026/09/27 08:04:11.464,68.77,1976,78,0x0000000000000000,85.5
1790496261,2026/09/27 08:04:21.518,66.51,1976,77,0x0000000000000000,85.2
1790496271,2026/09/27 08:04:31.572,70.22,1976,79,0x0000000000000000,85.7
1790496281,2026/09/27 08:04:41.632,69.00,1976,79,0x0000000000000000,85.8
1790496291,2026/09/27 08:04:51.694,68.29,1976,78,0x0000000000000000,87.4
1790496301,2026/09/27 08:05:01.750,68.39,1976,77,0x0000000000000000,86.1
1790496311,2026/09/27 08:05:11.802,68.79,1976,78,0x0000000000000000,85.4
1790496321,2026/09/27 08:05:21.855,67.22,1976,79,0x0000000000000000,85.7
1790496331,2026/09/27 08:05:31.912,68.22,1976,78,0x0000000000000000,85.9
1790496341,2026/09/27 08:05:41.968,66.99,1976,78,0x0000000000000000,85.6
1790496352,2026/09/27 08:05:52.027,68.39,1976,79,0x0000000000000000,86.0
1790496362,2026/09/27 08:06:02.087,67.80,1976,77,0x0000000000000000,85.6
1790496372,2026/09/27 08:06:12.141,67.82,1976,78,0x0000000000000000,87.3
1790496382,2026/09/27 08:06:22.196,68.11,1976,78,0x0000000000000000,87.5
1790496392,2026/09/27 08:06:32.250,68.24,1976,78,0x0000000000000000,85.8
1790496402,2026/09/27 08:06:42.306,67.94,1976,78,0x0000000000000000,86.8
1790496412,2026/09/27 08:06:52.364,67.12,1976,79,0x0000000000000000,85.3
1790496422,2026/09/27 08:07:02.418,69.00,1976,78,0x0000000000000000,85.9
1790496432,2026/09/27 08:07:12.471,64.39,1976,78,0x0000000000000000,84.8
1790496442,2026/09/27 08:07:22.524,66.85,1976,77,0x0000000000000000,85.6
1790496452,2026/09/27 08:07:32.577,68.55,1976,79,0x0000000000000000,85.7
1790496462,2026/09/27 08:07:42.631,67.57,1976,78,0x0000000000000000,85.4
1790496472,2026/09/27 08:07:52.684,66.65,1976,78,0x0000000000000000,85.4
1790496482,2026/09/27 08:08:02.741,64.52,1976,78,0x0000000000000000,85.3
1790496492,2026/09/27 08:08:12.800,67.55,1976,79,0x0000000000000000,86.0
1790496502,2026/09/27 08:08:22.861,67.43,1976,78,0x0000000000000000,85.8
1790496512,2026/09/27 08:08:32.919,67.59,1976,78,0x0000000000000000,85.5
1790496522,2026/09/27 08:08:42.977,69.04,1976,79,0x0000000000000000,86.1
1790496533,2026/09/27 08:08:53.031,67.14,1976,78,0x0000000000000000,85.8
1790496543,2026/09/27 08:09:03.089,68.20,1976,78,0x0000000000000000,85.8
1790496553,2026/09/27 08:09:13.145,68.27,1976,78,0x0000000000000000,85.9
1790496563,2026/09/27 08:09:23.198,67.06,1976,76,0x0000000000000000,85.1
1790496573,2026/09/27 08:09:33.254,67.56,1976,78,0x0000000000000000,85.3
1790496583,2026/09/27 08:09:43.310,67.54,1976,78,0x0000000000000000,85.2
1790496593,2026/09/27 08:09:53.362,67.82,1976,76,0x0000000000000000,85.0
1790496603,2026/09/27 08:10:03.413,68.07,1976,78,0x0000000000000000,85.1
1790496613,2026/09/27 08:10:13.467,70.10,1976,78,0x0000000000000000,85.8
1790496623,2026/09/27 08:10:23.529,65.60,1976,78,0x0000000000000000,85.2
1790496633,2026/09/27 08:10:33.584,67.99,1976,78,0x0000000000000000,84.8
1790496643,2026/09/27 08:10:43.641,63.01,1976,79,0x0000000000000000,84.9
1790496653,2026/09/27 08:10:53.698,65.38,1976,78,0x0000000000000000,85.0
1790496663,2026/09/27 08:11:03.749,67.53,1976,78,0x0000000000000000,85.3
1790496673,2026/09/27 08:11:13.802,69.97,1976,79,0x0000000000000000,85.5
1790496683,2026/09/27 08:11:23.862,68.68,1976,78,0x0000000000000000,85.5
1790496693,2026/09/27 08:11:33.914,68.76,1976,79,0x0000000000000000,86.9
1790496703,2026/09/27 08:11:43.969,67.45,1976,77,0x0000000000000000,85.3
1790496714,2026/09/27 08:11:54.023,67.82,1976,78,0x0000000000000000,85.0
1790496724,2026/09/27 08:12:04.077,68.05,1976,78,0x0000000000000000,85.7
1790496734,2026/09/27 08:12:14.130,67.26,1976,76,0x0000000000000000,85.4
1790496744,2026/09/27 08:12:24.187,67.99,1976,78,0x0000000000000000,85.5
1790496754,2026/09/27 08:12:34.240,68.63,1976,79,0x0000000000000000,85.1
1790496764,2026/09/27 08:12:44.294,67.24,1976,78,0x0000000000000000,85.6
1790496774,2026/09/27 08:12:54.353,68.12,1976,78,0x0000000000000000,84.5
1790496784,2026/09/27 08:13:04.409,68.64,1976,78,0x0000000000000000,86.0
1790496794,2026/09/27 08:13:14.461,68.31,1976,78,0x0000000000000000,85.5
1790496804,2026/09/27 08:13:24.515,67.90,1976,78,0x0000000000000000,85.6
1790496814,2026/09/27 08:13:34.566,51.34,1976,76,0x0000000000000000,83.1
1790496824,2026/09/27 08:13:44.624,67.09,1976,77,0x0000000000000000,85.1
1790496834,2026/09/27 08:13:54.681,67.90,1976,77,0x0000000000000000,85.8
1790496844,2026/09/27 08:14:04.737,69.92,1976,79,0x0000000000000000,85.0
1790496854,2026/09/27 08:14:14.790,68.24,1976,78,0x0000000000000000,85.6
1790496864,2026/09/27 08:14:24.850,68.08,1976,78,0x0000000000000000,86.1
1790496874,2026/09/27 08:14:34.905,67.12,1976,77,0x0000000000000000,85.5
1790496884,2026/09/27 08:14:44.958,67.88,1976,78,0x0000000000000000,85.3
1790496895,2026/09/27 08:14:55.010,68.92,1976,79,0x0000000000000000,85.8
1790496905,2026/09/27 08:15:05.067,67.07,1976,78,0x0000000000000000,85.5
1790496915,2026/09/27 08:15:15.123,67.66,1976,78,0x0000000000000000,85.3
1790496925,2026/09/27 08:15:25.174,68.96,1976,79,0x0000000000000000,85.1
1790496935,2026/09/27 08:15:35.233,67.00,1976,78,0x0000000000000000,85.2
1790496945,2026/09/27 08:15:45.287,67.25,1976,78,0x0000000000000000,85.2
1790496955,2026/09/27 08:15:55.343,68.25,1976,79,0x0000000000000000,85.3
1790496965,2026/09/27 08:16:05.395,66.32,1976,78,0x0000000000000000,85.0
1790496975,2026/09/27 08:16:15.447,67.94,1976,78,0x0000000000000000,85.2
1790496985,2026/09/27 08:16:25.501,70.33,1976,79,0x0000000000000000,85.8
1790496995,2026/09/27 08:16:35.556,66.40,1976,78,0x0000000000000000,85.5
1790497005,2026/09/27 08:16:45.613,67.51,1976,78,0x0000000000000000,85.6
1790497015,2026/09/27 08:16:55.667,66.35,1976,79,0x0000000000000000,85.2
1790497025,2026/09/27 08:17:05.729,68.32,1976,78,0x0000000000000000,85.3
1790497035,2026/09/27 08:17:15.785,67.82,1976,78,0x0000000000000000,85.6
1790497045,2026/09/27 08:17:25.840,67.18,1976,78,0x0000000000000000,85.4
1790497055,2026/09/27 08:17:35.905,65.59,1976,78,0x0000000000000000,85.2
1790497065,2026/09/27 08:17:45.960,68.13,1976,79,0x0000000000000000,86.4
1790497076,2026/09/27 08:17:56.019,58.99,1976,78,0x0000000000000000,83.7
1790497086,2026/09/27 08:18:06.073,67.63,1976,78,0x0000000000000000,85.5
1790497096,2026/09/27 08:18:16.126,64.91,1976,79,0x0000000000000000,85.1
1790497106,2026/09/27 08:18:26.182,66.78,1976,78,0x0000000000000000,85.5
1790497116,2026/09/27 08:18:36.235,67.05,1976,78,0x0000000000000000,85.7
1790497126,2026/09/27 08:18:46.292,67.14,1976,78,0x0000000000000000,84.2
1790497136,2026/09/27 08:18:56.345,67.82,1976,78,0x0000000000000000,85.9
1790497146,2026/09/27 08:19:06.407,68.33,1976,78,0x0000000000000000,85.7
1790497156,2026/09/27 08:19:16.462,67.50,1976,78,0x0000000000000000,85.4
1790497166,2026/09/27 08:19:26.516,69.53,1976,79,0x0000000000000000,85.9
1790497176,2026/09/27 08:19:36.572,66.46,1976,78,0x0000000000000000,85.4
1790497186,2026/09/27 08:19:46.626,68.07,1976,78,0x0000000000000000,85.9
1790497196,2026/09/27 08:19:56.683,69.13,1976,79,0x0000000000000000,85.4
1790497206,2026/09/27 08:20:06.747,66.86,1976,78,0x0000000000000000,85.6
1790497216,2026/09/27 08:20:16.803,68.03,1976,78,0x0000000000000000,85.5
1790497226,2026/09/27 08:20:26.859,69.09,1976,79,0x0000000000000000,85.5
1790497236,2026/09/27 08:20:36.915,67.76,1976,78,0x0000000000000000,85.7
1790497246,2026/09/27 08:20:46.973,66.22,1976,77,0x0000000000000000,85.1
1790497257,2026/09/27 08:20:57.024,67.85,1976,78,0x0000000000000000,85.4
1790497267,2026/09/27 08:21:07.077,64.67,1976,78,0x0000000000000000,85.3
1790497277,2026/09/27 08:21:17.132,65.25,1976,76,0x0000000000000000,84.8
1790497287,2026/09/27 08:21:27.185,67.57,1976,78,0x0000000000000000,85.2
1790497297,2026/09/27 08:21:37.244,68.41,1976,78,0x0000000000000000,85.5
1790497307,2026/09/27 08:21:47.301,68.30,1976,78,0x0000000000000000,85.5
1790497317,2026/09/27 08:21:57.352,67.88,1976,77,0x0000000000000000,85.5
1790497327,2026/09/27 08:22:07.414,68.30,1976,78,0x0000000000000000,85.5
1790497337,2026/09/27 08:22:17.467,68.37,1976,78,0x0000000000000000,85.7
1790497347,2026/09/27 08:22:27.528,65.85,1976,78,0x0000000000000000,85.4
1790497357,2026/09/27 08:22:37.585,68.14,1976,78,0x0000000000000000,85.2
1790497367,2026/09/27 08:22:47.645,69.69,1976,79,0x0000000000000000,85.7
1790497377,2026/09/27 08:22:57.702,65.59,1976,78,0x0000000000000000,85.0
1790497387,2026/09/27 08:23:07.757,67.90,1976,78,0x0000000000000000,85.2
1790497397,2026/09/27 08:23:17.818,69.44,1976,79,0x0000000000000000,85.4
1790497407,2026/09/27 08:23:27.882,66.29,1976,76,0x0000000000000000,84.7
1790497417,2026/09/27 08:23:37.940,67.64,1976,78,0x0000000000000000,84.9
1790497428,2026/09/27 08:23:47.997,68.74,1976,79,0x0000000000000000,85.1
1790497438,2026/09/27 08:23:58.049,67.76,1976,78,0x0000000000000000,85.3
1790497448,2026/09/27 08:24:08.104,67.87,1976,78,0x0000000000000000,86.3
1790497458,2026/09/27 08:24:18.161,67.49,1976,77,0x0000000000000000,85.0
1790497468,2026/09/27 08:24:28.216,67.50,1976,78,0x0000000000000000,85.2
1790497478,2026/09/27 08:24:38.271,68.23,1976,78,0x0000000000000000,85.9
1790497488,2026/09/27 08:24:48.323,67.80,1976,77,0x0000000000000000,85.3
1790497498,2026/09/27 08:24:58.378,67.47,1976,77,0x0000000000000000,85.3
1790497508,2026/09/27 08:25:08.432,68.07,1976,78,0x0000000000000000,85.8
1790497518,2026/09/27 08:25:18.485,68.03,1976,77,0x0000000000000000,85.2
1790497528,2026/09/27 08:25:28.541,68.03,1976,78,0x0000000000000000,84.5
1790497538,2026/09/27 08:25:38.595,68.94,1976,78,0x0000000000000000,85.1
1790497548,2026/09/27 08:25:48.652,65.82,1976,76,0x0000000000000000,84.8
1790497558,2026/09/27 08:25:58.712,68.10,1976,77,0x0000000000000000,84.8
1790497568,2026/09/27 08:26:08.769,68.64,1976,78,0x0000000000000000,85.3
1790497578,2026/09/27 08:26:18.821,65.92,1976,78,0x0000000000000000,84.7
1790497588,2026/09/27 08:26:28.870,67.94,1976,78,0x0000000000000000,85.4
1790497598,2026/09/27 08:26:38.930,69.69,1976,79,0x0000000000000000,85.5
1790497609,2026/09/27 08:26:48.990,68.95,1976,78,0x0000000000000000,85.7
1790497619,2026/09/27 08:26:59.044,68.19,1976,78,0x0000000000000000,85.5
1790497629,2026/09/27 08:27:09.101,70.17,1976,77,0x0000000000000000,85.9
1790497639,2026/09/27 08:27:19.155,64.28,1976,78,0x0000000000000000,84.8
1790497649,2026/09/27 08:27:29.208,68.15,1976,78,0x0000000000000000,85.5
1790497659,2026/09/27 08:27:39.265,71.26,1976,79,0x0000000000000000,86.3
1790497669,2026/09/27 08:27:49.322,67.03,1976,77,0x0000000000000000,85.7
1790497679,2026/09/27 08:27:59.376,68.36,1976,78,0x0000000000000000,85.8
1790497689,2026/09/27 08:28:09.427,67.79,1976,77,0x0000000000000000,85.3
1790497699,2026/09/27 08:28:19.482,68.09,1976,78,0x0000000000000000,85.3
1790497709,2026/09/27 08:28:29.534,68.21,1976,78,0x0000000000000000,85.8
1790497719,2026/09/27 08:28:39.593,64.25,1976,78,0x0000000000000000,84.9
1790497729,2026/09/27 08:28:49.652,67.90,1976,78,0x0000000000000000,85.2
1790497739,2026/09/27 08:28:59.721,69.41,1976,79,0x0000000000000000,85.8
1790497749,2026/09/27 08:29:09.777,66.15,1976,78,0x0000000000000000,85.6
1790497759,2026/09/27 08:29:19.835,68.29,1976,78,0x0000000000000000,85.3
1790497769,2026/09/27 08:29:29.886,68.12,1976,79,0x0000000000000000,85.6
1790497779,2026/09/27 08:29:39.943,66.13,1976,78,0x0000000000000000,85.6
1790497790,2026/09/27 08:29:49.997,67.98,1976,78,0x0000000000000000,85.6
1790497800,2026/09/27 08:30:00.052,69.32,1976,78,0x0000000000000000,85.6
1790497810,2026/09/27 08:30:10.110,67.41,1976,78,0x0000000000000000,85.6
1790497820,2026/09/27 08:30:20.166,67.05,1976,78,0x0000000000000000,85.2
1790497830,2026/09/27 08:30:30.220,67.53,1976,77,0x0000000000000000,85.4
1790497840,2026/09/27 08:30:40.271,67.11,1976,78,0x0000000000000000,85.5
1790497850,2026/09/27 08:30:50.325,67.20,1976,78,0x0000000000000000,85.1
1790497860,2026/09/27 08:31:00.378,67.81,1976,78,0x0000000000000000,85.2
1790497870,2026/09/27 08:31:10.432,67.69,1976,78,0x0000000000000000,85.2
1790497880,2026/09/27 08:31:20.486,64.29,1976,78,0x0000000000000000,85.6
1790497890,2026/09/27 08:31:30.536,68.15,1976,77,0x0000000000000000,85.3
1790497900,2026/09/27 08:31:40.590,64.90,1976,78,0x0000000000000000,85.2
1790497910,2026/09/27 08:31:50.642,67.82,1976,79,0x0000000000000000,85.5
1790497920,2026/09/27 08:32:00.700,65.81,1976,78,0x0000000000000000,85.5
1790497930,2026/09/27 08:32:10.751,67.42,1976,78,0x0000000000000000,85.3
1790497940,2026/09/27 08:32:20.807,69.87,1976,79,0x0000000000000000,85.8
1790497950,2026/09/27 08:32:30.858,65.66,1976,78,0x0000000000000000,85.6
1790497960,2026/09/27 08:32:40.913,65.20,1976,77,0x0000000000000000,85.1
1790497970,2026/09/27 08:32:50.970,68.35,1976,79,0x0000000000000000,85.7
1790497981,2026/09/27 08:33:01.021,67.28,1976,78,0x0000000000000000,85.5
1790497991,2026/09/27 08:33:11.078,67.89,1976,78,0x0000000000000000,85.8
1790498001,2026/09/27 08:33:21.130,68.35,1976,78,0x0000000000000000,85.5
1790498011,2026/09/27 08:33:31.183,64.28,1976,78,0x0000000000000000,85.2
1790498021,2026/09/27 08:33:41.235,67.29,1976,78,0x0000000000000000,85.4
1790498031,2026/09/27 08:33:51.288,68.41,1976,78,0x0000000000000000,85.5
1790498041,2026/09/27 08:34:01.345,67.73,1976,78,0x0000000000000000,86.0
1790498051,2026/09/27 08:34:11.403,64.30,1976,78,0x0000000000000000,85.1
1790498061,2026/09/27 08:34:21.458,68.94,1976,77,0x0000000000000000,85.6
1790498071,2026/09/27 08:34:31.519,67.93,1976,78,0x0000000000000000,85.3
1790498081,2026/09/27 08:34:41.580,67.50,1976,78,0x0000000000000000,86.5
1790498091,2026/09/27 08:34:51.632,68.92,1976,79,0x0000000000000000,85.9
1790498101,2026/09/27 08:35:01.689,68.16,1976,78,0x0000000000000000,85.7
1790498111,2026/09/27 08:35:11.750,70.05,1976,79,0x0000000000000000,86.4
1790498121,2026/09/27 08:35:21.809,66.89,1976,78,0x0000000000000000,86.0
1790498131,2026/09/27 08:35:31.868,65.61,1976,79,0x0000000000000000,84.9
1790498141,2026/09/27 08:35:41.925,69.85,1976,79,0x0000000000000000,86.2
1790498151,2026/09/27 08:35:51.980,66.46,1976,78,0x0000000000000000,85.6
1790498162,2026/09/27 08:36:02.037,68.04,1976,78,0x0000000000000000,86.2
1790498172,2026/09/27 08:36:12.102,67.15,1976,79,0x0000000000000000,85.8
1790498182,2026/09/27 08:36:22.159,67.08,1976,78,0x0000000000000000,85.5
1790498192,2026/09/27 08:36:32.216,59.91,1976,79,0x0000000000000000,84.0
1790498202,2026/09/27 08:36:42.280,68.03,1976,78,0x0000000000000000,85.5
1790498212,2026/09/27 08:36:52.335,66.91,1976,78,0x0000000000000000,85.9
1790498222,2026/09/27 08:37:02.391,64.86,1976,77,0x0000000000000000,85.5
1790498232,2026/09/27 08:37:12.447,68.30,1976,77,0x0000000000000000,85.4
1790498242,2026/09/27 08:37:22.502,67.45,1976,78,0x0000000000000000,85.8
1790498252,2026/09/27 08:37:32.555,64.95,1976,77,0x0000000000000000,85.6
1790498262,2026/09/27 08:37:42.617,67.53,1976,77,0x0000000000000000,85.5
1790498272,2026/09/27 08:37:52.674,68.08,1976,79,0x0000000000000000,85.9
1790498282,2026/09/27 08:38:02.739,68.25,1976,79,0x0000000000000000,85.7
1790498292,2026/09/27 08:38:12.798,65.82,1976,79,0x0000000000000000,85.7
1790498302,2026/09/27 08:38:22.863,67.82,1976,78,0x0000000000000000,86.0
1790498312,2026/09/27 08:38:32.921,66.93,1976,78,0x0000000000000000,85.9
1790498322,2026/09/27 08:38:42.973,66.24,1976,79,0x0000000000000000,85.8
1790498333,2026/09/27 08:38:53.026,67.51,1976,79,0x0000000000000000,85.9
1790498343,2026/09/27 08:39:03.081,69.99,1976,79,0x0000000000000000,85.9
1790498353,2026/09/27 08:39:13.138,65.90,1976,79,0x0000000000000000,85.7
1790498363,2026/09/27 08:39:23.191,65.82,1976,78,0x0000000000000000,85.4
1790498373,2026/09/27 08:39:33.245,62.77,1976,79,0x0000000000000000,85.3
1790498383,2026/09/27 08:39:43.303,65.66,1976,78,0x0000000000000000,85.5
1790498393,2026/09/27 08:39:53.359,68.14,1976,78,0x0000000000000000,85.7
1790498403,2026/09/27 08:40:03.413,67.88,1976,78,0x0000000000000000,85.5
1790498413,2026/09/27 08:40:13.468,68.06,1976,79,0x0000000000000000,85.6
1790498423,2026/09/27 08:40:23.522,60.54,1976,78,0x0000000000000000,85.4
1790498433,2026/09/27 08:40:33.577,67.64,1976,77,0x0000000000000000,85.1
1790498443,2026/09/27 08:40:43.635,67.42,1976,78,0x0000000000000000,85.7
1790498453,2026/09/27 08:40:53.692,64.88,1976,77,0x0000000000000000,85.5
1790498463,2026/09/27 08:41:03.748,65.61,1976,78,0x0000000000000000,85.6
1790498473,2026/09/27 08:41:13.804,67.14,1976,78,0x0000000000000000,85.5
1790498483,2026/09/27 08:41:23.860,66.31,1976,79,0x0000000000000000,85.7
1790498493,2026/09/27 08:41:33.913,65.07,1976,78,0x0000000000000000,85.6
1790498503,2026/09/27 08:41:43.967,66.63,1976,78,0x0000000000000000,85.3
1790498514,2026/09/27 08:41:54.021,67.66,1976,79,0x0000000000000000,85.3
1790498524,2026/09/27 08:42:04.077,66.11,1976,77,0x0000000000000000,85.3
1790498534,2026/09/27 08:42:14.133,64.28,1976,78,0x0000000000000000,85.4
1790498544,2026/09/27 08:42:24.185,60.83,1976,79,0x0000000000000000,85.1
1790498554,2026/09/27 08:42:34.239,65.44,1976,78,0x0000000000000000,85.1
1790498564,2026/09/27 08:42:44.300,68.55,1976,79,0x0000000000000000,85.9
1790498574,2026/09/27 08:42:54.359,67.99,1976,77,0x0000000000000000,85.5
1790498584,2026/09/27 08:43:04.414,67.85,1976,79,0x0000000000000000,85.8
1790498594,2026/09/27 08:43:14.471,67.04,1976,78,0x0000000000000000,85.7
1790498604,2026/09/27 08:43:24.518,67.96,1976,78,0x0000000000000000,85.2
1790498614,2026/09/27 08:43:34.570,67.65,1976,78,0x0000000000000000,85.5
1790498624,2026/09/27 08:43:44.624,67.78,1976,78,0x0000000000000000,86.1
1790498634,2026/09/27 08:43:54.679,67.79,1976,77,0x0000000000000000,85.3
1790498644,2026/09/27 08:44:04.731,64.53,1976,77,0x0000000000000000,85.0
1790498654,2026/09/27 08:44:14.785,69.77,1976,79,0x0000000000000000,86.7
1790498664,2026/09/27 08:44:24.846,66.43,1976,78,0x0000000000000000,85.3
1790498674,2026/09/27 08:44:34.899,67.37,1976,78,0x0000000000000000,85.6
1790498684,2026/09/27 08:44:44.954,66.45,1976,78,0x0000000000000000,85.4
1790498695,2026/09/27 08:44:55.006,67.68,1976,78,0x0000000000000000,85.8
1790498705,2026/09/27 08:45:05.064,67.91,1976,78,0x0000000000000000,86.6
1790498715,2026/09/27 08:45:15.122,68.70,1976,79,0x0000000000000000,85.3
1790498725,2026/09/27 08:45:25.176,68.34,1976,79,0x0000000000000000,85.7
1790498735,2026/09/27 08:45:35.232,66.79,1976,79,0x0000000000000000,85.5
1790498745,2026/09/27 08:45:45.292,67.93,1976,79,0x0000000000000000,86.0
1790498755,2026/09/27 08:45:55.349,64.53,1976,79,0x0000000000000000,85.3
1790498765,2026/09/27 08:46:05.403,68.88,1976,79,0x0000000000000000,86.2
1790498775,2026/09/27 08:46:15.461,68.65,1976,79,0x0000000000000000,85.7
1790498785,2026/09/27 08:46:25.516,68.06,1976,78,0x0000000000000000,86.3
1790498795,2026/09/27 08:46:35.570,65.57,1976,78,0x0000000000000000,85.4
1790498805,2026/09/27 08:46:45.629,68.72,1976,78,0x0000000000000000,86.2
1790498815,2026/09/27 08:46:55.684,66.22,1976,79,0x0000000000000000,85.5
1790498825,2026/09/27 08:47:05.737,67.08,1976,79,0x0000000000000000,85.5
1790498835,2026/09/27 08:47:15.789,66.11,1976,79,0x0000000000000000,85.8
1790498845,2026/09/27 08:47:25.843,68.27,1976,78,0x0000000000000000,87.5
1790498855,2026/09/27 08:47:35.909,70.09,1976,79,0x0000000000000000,86.5
1790498865,2026/09/27 08:47:45.966,66.40,1976,78,0x0000000000000000,85.8
1790498876,2026/09/27 08:47:56.024,67.20,1976,78,0x0000000000000000,86.0
1790498886,2026/09/27 08:48:06.079,67.25,1976,78,0x0000000000000000,86.1
1790498896,2026/09/27 08:48:16.140,65.71,1976,77,0x0000000000000000,85.2
1790498906,2026/09/27 08:48:26.194,68.41,1976,79,0x0000000000000000,85.8
1790498916,2026/09/27 08:48:36.245,66.55,1976,79,0x0000000000000000,85.8
1790498926,2026/09/27 08:48:46.303,68.65,1976,78,0x0000000000000000,85.4
1790498936,2026/09/27 08:48:56.358,64.59,1976,79,0x0000000000000000,85.3
1790498946,2026/09/27 08:49:06.418,68.26,1976,79,0x0000000000000000,86.3
1790498956,2026/09/27 08:49:16.470,68.19,1976,79,0x0000000000000000,85.9
1790498966,2026/09/27 08:49:26.529,69.26,1976,79,0x0000000000000000,85.5
1790498976,2026/09/27 08:49:36.586,66.87,1976,79,0x0000000000000000,85.2
1790498986,2026/09/27 08:49:46.638,64.56,1976,78,0x0000000000000000,85.6
1790498996,2026/09/27 08:49:56.691,68.98,1976,79,0x0000000000000000,85.3
1790499006,2026/09/27 08:50:06.751,68.07,1976,78,0x0000000000000000,85.8
1790499016,2026/09/27 08:50:16.806,69.55,1976,79,0x0000000000000000,86.1
1790499026,2026/09/27 08:50:26.865,64.34,1976,77,0x0000000000000000,85.1
1790499036,2026/09/27 08:50:36.919,67.90,1976,79,0x0000000000000000,86.0
1790499046,2026/09/27 08:50:46.981,66.52,1976,78,0x0000000000000000,85.6
1790499057,2026/09/27 08:50:57.039,65.84,1976,77,0x0000000000000000,84.4
1790499067,2026/09/27 08:51:07.100,65.90,1976,79,0x0000000000000000,85.1
1790499077,2026/09/27 08:51:17.156,69.60,1976,79,0x0000000000000000,85.9
1790499087,2026/09/27 08:51:27.213,64.68,1976,78,0x0000000000000000,85.3
1790499097,2026/09/27 08:51:37.269,67.47,1976,78,0x0000000000000000,85.8
1790499107,2026/09/27 08:51:47.323,67.61,1976,77,0x0000000000000000,85.5
1790499117,2026/09/27 08:51:57.375,68.14,1976,78,0x0000000000000000,85.8
1790499127,2026/09/27 08:52:07.428,68.40,1976,78,0x0000000000000000,86.9
1790499137,2026/09/27 08:52:17.485,68.27,1976,78,0x0000000000000000,85.6
1790499147,2026/09/27 08:52:27.544,64.38,1976,78,0x0000000000000000,85.1
1790499157,2026/09/27 08:52:37.600,68.18,1976,79,0x0000000000000000,85.8
1790499167,2026/09/27 08:52:47.662,67.21,1976,77,0x0000000000000000,85.4
1790499177,2026/09/27 08:52:57.716,67.81,1976,78,0x0000000000000000,85.6
1790499187,2026/09/27 08:53:07.773,66.74,1976,78,0x0000000000000000,85.9
1790499197,2026/09/27 08:53:17.828,66.21,1976,78,0x0000000000000000,85.8
1790499207,2026/09/27 08:53:27.893,68.45,1976,79,0x0000000000000000,85.9
1790499217,2026/09/27 08:53:37.950,70.07,1976,79,0x0000000000000000,86.4
1790499228,2026/09/27 08:53:48.006,64.46,1976,78,0x0000000000000000,85.2
1790499238,2026/09/27 08:53:58.059,68.21,1976,78,0x0000000000000000,85.7
1790499248,2026/09/27 08:54:08.114,68.98,1976,79,0x0000000000000000,85.6
1790499258,2026/09/27 08:54:18.165,66.40,1976,78,0x0000000000000000,85.5
1790499268,2026/09/27 08:54:28.219,65.18,1976,77,0x0000000000000000,85.3
1790499278,2026/09/27 08:54:38.272,65.93,1976,79,0x0000000000000000,85.6
1790499288,2026/09/27 08:54:48.329,66.14,1976,78,0x0000000000000000,85.8
1790499298,2026/09/27 08:54:58.381,57.65,1976,78,0x0000000000000000,83.4
1790499308,2026/09/27 08:55:08.432,60.15,1976,77,0x0000000000000000,84.2
1790499318,2026/09/27 08:55:18.487,67.09,1976,78,0x0000000000000000,85.5
1790499328,2026/09/27 08:55:28.541,65.84,1976,78,0x0000000000000000,85.3
1790499338,2026/09/27 08:55:38.597,68.10,1976,77,0x0000000000000000,85.2
1790499348,2026/09/27 08:55:48.652,67.23,1976,78,0x0000000000000000,85.5
1790499358,2026/09/27 08:55:58.708,66.59,1976,78,0x0000000000000000,85.4
1790499368,2026/09/27 08:56:08.762,68.23,1976,77,0x0000000000000000,85.5
1790499378,2026/09/27 08:56:18.819,67.06,1976,78,0x0000000000000000,85.7
1790499388,2026/09/27 08:56:28.876,67.46,1976,79,0x0000000000000000,85.5
1790499398,2026/09/27 08:56:38.936,67.00,1976,78,0x0000000000000000,85.5
1790499409,2026/09/27 08:56:48.993,68.12,1976,79,0x0000000000000000,85.6
1790499419,2026/09/27 08:56:59.050,66.36,1976,79,0x0000000000000000,85.4
1790499429,2026/09/27 08:57:09.101,66.28,1976,78,0x0000000000000000,85.7
1790499439,2026/09/27 08:57:19.154,67.50,1976,79,0x0000000000000000,84.8
1790499449,2026/09/27 08:57:29.205,69.75,1976,79,0x0000000000000000,86.0
1790499459,2026/09/27 08:57:39.262,66.51,1976,77,0x0000000000000000,85.1
1790499469,2026/09/27 08:57:49.320,64.91,1976,77,0x0000000000000000,84.7
1790499479,2026/09/27 08:57:59.376,68.13,1976,76,0x0000000000000000,85.6
1790499489,2026/09/27 08:58:09.426,66.67,1976,78,0x0000000000000000,85.3
1790499499,2026/09/27 08:58:19.482,67.38,1976,78,0x0000000000000000,85.6
1790499509,2026/09/27 08:58:29.536,67.57,1976,77,0x0000000000000000,85.4
1790499519,2026/09/27 08:58:39.591,67.22,1976,78,0x0000000000000000,85.5
1790499529,2026/09/27 08:58:49.646,68.11,1976,78,0x0000000000000000,86.1
1790499539,2026/09/27 08:58:59.703,67.58,1976,77,0x0000000000000000,85.5
1790499549,2026/09/27 08:59:09.763,59.72,1976,78,0x0000000000000000,84.6
1790499559,2026/09/27 08:59:19.817,67.93,1976,78,0x0000000000000000,86.0
1790499569,2026/09/27 08:59:29.868,67.85,1976,78,0x0000000000000000,85.3
1790499579,2026/09/27 08:59:39.923,67.28,1976,78,0x0000000000000000,85.2
1790499589,2026/09/27 08:59:49.979,69.96,1976,78,0x0000000000000000,86.2
1790499600,2026/09/27 09:00:00.043,65.37,1976,79,0x0000000000000000,85.5
1790499610,2026/09/27 09:00:10.100,60.04,1976,78,0x0000000000000000,84.5
1790499620,2026/09/27 09:00:20.159,68.31,1976,79,0x0000000000000000,85.4
1790499630,2026/09/27 09:00:30.222,63.60,1976,78,0x0000000000000000,84.9
1790499640,2026/09/27 09:00:40.279,68.54,1976,79,0x0000000000000000,84.9
1790499650,2026/09/27 09:00:50.337,66.87,1976,79,0x0000000000000000,85.3
1790499660,2026/09/27 09:01:00.405,68.00,1976,79,0x0000000000000000,85.3
1790499670,2026/09/27 09:01:10.460,67.37,1976,78,0x0000000000000000,85.1
1790499680,2026/09/27 09:01:20.515,67.95,1976,77,0x0000000000000000,85.0
1790499690,2026/09/27 09:01:30.570,67.10,1976,78,0x0000000000000000,85.4
1790499700,2026/09/27 09:01:40.625,66.65,1976,78,0x0000000000000000,85.3
1790499710,2026/09/27 09:01:50.679,68.35,1976,77,0x0000000000000000,85.4
1790499720,2026/09/27 09:02:00.736,67.68,1976,78,0x0000000000000000,86.3
1790499730,2026/09/27 09:02:10.790,66.75,1976,78,0x0000000000000000,85.7
1790499740,2026/09/27 09:02:20.852,68.39,1976,78,0x0000000000000000,85.6
1790499750,2026/09/27 09:02:30.903,66.72,1976,78,0x0000000000000000,85.4
1790499760,2026/09/27 09:02:40.959,69.63,1976,79,0x0000000000000000,86.0
1790499771,2026/09/27 09:02:51.014,65.96,1976,78,0x0000000000000000,85.6
1790499781,2026/09/27 09:03:01.070,67.53,1976,78,0x0000000000000000,85.5
1790499791,2026/09/27 09:03:11.128,69.57,1976,78,0x0000000000000000,85.9
1790499801,2026/09/27 09:03:21.183,65.00,1976,78,0x0000000000000000,85.1
1790499811,2026/09/27 09:03:31.237,66.92,1976,78,0x0000000000000000,85.4
1790499821,2026/09/27 09:03:41.290,69.79,1976,79,0x0000000000000000,86.0
1790499831,2026/09/27 09:03:51.350,65.65,1976,78,0x0000000000000000,85.5
1790499841,2026/09/27 09:04:01.401,68.34,1976,78,0x0000000000000000,87.3
1790499851,2026/09/27 09:04:11.455,69.99,1976,78,0x0000000000000000,86.1
1790499861,2026/09/27 09:04:21.506,67.94,1976,78,0x0000000000000000,85.8
1790499871,2026/09/27 09:04:31.554,66.97,1976,79,0x0000000000000000,85.8
1790499881,2026/09/27 09:04:41.614,70.12,1976,79,0x0000000000000000,86.5
1790499891,2026/09/27 09:04:51.669,67.60,1976,79,0x0000000000000000,85.5
1790499901,2026/09/27 09:05:01.719,68.40,1976,79,0x0000000000000000,85.9
1790499911,2026/09/27 09:05:11.781,67.85,1976,78,0x0000000000000000,85.7
1790499921,2026/09/27 09:05:21.834,67.14,1976,78,0x0000000000000000,85.9
1790499931,2026/09/27 09:05:31.893,68.17,1976,79,0x0000000000000000,85.7
1790499941,2026/09/27 09:05:41.945,66.24,1976,77,0x0000000000000000,85.2
1790499952,2026/09/27 09:05:52.000,67.67,1976,78,0x0000000000000000,85.7
1790499962,2026/09/27 09:06:02.061,66.26,1976,77,0x0000000000000000,85.2
1790499972,2026/09/27 09:06:12.117,60.19,1976,78,0x0000000000000000,84.8
1790499982,2026/09/27 09:06:22.176,67.95,1976,78,0x0000000000000000,86.4
1790499992,2026/09/27 09:06:32.229,66.66,1976,78,0x0000000000000000,85.9
1790500002,2026/09/27 09:06:42.286,68.59,1976,78,0x0000000000000000,85.6
1790500012,2026/09/27 09:06:52.338,68.12,1976,78,0x0000000000000000,85.5
1790500022,2026/09/27 09:07:02.397,70.01,1976,79,0x0000000000000000,85.8
1790500032,2026/09/27 09:07:12.449,68.31,1976,78,0x0000000000000000,85.3
1790500042,2026/09/27 09:07:22.499,66.34,1976,78,0x0000000000000000,85.4
1790500052,2026/09/27 09:07:32.556,67.39,1976,79,0x0000000000000000,86.0
1790500062,2026/09/27 09:07:42.612,67.06,1976,78,0x0000000000000000,85.3
1790500072,2026/09/27 09:07:52.665,66.86,1976,79,0x0000000000000000,85.5
1790500082,2026/09/27 09:08:02.722,66.83,1976,79,0x0000000000000000,85.5
1790500092,2026/09/27 09:08:12.778,67.64,1976,78,0x0000000000000000,85.7
1790500102,2026/09/27 09:08:22.834,65.46,1976,77,0x0000000000000000,85.6
1790500112,2026/09/27 09:08:32.889,67.29,1976,77,0x0000000000000000,85.3
1790500122,2026/09/27 09:08:42.944,66.95,1976,77,0x0000000000000000,85.6
1790500133,2026/09/27 09:08:53.001,69.55,1976,79,0x0000000000000000,87.2
1790500143,2026/09/27 09:09:03.064,65.51,1976,78,0x0000000000000000,85.6
1790500153,2026/09/27 09:09:13.121,67.68,1976,79,0x0000000000000000,85.5
1790500163,2026/09/27 09:09:23.172,66.42,1976,77,0x0000000000000000,85.3
1790500173,2026/09/27 09:09:33.226,65.14,1976,78,0x0000000000000000,85.2
1790500183,2026/09/27 09:09:43.281,64.76,1976,77,0x0000000000000000,85.4
1790500193,2026/09/27 09:09:53.336,66.94,1976,78,0x0000000000000000,85.6
1790500203,2026/09/27 09:10:03.394,65.69,1976,76,0x0000000000000000,85.0
1790500213,2026/09/27 09:10:13.448,67.91,1976,78,0x0000000000000000,85.8
1790500223,2026/09/27 09:10:23.504,68.24,1976,78,0x0000000000000000,85.2
1790500233,2026/09/27 09:10:33.562,68.49,1976,78,0x0000000000000000,85.6
1790500243,2026/09/27 09:10:43.616,66.65,1976,78,0x0000000000000000,85.4
1790500253,2026/09/27 09:10:53.672,68.17,1976,77,0x0000000000000000,84.9
1790500263,2026/09/27 09:11:03.730,64.44,1976,78,0x0000000000000000,84.9
1790500273,2026/09/27 09:11:13.784,68.43,1976,78,0x0000000000000000,86.0
1790500283,2026/09/27 09:11:23.838,67.95,1976,79,0x0000000000000000,85.6
1790500293,2026/09/27 09:11:33.905,65.58,1976,78,0x0000000000000000,85.4
1790500303,2026/09/27 09:11:43.961,68.49,1976,79,0x0000000000000000,86.0
1790500314,2026/09/27 09:11:54.017,65.22,1976,78,0x0000000000000000,85.2
1790500324,2026/09/27 09:12:04.073,67.76,1976,78,0x0000000000000000,85.6
1790500334,2026/09/27 09:12:14.131,66.62,1976,78,0x0000000000000000,85.4
1790500344,2026/09/27 09:12:24.197,65.75,1976,78,0x0000000000000000,85.5
1790500354,2026/09/27 09:12:34.254,64.94,1976,76,0x0000000000000000,85.0
1790500364,2026/09/27 09:12:44.309,67.21,1976,77,0x0000000000000000,85.3
1790500374,2026/09/27 09:12:54.371,65.43,1976,78,0x0000000000000000,85.3
1790500384,2026/09/27 09:13:04.427,68.15,1976,78,0x0000000000000000,85.6
1790500394,2026/09/27 09:13:14.481,69.38,1976,79,0x0000000000000000,85.9
1790500404,2026/09/27 09:13:24.557,65.06,1976,77,0x0000000000000000,85.3
1790500414,2026/09/27 09:13:34.610,68.27,1976,79,0x0000000000000000,86.0
1790500424,2026/09/27 09:13:44.671,67.79,1976,79,0x0000000000000000,85.7
1790500434,2026/09/27 09:13:54.737,67.28,1976,77,0x0000000000000000,85.6
1790500444,2026/09/27 09:14:04.797,68.66,1976,79,0x0000000000000000,86.0
1790500454,2026/09/27 09:14:14.855,67.28,1976,78,0x0000000000000000,85.7
1790500464,2026/09/27 09:14:24.913,67.66,1976,78,0x0000000000000000,85.9
1790500474,2026/09/27 09:14:34.967,67.38,1976,79,0x0000000000000000,85.1
1790500485,2026/09/27 09:14:45.027,66.98,1976,78,0x0000000000000000,85.7
1790500495,2026/09/27 09:14:55.082,66.86,1976,78,0x0000000000000000,85.3
1790500505,2026/09/27 09:15:05.148,66.90,1976,77,0x0000000000000000,85.4
1790500515,2026/09/27 09:15:15.202,68.15,1976,78,0x0000000000000000,85.8
1790500525,2026/09/27 09:15:25.255,68.21,1976,78,0x0000000000000000,85.6
1790500535,2026/09/27 09:15:35.308,67.84,1976,78,0x0000000000000000,86.0
1790500545,2026/09/27 09:15:45.362,68.43,1976,78,0x0000000000000000,85.5
1790500555,2026/09/27 09:15:55.420,65.36,1976,78,0x0000000000000000,85.2
1790500565,2026/09/27 09:16:05.475,67.10,1976,77,0x0000000000000000,85.3
1790500575,2026/09/27 09:16:15.532,68.40,1976,78,0x0000000000000000,85.7
1790500585,2026/09/27 09:16:25.586,68.62,1976,79,0x0000000000000000,85.9
1790500595,2026/09/27 09:16:35.651,67.00,1976,79,0x0000000000000000,85.7
1790500605,2026/09/27 09:16:45.711,65.92,1976,78,0x0000000000000000,85.5
1790500615,2026/09/27 09:16:55.767,66.29,1976,79,0x0000000000000000,85.5
1790500625,2026/09/27 09:17:05.824,69.47,1976,78,0x0000000000000000,85.8
1790500635,2026/09/27 09:17:15.880,66.77,1976,79,0x0000000000000000,85.5
1790500645,2026/09/27 09:17:25.938,66.63,1976,79,0x0000000000000000,85.7
1790500655,2026/09/27 09:17:35.986,65.37,1976,79,0x0000000000000000,85.1
1790500666,2026/09/27 09:17:46.039,67.96,1976,78,0x0000000000000000,85.5
1790500676,2026/09/27 09:17:56.093,67.86,1976,78,0x0000000000000000,85.8
1790500686,2026/09/27 09:18:06.149,69.07,1976,77,0x0000000000000000,85.6
1790500696,2026/09/27 09:18:16.206,66.55,1976,78,0x0000000000000000,85.4
1790500706,2026/09/27 09:18:26.265,67.12,1976,77,0x0000000000000000,85.8
1790500716,2026/09/27 09:18:36.320,68.87,1976,78,0x0000000000000000,85.5
1790500726,2026/09/27 09:18:46.377,68.12,1976,78,0x0000000000000000,85.6
1790500736,2026/09/27 09:18:56.433,68.10,1976,78,0x0000000000000000,85.8
1790500746,2026/09/27 09:19:06.488,68.50,1976,79,0x0000000000000000,84.8
1790500756,2026/09/27 09:19:16.550,70.16,1976,78,0x0000000000000000,85.8
1790500766,2026/09/27 09:19:26.610,67.83,1976,78,0x0000000000000000,85.6
1790500776,2026/09/27 09:19:36.661,70.14,1976,79,0x0000000000000000,86.1
1790500786,2026/09/27 09:19:46.718,61.10,1976,78,0x0000000000000000,85.0
1790500796,2026/09/27 09:19:56.768,67.85,1976,78,0x0000000000000000,86.7
1790500806,2026/09/27 09:20:06.824,69.94,1976,78,0x0000000000000000,86.2
1790500816,2026/09/27 09:20:16.874,68.32,1976,78,0x0000000000000000,85.7
1790500826,2026/09/27 09:20:26.927,64.48,1976,78,0x0000000000000000,85.4
1790500836,2026/09/27 09:20:36.981,70.37,1976,79,0x0000000000000000,86.7
1790500847,2026/09/27 09:20:47.047,65.40,1976,78,0x0000000000000000,85.9
1790500857,2026/09/27 09:20:57.101,64.53,1976,79,0x0000000000000000,85.6
1790500867,2026/09/27 09:21:07.158,67.45,1976,78,0x0000000000000000,85.6
1790500877,2026/09/27 09:21:17.216,64.80,1976,77,0x0000000000000000,85.9
1790500887,2026/09/27 09:21:27.273,68.84,1976,79,0x0000000000000000,86.7
1790500897,2026/09/27 09:21:37.325,69.35,1976,78,0x0000000000000000,86.5
1790500907,2026/09/27 09:21:47.380,67.26,1976,79,0x0000000000000000,85.5
1790500917,2026/09/27 09:21:57.437,67.10,1976,79,0x0000000000000000,85.6
1790500927,2026/09/27 09:22:07.492,67.29,1976,77,0x0000000000000000,85.0
1790500937,2026/09/27 09:22:17.544,67.86,1976,78,0x0000000000000000,85.6
1790500947,2026/09/27 09:22:27.600,65.79,1976,77,0x0000000000000000,85.8
1790500957,2026/09/27 09:22:37.658,63.93,1976,78,0x0000000000000000,85.1
1790500967,2026/09/27 09:22:47.716,64.42,1976,78,0x0000000000000000,85.2
1790500977,2026/09/27 09:22:57.770,67.09,1976,78,0x0000000000000000,85.7
1790500987,2026/09/27 09:23:07.825,68.62,1976,78,0x0000000000000000,85.9
1790500997,2026/09/27 09:23:17.881,68.04,1976,78,0x0000000000000000,85.3
1790501007,2026/09/27 09:23:27.934,67.04,1976,78,0x0000000000000000,84.0
1790501018,2026/09/27 09:23:37.991,65.76,1976,77,0x0000000000000000,85.1
1790501028,2026/09/27 09:23:48.048,67.56,1976,79,0x0000000000000000,85.2
1790501038,2026/09/27 09:23:58.100,67.50,1976,77,0x0000000000000000,85.4
1790501048,2026/09/27 09:24:08.157,67.01,1976,78,0x0000000000000000,85.3
1790501058,2026/09/27 09:24:18.215,68.99,1976,79,0x0000000000000000,85.8
1790501068,2026/09/27 09:24:28.282,70.56,1976,79,0x0000000000000000,87.5
1790501078,2026/09/27 09:24:38.341,65.07,1976,77,0x0000000000000000,85.1
1790501088,2026/09/27 09:24:48.396,65.86,1976,79,0x0000000000000000,85.6
1790501098,2026/09/27 09:24:58.454,67.87,1976,78,0x0000000000000000,85.7
1790501108,2026/09/27 09:25:08.512,68.53,1976,78,0x0000000000000000,85.7
1790501118,2026/09/27 09:25:18.571,69.06,1976,79,0x0000000000000000,86.3
1790501128,2026/09/27 09:25:28.623,67.24,1976,78,0x0000000000000000,86.0
1790501138,2026/09/27 09:25:38.677,63.98,1976,79,0x0000000000000000,85.4
1790501148,2026/09/27 09:25:48.731,67.96,1976,79,0x0000000000000000,85.7
1790501158,2026/09/27 09:25:58.784,68.70,1976,78,0x0000000000000000,85.7
1790501168,2026/09/27 09:26:08.841,67.43,1976,78,0x0000000000000000,85.5
1790501178,2026/09/27 09:26:18.897,67.64,1976,79,0x0000000000000000,85.7
1790501188,2026/09/27 09:26:28.953,66.45,1976,78,0x0000000000000000,85.8
1790501199,2026/09/27 09:26:39.007,67.69,1976,78,0x0000000000000000,85.3
1790501209,2026/09/27 09:26:49.062,67.14,1976,77,0x0000000000000000,85.4
1790501219,2026/09/27 09:26:59.122,67.04,1976,78,0x0000000000000000,85.9
1790501229,2026/09/27 09:27:09.177,68.36,1976,79,0x0000000000000000,85.9
1790501239,2026/09/27 09:27:19.230,69.02,1976,79,0x0000000000000000,85.9
1790501249,2026/09/27 09:27:29.286,67.57,1976,78,0x0000000000000000,85.4
1790501259,2026/09/27 09:27:39.344,67.58,1976,79,0x0000000000000000,85.6
1790501269,2026/09/27 09:27:49.397,66.80,1976,77,0x0000000000000000,85.3
1790501279,2026/09/27 09:27:59.451,66.81,1976,79,0x0000000000000000,85.4
1790501289,2026/09/27 09:28:09.512,65.43,1976,79,0x0000000000000000,85.4
1790501299,2026/09/27 09:28:19.569,67.39,1976,79,0x0000000000000000,85.4
1790501309,2026/09/27 09:28:29.631,68.23,1976,79,0x0000000000000000,85.4
1790501319,2026/09/27 09:28:39.684,67.51,1976,78,0x0000000000000000,85.6
1790501329,2026/09/27 09:28:49.742,65.88,1976,79,0x0000000000000000,85.8
1790501339,2026/09/27 09:28:59.801,68.25,1976,79,0x0000000000000000,85.7
1790501349,2026/09/27 09:29:09.857,67.46,1976,78,0x0000000000000000,85.4
1790501359,2026/09/27 09:29:19.913,66.66,1976,78,0x0000000000000000,85.5
1790501369,2026/09/27 09:29:29.969,68.41,1976,78,0x0000000000000000,85.6
1790501380,2026/09/27 09:29:40.027,67.43,1976,79,0x0000000000000000,85.7
1790501390,2026/09/27 09:29:50.088,67.09,1976,78,0x0000000000000000,85.4
1790501400,2026/09/27 09:30:00.141,68.21,1976,78,0x0000000000000000,85.9
1790501410,2026/09/27 09:30:10.196,66.61,1976,78,0x0000000000000000,85.3
1790501420,2026/09/27 09:30:20.248,65.09,1976,77,0x0000000000000000,85.0
1790501430,2026/09/27 09:30:30.306,68.89,1976,79,0x0000000000000000,85.6
1790501440,2026/09/27 09:30:40.363,66.75,1976,78,0x0000000000000000,85.4
1790501450,2026/09/27 09:30:50.418,68.29,1976,78,0x0000000000000000,86.3
1790501460,2026/09/27 09:31:00.473,69.26,1976,79,0x0000000000000000,86.1
1790501470,2026/09/27 09:31:10.528,67.24,1976,78,0x0000000000000000,85.9
1790501480,2026/09/27 09:31:20.582,67.80,1976,78,0x0000000000000000,85.7
1790501490,2026/09/27 09:31:30.638,67.07,1976,79,0x0000000000000000,85.3
1790501500,2026/09/27 09:31:40.696,65.81,1976,78,0x0000000000000000,85.5
1790501510,2026/09/27 09:31:50.751,64.47,1976,78,0x0000000000000000,84.9
1790501520,2026/09/27 09:32:00.808,67.76,1976,78,0x0000000000000000,85.6
1790501530,2026/09/27 09:32:10.864,64.92,1976,78,0x0000000000000000,85.2
1790501540,2026/09/27 09:32:20.919,67.96,1976,78,0x0000000000000000,85.0
1790501550,2026/09/27 09:32:30.972,68.00,1976,78,0x0000000000000000,85.4
1790501561,2026/09/27 09:32:41.025,66.40,1976,78,0x0000000000000000,85.4
1790501571,2026/09/27 09:32:51.076,68.04,1976,78,0x0000000000000000,85.7
1790501581,2026/09/27 09:33:01.127,67.37,1976,77,0x0000000000000000,85.6
1790501591,2026/09/27 09:33:11.184,64.85,1976,78,0x0000000000000000,85.5
1790501601,2026/09/27 09:33:21.242,60.02,1976,79,0x0000000000000000,84.5
1790501611,2026/09/27 09:33:31.297,65.96,1976,78,0x0000000000000000,85.2
1790501621,2026/09/27 09:33:41.354,67.92,1976,78,0x0000000000000000,85.5
1790501631,2026/09/27 09:33:51.407,69.04,1976,79,0x0000000000000000,86.1
1790501641,2026/09/27 09:34:01.460,66.99,1976,78,0x0000000000000000,85.6
1790501651,2026/09/27 09:34:11.516,67.09,1976,79,0x0000000000000000,85.5
1790501661,2026/09/27 09:34:21.573,65.55,1976,79,0x0000000000000000,85.5
1790501671,2026/09/27 09:34:31.627,67.26,1976,77,0x0000000000000000,85.4
1790501681,2026/09/27 09:34:41.684,66.31,1976,78,0x0000000000000000,85.4
1790501691,2026/09/27 09:34:51.740,68.53,1976,77,0x0000000000000000,85.8
1790501701,2026/09/27 09:35:01.797,68.96,1976,78,0x0000000000000000,85.7
1790501711,2026/09/27 09:35:11.850,65.37,1976,79,0x0000000000000000,85.4
1790501721,2026/09/27 09:35:21.909,68.98,1976,78,0x0000000000000000,85.7
1790501731,2026/09/27 09:35:31.969,68.89,1976,78,0x0000000000000000,85.6
1790501742,2026/09/27 09:35:42.025,67.94,1976,79,0x0000000000000000,85.3
1790501752,2026/09/27 09:35:52.078,68.40,1976,79,0x0000000000000000,84.9
1790501762,2026/09/27 09:36:02.133,67.83,1976,78,0x0000000000000000,85.6
1790501772,2026/09/27 09:36:12.190,68.35,1976,78,0x0000000000000000,85.9
1790501782,2026/09/27 09:36:22.242,70.36,1976,79,0x0000000000000000,85.5
1790501792,2026/09/27 09:36:32.300,67.85,1976,78,0x0000000000000000,85.4
1790501802,2026/09/27 09:36:42.358,69.10,1976,79,0x0000000000000000,86.0
1790501812,2026/09/27 09:36:52.414,67.54,1976,78,0x0000000000000000,85.7
1790501822,2026/09/27 09:37:02.467,67.83,1976,78,0x0000000000000000,85.7
1790501832,2026/09/27 09:37:12.526,69.11,1976,79,0x0000000000000000,85.7
1790501842,2026/09/27 09:37:22.582,68.30,1976,78,0x0000000000000000,85.6
1790501852,2026/09/27 09:37:32.638,68.01,1976,78,0x0000000000000000,86.1
1790501862,2026/09/27 09:37:42.696,67.00,1976,79,0x0000000000000000,85.6
1790501872,2026/09/27 09:37:52.748,66.48,1976,77,0x0000000000000000,85.3
1790501882,2026/09/27 09:38:02.804,68.15,1976,78,0x0000000000000000,85.8
1790501892,2026/09/27 09:38:12.856,68.25,1976,78,0x0000000000000000,85.8
1790501902,2026/09/27 09:38:22.912,64.60,1976,79,0x0000000000000000,85.4
1790501912,2026/09/27 09:38:32.967,67.19,1976,78,0x0000000000000000,85.5
1790501923,2026/09/27 09:38:43.022,67.58,1976,78,0x0000000000000000,85.4
1790501933,2026/09/27 09:38:53.075,64.68,1976,78,0x0000000000000000,85.9
1790501943,2026/09/27 09:39:03.132,65.40,1976,79,0x0000000000000000,85.4
1790501953,2026/09/27 09:39:13.190,70.26,1976,79,0x0000000000000000,86.2
1790501963,2026/09/27 09:39:23.245,67.22,1976,78,0x0000000000000000,85.9
1790501973,2026/09/27 09:39:33.298,68.90,1976,79,0x0000000000000000,85.9
1790501983,2026/09/27 09:39:43.352,65.70,1976,78,0x0000000000000000,85.6
1790501993,2026/09/27 09:39:53.410,67.89,1976,78,0x0000000000000000,85.3
1790502003,2026/09/27 09:40:03.460,66.58,1976,78,0x0000000000000000,85.7
1790502013,2026/09/27 09:40:13.515,66.13,1976,78,0x0000000000000000,85.5
1790502023,2026/09/27 09:40:23.570,68.07,1976,78,0x0000000000000000,85.6
1790502033,2026/09/27 09:40:33.625,69.17,1976,79,0x0000000000000000,85.6
1790502043,2026/09/27 09:40:43.683,66.10,1976,78,0x0000000000000000,85.7
1790502053,2026/09/27 09:40:53.741,67.29,1976,78,0x0000000000000000,85.4
1790502063,2026/09/27 09:41:03.795,66.77,1976,77,0x0000000000000000,85.9
1790502073,2026/09/27 09:41:13.850,68.96,1976,78,0x0000000000000000,86.0
1790502083,2026/09/27 09:41:23.903,65.61,1976,77,0x0000000000000000,85.3
1790502093,2026/09/27 09:41:33.955,67.96,1976,79,0x0000000000000000,85.9
1790502104,2026/09/27 09:41:44.011,67.21,1976,79,0x0000000000000000,85.4
1790502114,2026/09/27 09:41:54.073,68.54,1976,79,0x0000000000000000,86.0
1790502124,2026/09/27 09:42:04.126,67.68,1976,77,0x0000000000000000,85.5
1790502134,2026/09/27 09:42:14.186,67.94,1976,79,0x0000000000000000,85.7
1790502144,2026/09/27 09:42:24.245,66.34,1976,78,0x0000000000000000,85.5
1790502154,2026/09/27 09:42:34.301,67.65,1976,78,0x0000000000000000,85.5
1790502164,2026/09/27 09:42:44.358,68.00,1976,78,0x0000000000000000,85.4
1790502174,2026/09/27 09:42:54.416,69.44,1976,79,0x0000000000000000,85.8
1790502184,2026/09/27 09:43:04.472,64.96,1976,78,0x0000000000000000,85.1
1790502194,2026/09/27 09:43:14.531,68.36,1976,78,0x0000000000000000,85.5
1790502204,2026/09/27 09:43:24.590,65.35,1976,79,0x0000000000000000,84.5
1790502214,2026/09/27 09:43:34.638,66.27,1976,78,0x0000000000000000,85.3
1790502224,2026/09/27 09:43:44.691,67.97,1976,78,0x0000000000000000,85.7
1790502234,2026/09/27 09:43:54.755,69.47,1976,79,0x0000000000000000,85.7
1790502244,2026/09/27 09:44:04.807,65.97,1976,78,0x0000000000000000,85.3
1790502254,2026/09/27 09:44:14.858,67.24,1976,78,0x0000000000000000,85.4
1790502264,2026/09/27 09:44:24.910,67.75,1976,78,0x0000000000000000,85.0
1790502274,2026/09/27 09:44:34.967,67.26,1976,78,0x0000000000000000,85.4
1790502285,2026/09/27 09:44:45.025,68.25,1976,78,0x0000000000000000,85.3
1790502295,2026/09/27 09:44:55.076,67.70,1976,79,0x0000000000000000,85.5
1790502305,2026/09/27 09:45:05.125,63.87,1976,78,0x0000000000000000,85.1
1790502315,2026/09/27 09:45:15.179,65.78,1976,77,0x0000000000000000,85.1
1790502325,2026/09/27 09:45:25.238,68.59,1976,78,0x0000000000000000,85.8
1790502335,2026/09/27 09:45:35.292,68.07,1976,79,0x0000000000000000,85.5
1790502345,2026/09/27 09:45:45.351,69.66,1976,79,0x0000000000000000,86.0
1790502355,2026/09/27 09:45:55.409,65.97,1976,78,0x0000000000000000,85.3
1790502365,2026/09/27 09:46:05.462,67.73,1976,78,0x0000000000000000,85.4
1790502375,2026/09/27 09:46:15.516,68.57,1976,79,0x0000000000000000,85.5
1790502385,2026/09/27 09:46:25.571,66.31,1976,78,0x0000000000000000,85.5
1790502395,2026/09/27 09:46:35.626,67.63,1976,78,0x0000000000000000,85.6
1790502405,2026/09/27 09:46:45.684,69.51,1976,79,0x0000000000000000,85.7
1790502415,2026/09/27 09:46:55.744,66.65,1976,78,0x0000000000000000,85.6
1790502425,2026/09/27 09:47:05.800,68.14,1976,78,0x0000000000000000,86.7
1790502435,2026/09/27 09:47:15.857,69.51,1976,79,0x0000000000000000,85.6
1790502445,2026/09/27 09:47:25.916,67.45,1976,78,0x0000000000000000,85.1
1790502455,2026/09/27 09:47:35.966,68.42,1976,78,0x0000000000000000,85.1
1790502466,2026/09/27 09:47:46.029,67.61,1976,77,0x0000000000000000,84.9
1790502476,2026/09/27 09:47:56.091,67.96,1976,78,0x0000000000000000,85.3
1790502486,2026/09/27 09:48:06.142,67.46,1976,78,0x0000000000000000,85.4
1790502496,2026/09/27 09:48:16.204,68.18,1976,77,0x0000000000000000,85.3
1790502506,2026/09/27 09:48:26.262,67.56,1976,78,0x0000000000000000,85.3
1790502516,2026/09/27 09:48:36.323,60.66,1976,77,0x0000000000000000,84.3
1790502526,2026/09/27 09:48:46.380,67.30,1976,77,0x0000000000000000,84.9
1790502536,2026/09/27 09:48:56.444,67.93,1976,78,0x0000000000000000,85.0
1790502546,2026/09/27 09:49:06.495,69.30,1976,77,0x0000000000000000,87.4
1790502556,2026/09/27 09:49:16.552,68.22,1976,78,0x0000000000000000,87.9
1790502566,2026/09/27 09:49:26.611,68.07,1976,78,0x0000000000000000,84.8
1790502576,2026/09/27 09:49:36.668,67.30,1976,77,0x0000000000000000,84.5
1790502586,2026/09/27 09:49:46.723,66.60,1976,78,0x0000000000000000,84.9
1790502596,2026/09/27 09:49:56.775,70.89,1976,78,0x0000000000000000,85.1
1790502606,2026/09/27 09:50:06.826,67.28,1976,78,0x0000000000000000,85.0
1790502616,2026/09/27 09:50:16.881,66.56,1976,77,0x0000000000000000,84.9
1790502626,2026/09/27 09:50:26.933,68.57,1976,78,0x0000000000000000,85.1
1790502636,2026/09/27 09:50:36.984,68.00,1976,77,0x0000000000000000,85.2
1790502647,2026/09/27 09:50:47.036,67.77,1976,78,0x0000000000000000,84.8
1790502657,2026/09/27 09:50:57.094,68.82,1976,77,0x0000000000000000,85.2
1790502667,2026/09/27 09:51:07.152,68.26,1976,78,0x0000000000000000,86.9
1790502677,2026/09/27 09:51:17.205,69.59,1976,78,0x0000000000000000,85.5
1790502687,2026/09/27 09:51:27.260,69.42,1976,78,0x0000000000000000,85.2
1790502697,2026/09/27 09:51:37.317,68.39,1976,78,0x0000000000000000,84.7
1790502707,2026/09/27 09:51:47.369,68.23,1976,78,0x0000000000000000,85.2
1790502717,2026/09/27 09:51:57.427,59.81,1976,77,0x0000000000000000,83.2
1790502727,2026/09/27 09:52:07.480,67.83,1976,78,0x0000000000000000,84.9
1790502737,2026/09/27 09:52:17.538,71.10,1976,78,0x0000000000000000,85.4
1790502747,2026/09/27 09:52:27.595,67.89,1976,78,0x0000000000000000,85.2
1790502757,2026/09/27 09:52:37.649,67.59,1976,77,0x0000000000000000,85.2
1790502767,2026/09/27 09:52:47.699,67.75,1976,77,0x0000000000000000,84.6
1790502777,2026/09/27 09:52:57.753,66.27,1976,77,0x0000000000000000,84.7
1790502787,2026/09/27 09:53:07.805,67.66,1976,78,0x0000000000000000,85.0
1790502797,2026/09/27 09:53:17.857,70.77,1976,78,0x0000000000000000,85.2
1790502807,2026/09/27 09:53:27.911,68.01,1976,76,0x0000000000000000,84.9
1790502817,2026/09/27 09:53:37.963,70.02,1976,78,0x0000000000000000,85.4
1790502828,2026/09/27 09:53:48.020,69.33,1976,78,0x0000000000000000,85.3
1790502838,2026/09/27 09:53:58.074,67.94,1976,78,0x0000000000000000,84.8
1790502848,2026/09/27 09:54:08.130,69.53,1976,78,0x0000000000000000,85.4
1790502858,2026/09/27 09:54:18.184,69.53,1976,78,0x0000000000000000,85.4
1790502868,2026/09/27 09:54:28.237,68.49,1976,77,0x0000000000000000,85.2
1790502878,2026/09/27 09:54:38.294,68.36,1976,78,0x0000000000000000,85.0
1790502888,2026/09/27 09:54:48.348,68.61,1976,77,0x0000000000000000,85.2
1790502898,2026/09/27 09:54:58.403,67.94,1976,77,0x0000000000000000,85.0
1790502908,2026/09/27 09:55:08.457,69.68,1976,78,0x0000000000000000,85.2
1790502918,2026/09/27 09:55:18.514,68.11,1976,78,0x0000000000000000,85.2
1790502928,2026/09/27 09:55:28.568,68.10,1976,78,0x0000000000000000,85.2
1790502938,2026/09/27 09:55:38.622,69.77,1976,78,0x0000000000000000,84.6
1790502948,2026/09/27 09:55:48.673,64.85,1976,78,0x0000000000000000,84.7
1790502958,2026/09/27 09:55:58.727,68.02,1976,78,0x0000000000000000,84.8
1790502968,2026/09/27 09:56:08.782,62.56,1976,78,0x0000000000000000,84.4
1790502978,2026/09/27 09:56:18.834,68.35,1976,78,0x0000000000000000,85.1
1790502988,2026/09/27 09:56:28.891,68.47,1976,78,0x0000000000000000,85.4
1790502998,2026/09/27 09:56:38.943,70.19,1976,78,0x0000000000000000,85.4
1790503009,2026/09/27 09:56:48.997,68.19,1976,78,0x0000000000000000,85.5
1790503019,2026/09/27 09:56:59.055,69.78,1976,78,0x0000000000000000,85.9
1790503029,2026/09/27 09:57:09.108,66.19,1976,78,0x0000000000000000,85.0
1790503039,2026/09/27 09:57:19.164,68.05,1976,78,0x0000000000000000,87.1
1790503049,2026/09/27 09:57:29.219,62.00,1976,78,0x0000000000000000,86.3
1790503059,2026/09/27 09:57:39.274,68.54,1976,78,0x0000000000000000,86.2
1790503069,2026/09/27 09:57:49.329,67.93,1976,78,0x0000000000000000,86.5
1790503079,2026/09/27 09:57:59.387,69.85,1976,79,0x0000000000000000,85.2
1790503089,2026/09/27 09:58:09.447,68.66,1976,78,0x0000000000000000,87.2
1790503099,2026/09/27 09:58:19.504,67.88,1976,78,0x0000000000000000,87.6
1790503109,2026/09/27 09:58:29.561,62.15,1976,77,0x0000000000000000,83.9
1790503119,2026/09/27 09:58:39.617,68.05,1976,78,0x0000000000000000,87.5
1790503129,2026/09/27 09:58:49.670,68.25,1976,78,0x0000000000000000,86.3
1790503139,2026/09/27 09:58:59.727,67.62,1976,77,0x0000000000000000,84.8
1790503149,2026/09/27 09:59:09.784,68.25,1976,78,0x0000000000000000,86.0
1790503159,2026/09/27 09:59:19.840,67.00,1976,78,0x0000000000000000,85.1
1790503169,2026/09/27 09:59:29.892,68.27,1976,77,0x0000000000000000,85.0
1790503179,2026/09/27 09:59:39.945,67.99,1976,77,0x0000000000000000,85.4
1790503190,2026/09/27 09:59:49.997,67.17,1976,78,0x0000000000000000,85.2
1790503200,2026/09/27 10:00:00.050,69.53,1976,77,0x0000000000000000,85.3
1790503210,2026/09/27 10:00:10.103,67.35,1976,78,0x0000000000000000,85.0
1790503220,2026/09/27 10:00:20.158,70.05,1976,78,0x0000000000000000,85.1
1790503230,2026/09/27 10:00:30.219,69.39,1976,78,0x0000000000000000,85.5
1790503240,2026/09/27 10:00:40.273,68.21,1976,78,0x0000000000000000,85.4
1790503250,2026/09/27 10:00:50.326,70.07,1976,78,0x0000000000000000,85.3
1790503260,2026/09/27 10:01:00.377,69.31,1976,78,0x0000000000000000,85.1
1790503270,2026/09/27 10:01:10.434,68.01,1976,78,0x0000000000000000,85.2
1790503280,2026/09/27 10:01:20.498,70.01,1976,78,0x0000000000000000,85.2
1790503290,2026/09/27 10:01:30.554,68.24,1976,78,0x0000000000000000,86.6
1790503300,2026/09/27 10:01:40.617,68.21,1976,78,0x0000000000000000,86.6
1790503310,2026/09/27 10:01:50.673,68.78,1976,78,0x0000000000000000,85.2
1790503320,2026/09/27 10:02:00.732,67.62,1976,78,0x0000000000000000,85.1
1790503330,2026/09/27 10:02:10.789,68.53,1976,78,0x0000000000000000,85.4
1790503340,2026/09/27 10:02:20.844,70.04,1976,78,0x0000000000000000,85.4
1790503350,2026/09/27 10:02:30.900,68.44,1976,78,0x0000000000000000,85.4
1790503360,2026/09/27 10:02:40.954,68.56,1976,78,0x0000000000000000,85.6
1790503371,2026/09/27 10:02:51.010,70.15,1976,78,0x0000000000000000,84.9
1790503381,2026/09/27 10:03:01.064,68.13,1976,78,0x0000000000000000,85.3
1790503391,2026/09/27 10:03:11.125,69.95,1976,78,0x0000000000000000,85.6
1790503401,2026/09/27 10:03:21.181,65.26,1976,77,0x0000000000000000,84.4
1790503411,2026/09/27 10:03:31.239,68.02,1976,78,0x0000000000000000,85.1
1790503421,2026/09/27 10:03:41.300,69.68,1976,78,0x0000000000000000,85.4
1790503431,2026/09/27 10:03:51.355,66.01,1976,78,0x0000000000000000,85.3
1790503441,2026/09/27 10:04:01.410,67.94,1976,78,0x0000000000000000,85.2
1790503451,2026/09/27 10:04:11.467,69.91,1976,78,0x0000000000000000,85.6
1790503461,2026/09/27 10:04:21.520,67.24,1976,77,0x0000000000000000,85.1
1790503471,2026/09/27 10:04:31.581,66.74,1976,78,0x0000000000000000,84.5
1790503481,2026/09/27 10:04:41.635,70.25,1976,78,0x0000000000000000,85.3
1790503491,2026/09/27 10:04:51.687,67.86,1976,77,0x0000000000000000,85.3
1790503501,2026/09/27 10:05:01.739,67.07,1976,78,0x0000000000000000,84.7
1790503511,2026/09/27 10:05:11.795,70.91,1976,78,0x0000000000000000,87.2
1790503521,2026/09/27 10:05:21.852,68.49,1976,78,0x0000000000000000,86.6
1790503531,2026/09/27 10:05:31.908,67.32,1976,78,0x0000000000000000,85.8
1790503541,2026/09/27 10:05:41.963,69.59,1976,78,0x0000000000000000,85.2
1790503552,2026/09/27 10:05:52.019,67.39,1976,78,0x0000000000000000,85.0
1790503562,2026/09/27 10:06:02.074,68.84,1976,78,0x0000000000000000,85.2
1790503572,2026/09/27 10:06:12.127,66.65,1976,78,0x0000000000000000,85.2
1790503582,2026/09/27 10:06:22.180,68.19,1976,78,0x0000000000000000,85.3
1790503592,2026/09/27 10:06:32.229,67.69,1976,77,0x0000000000000000,85.5
1790503602,2026/09/27 10:06:42.285,69.30,1976,78,0x0000000000000000,85.2
1790503612,2026/09/27 10:06:52.337,68.21,1976,78,0x0000000000000000,85.4
1790503622,2026/09/27 10:07:02.393,70.25,1976,78,0x0000000000000000,85.4
1790503632,2026/09/27 10:07:12.451,68.21,1976,78,0x0000000000000000,85.2
1790503642,2026/09/27 10:07:22.505,67.22,1976,78,0x0000000000000000,84.8
1790503652,2026/09/27 10:07:32.561,69.63,1976,78,0x0000000000000000,84.8
1790503662,2026/09/27 10:07:42.620,67.89,1976,78,0x0000000000000000,85.3
1790503672,2026/09/27 10:07:52.673,68.32,1976,78,0x0000000000000000,85.3
1790503682,2026/09/27 10:08:02.727,69.30,1976,78,0x0000000000000000,85.5
1790503692,2026/09/27 10:08:12.780,67.26,1976,78,0x0000000000000000,85.2
1790503702,2026/09/27 10:08:22.838,68.68,1976,78,0x0000000000000000,85.4
1790503712,2026/09/27 10:08:32.889,70.28,1976,78,0x0000000000000000,85.5
1790503722,2026/09/27 10:08:42.943,62.63,1976,78,0x0000000000000000,84.4
1790503733,2026/09/27 10:08:52.999,67.32,1976,78,0x0000000000000000,84.6
1790503743,2026/09/27 10:09:03.055,70.34,1976,78,0x0000000000000000,87.0
1790503753,2026/09/27 10:09:13.111,67.19,1976,78,0x0000000000000000,86.1
1790503763,2026/09/27 10:09:23.167,69.82,1976,78,0x0000000000000000,85.5
1790503773,2026/09/27 10:09:33.218,68.93,1976,78,0x0000000000000000,85.2
1790503783,2026/09/27 10:09:43.272,67.71,1976,78,0x0000000000000000,85.3
1790503793,2026/09/27 10:09:53.324,67.31,1976,78,0x0000000000000000,84.9
1790503803,2026/09/27 10:10:03.375,67.51,1976,77,0x0000000000000000,85.0
1790503813,2026/09/27 10:10:13.428,67.70,1976,77,0x0000000000000000,85.3
1790503823,2026/09/27 10:10:23.481,70.09,1976,79,0x0000000000000000,85.0
1790503833,2026/09/27 10:10:33.538,68.32,1976,77,0x0000000000000000,85.0
1790503843,2026/09/27 10:10:43.593,67.94,1976,78,0x0000000000000000,85.4
1790503853,2026/09/27 10:10:53.647,69.80,1976,78,0x0000000000000000,85.5
1790503863,2026/09/27 10:11:03.705,68.05,1976,77,0x0000000000000000,85.3
1790503873,2026/09/27 10:11:13.759,68.48,1976,78,0x0000000000000000,85.2
1790503883,2026/09/27 10:11:23.810,70.64,1976,78,0x0000000000000000,85.5
1790503893,2026/09/27 10:11:33.864,68.45,1976,78,0x0000000000000000,85.1
1790503903,2026/09/27 10:11:43.917,67.46,1976,78,0x0000000000000000,84.9
1790503913,2026/09/27 10:11:53.970,70.14,1976,78,0x0000000000000000,86.5
1790503924,2026/09/27 10:12:04.026,68.20,1976,78,0x0000000000000000,87.1
1790503934,2026/09/27 10:12:14.084,68.88,1976,79,0x0000000000000000,85.2
1790503944,2026/09/27 10:12:24.139,67.68,1976,78,0x0000000000000000,85.0
1790503954,2026/09/27 10:12:34.196,67.36,1976,78,0x0000000000000000,86.2
1790503964,2026/09/27 10:12:44.254,70.47,1976,79,0x0000000000000000,85.5
1790503974,2026/09/27 10:12:54.308,68.25,1976,78,0x0000000000000000,85.4
1790503984,2026/09/27 10:13:04.370,67.20,1976,78,0x0000000000000000,84.8
1790503994,2026/09/27 10:13:14.421,70.10,1976,78,0x0000000000000000,85.6
1790504004,2026/09/27 10:13:24.471,68.85,1976,78,0x0000000000000000,85.1
1790504014,2026/09/27 10:13:34.524,67.76,1976,78,0x0000000000000000,85.1
1790504024,2026/09/27 10:13:44.576,69.90,1976,78,0x0000000000000000,85.5
1790504034,2026/09/27 10:13:54.631,68.57,1976,78,0x0000000000000000,85.0
1790504044,2026/09/27 10:14:04.696,68.43,1976,78,0x0000000000000000,85.1
1790504054,2026/09/27 10:14:14.750,69.84,1976,78,0x0000000000000000,85.3
1790504064,2026/09/27 10:14:24.802,67.90,1976,77,0x0000000000000000,84.8
1790504074,2026/09/27 10:14:34.858,68.45,1976,78,0x0000000000000000,85.1
1790504084,2026/09/27 10:14:44.914,69.84,1976,78,0x0000000000000000,85.3
1790504094,2026/09/27 10:14:54.970,68.07,1976,78,0x0000000000000000,85.3
1790504105,2026/09/27 10:15:05.024,67.57,1976,78,0x0000000000000000,85.1
1790504115,2026/09/27 10:15:15.084,70.07,1976,78,0x0000000000000000,85.5
1790504125,2026/09/27 10:15:25.138,67.79,1976,78,0x0000000000000000,85.0
1790504135,2026/09/27 10:15:35.193,70.63,1976,79,0x0000000000000000,85.5
1790504145,2026/09/27 10:15:45.247,68.09,1976,78,0x0000000000000000,85.2
1790504155,2026/09/27 10:15:55.301,68.38,1976,78,0x0000000000000000,85.1
1790504165,2026/09/27 10:16:05.355,70.02,1976,78,0x0000000000000000,85.6
1790504175,2026/09/27 10:16:15.409,68.14,1976,78,0x0000000000000000,85.3
1790504185,2026/09/27 10:16:25.462,67.50,1976,77,0x0000000000000000,85.0
1790504195,2026/09/27 10:16:35.517,70.58,1976,79,0x0000000000000000,85.2
1790504205,2026/09/27 10:16:45.575,57.47,1976,73,0x0000000000000000,83.6
1790504215,2026/09/27 10:16:55.629,67.63,1976,78,0x0000000000000000,85.4
1790504225,2026/09/27 10:17:05.685,70.10,1976,78,0x0000000000000000,85.2
1790504235,2026/09/27 10:17:15.741,68.01,1976,77,0x0000000000000000,85.0
1790504245,2026/09/27 10:17:25.796,67.16,1976,78,0x0000000000000000,85.6
1790504255,2026/09/27 10:17:35.854,70.19,1976,78,0x0000000000000000,87.5
1790504265,2026/09/27 10:17:45.910,68.24,1976,78,0x0000000000000000,85.4
1790504275,2026/09/27 10:17:55.967,68.03,1976,78,0x0000000000000000,85.5
1790504286,2026/09/27 10:18:06.026,67.19,1976,77,0x0000000000000000,84.8
1790504296,2026/09/27 10:18:16.085,67.32,1976,78,0x0000000000000000,84.7
1790504306,2026/09/27 10:18:26.141,68.33,1976,78,0x0000000000000000,85.3
1790504316,2026/09/27 10:18:36.196,69.92,1976,78,0x0000000000000000,85.2
1790504326,2026/09/27 10:18:46.253,68.05,1976,78,0x0000000000000000,85.0
1790504336,2026/09/27 10:18:56.309,70.22,1976,78,0x0000000000000000,86.0
1790504346,2026/09/27 10:19:06.367,64.60,1976,78,0x0000000000000000,84.9
1790504356,2026/09/27 10:19:16.430,68.24,1976,78,0x0000000000000000,87.3
1790504366,2026/09/27 10:19:26.489,68.49,1976,78,0x0000000000000000,87.5
1790504376,2026/09/27 10:19:36.550,68.06,1976,78,0x0000000000000000,84.5
1790504386,2026/09/27 10:19:46.612,68.69,1976,78,0x0000000000000000,85.4
1790504396,2026/09/27 10:19:56.662,69.89,1976,78,0x0000000000000000,85.2
1790504406,2026/09/27 10:20:06.721,66.42,1976,78,0x0000000000000000,84.2
1790504416,2026/09/27 10:20:16.774,70.64,1976,78,0x0000000000000000,88.0
1790504426,2026/09/27 10:20:26.832,66.23,1976,78,0x0000000000000000,85.4
1790504436,2026/09/27 10:20:36.886,67.86,1976,78,0x0000000000000000,85.3
1790504446,2026/09/27 10:20:46.965,67.45,1976,78,0x0000000000000000,85.4
1790504457,2026/09/27 10:20:57.036,67.93,1976,78,0x0000000000000000,87.1
1790504467,2026/09/27 10:21:07.091,66.99,1976,79,0x0000000000000000,84.7
1790504477,2026/09/27 10:21:17.151,68.53,1976,77,0x0000000000000000,85.0
1790504487,2026/09/27 10:21:27.207,64.91,1976,78,0x0000000000000000,84.7
1790504497,2026/09/27 10:21:37.265,68.20,1976,78,0x0000000000000000,85.0
1790504507,2026/09/27 10:21:47.318,69.38,1976,78,0x0000000000000000,85.4
1790504517,2026/09/27 10:21:57.369,67.97,1976,78,0x0000000000000000,85.0
1790504527,2026/09/27 10:22:07.421,68.44,1976,78,0x0000000000000000,85.1
1790504537,2026/09/27 10:22:17.475,70.06,1976,78,0x0000000000000000,85.3
1790504547,2026/09/27 10:22:27.528,67.78,1976,78,0x0000000000000000,85.1
1790504557,2026/09/27 10:22:37.580,67.98,1976,78,0x0000000000000000,85.0
1790504567,2026/09/27 10:22:47.635,69.60,1976,77,0x0000000000000000,87.0
1790504577,2026/09/27 10:22:57.690,66.97,1976,76,0x0000000000000000,84.6
1790504587,2026/09/27 10:23:07.748,70.19,1976,78,0x0000000000000000,85.4
1790504597,2026/09/27 10:23:17.803,67.13,1976,78,0x0000000000000000,85.0
1790504607,2026/09/27 10:23:27.858,67.37,1976,77,0x0000000000000000,87.4
1790504617,2026/09/27 10:23:37.911,70.02,1976,78,0x0000000000000000,85.0
1790504627,2026/09/27 10:23:47.979,66.19,1976,77,0x0000000000000000,85.6
1790504638,2026/09/27 10:23:58.036,68.02,1976,78,0x0000000000000000,87.5
1790504648,2026/09/27 10:24:08.089,70.49,1976,79,0x0000000000000000,85.0
1790504658,2026/09/27 10:24:18.145,66.63,1976,78,0x0000000000000000,84.9
1790504668,2026/09/27 10:24:28.204,67.97,1976,77,0x0000000000000000,87.6
1790504678,2026/09/27 10:24:38.260,70.29,1976,78,0x0000000000000000,85.5
1790504688,2026/09/27 10:24:48.325,67.34,1976,77,0x0000000000000000,84.6
1790504698,2026/09/27 10:24:58.384,67.95,1976,78,0x0000000000000000,85.2
1790504708,2026/09/27 10:25:08.439,69.96,1976,77,0x0000000000000000,85.2
1790504718,2026/09/27 10:25:18.502,67.88,1976,78,0x0000000000000000,85.4
1790504728,2026/09/27 10:25:28.555,65.76,1976,77,0x0000000000000000,84.0
1790504738,2026/09/27 10:25:38.615,70.14,1976,78,0x0000000000000000,87.3
1790504748,2026/09/27 10:25:48.669,67.26,1976,78,0x0000000000000000,84.6
1790504758,2026/09/27 10:25:58.726,68.96,1976,78,0x0000000000000000,85.5
1790504768,2026/09/27 10:26:08.783,66.62,1976,78,0x0000000000000000,84.9
1790504778,2026/09/27 10:26:18.843,66.93,1976,78,0x0000000000000000,84.5
1790504788,2026/09/27 10:26:28.895,70.03,1976,78,0x0000000000000000,85.2
1790504798,2026/09/27 10:26:38.951,67.70,1976,78,0x0000000000000000,85.1
1790504809,2026/09/27 10:26:49.005,69.39,1976,78,0x0000000000000000,85.1
1790504819,2026/09/27 10:26:59.058,70.44,1976,78,0x0000000000000000,85.3
1790504829,2026/09/27 10:27:09.111,66.44,1976,77,0x0000000000000000,84.8
1790504839,2026/09/27 10:27:19.168,67.79,1976,78,0x0000000000000000,87.5
1790504849,2026/09/27 10:27:29.225,70.36,1976,78,0x0000000000000000,85.3
1790504859,2026/09/27 10:27:39.282,66.71,1976,78,0x0000000000000000,84.6
1790504869,2026/09/27 10:27:49.333,66.51,1976,78,0x0000000000000000,83.8
1790504879,2026/09/27 10:27:59.386,69.96,1976,78,0x0000000000000000,87.5
1790504889,2026/09/27 10:28:09.442,68.15,1976,78,0x0000000000000000,84.9
1790504899,2026/09/27 10:28:19.499,67.60,1976,78,0x0000000000000000,85.5
1790504909,2026/09/27 10:28:29.553,67.65,1976,76,0x0000000000000000,84.6
1790504919,2026/09/27 10:28:39.606,67.89,1976,77,0x0000000000000000,84.8
1790504929,2026/09/27 10:28:49.660,68.29,1976,78,0x0000000000000000,85.0
1790504939,2026/09/27 10:28:59.712,69.90,1976,77,0x0000000000000000,85.2
1790504949,2026/09/27 10:29:09.763,67.82,1976,77,0x0000000000000000,85.2
1790504959,2026/09/27 10:29:19.815,70.77,1976,78,0x0000000000000000,85.4
1790504969,2026/09/27 10:29:29.868,68.19,1976,78,0x0000000000000000,84.9
1790504979,2026/09/27 10:29:39.921,67.86,1976,77,0x0000000000000000,84.2
1790504989,2026/09/27 10:29:49.976,70.87,1976,78,0x0000000000000000,85.1
1790505000,2026/09/27 10:30:00.034,67.79,1976,78,0x0000000000000000,86.7
1790505010,2026/09/27 10:30:10.093,67.86,1976,78,0x0000000000000000,86.7
1790505020,2026/09/27 10:30:20.153,71.11,1976,78,0x0000000000000000,85.1
1790505030,2026/09/27 10:30:30.208,65.36,1976,78,0x0000000000000000,84.7
1790505040,2026/09/27 10:30:40.266,67.78,1976,76,0x0000000000000000,86.4
1790505050,2026/09/27 10:30:50.325,67.52,1976,77,0x0000000000000000,84.7
1790505060,2026/09/27 10:31:00.381,68.15,1976,77,0x0000000000000000,85.0
1790505070,2026/09/27 10:31:10.436,69.19,1976,78,0x0000000000000000,85.2
1790505080,2026/09/27 10:31:20.490,68.63,1976,78,0x0000000000000000,84.8
1790505090,2026/09/27 10:31:30.544,68.09,1976,78,0x0000000000000000,84.7
1790505100,2026/09/27 10:31:40.599,69.25,1976,78,0x0000000000000000,85.1
1790505110,2026/09/27 10:31:50.652,67.98,1976,78,0x0000000000000000,84.6
1790505120,2026/09/27 10:32:00.703,68.22,1976,78,0x0000000000000000,84.9
1790505130,2026/09/27 10:32:10.759,65.40,1976,78,0x0000000000000000,84.8
1790505140,2026/09/27 10:32:20.815,68.85,1976,77,0x0000000000000000,84.9
1790505150,2026/09/27 10:32:30.877,68.22,1976,78,0x0000000000000000,85.0
1790505160,2026/09/27 10:32:40.931,70.90,1976,78,0x0000000000000000,85.2
1790505171,2026/09/27 10:32:50.988,63.33,1976,77,0x0000000000000000,84.4
1790505181,2026/09/27 10:33:01.044,67.18,1976,77,0x0000000000000000,84.4
1790505191,2026/09/27 10:33:11.097,70.60,1976,78,0x0000000000000000,85.3
1790505201,2026/09/27 10:33:21.153,67.45,1976,78,0x0000000000000000,86.8
1790505211,2026/09/27 10:33:31.206,66.44,1976,77,0x0000000000000000,84.8
1790505221,2026/09/27 10:33:41.264,71.23,1976,78,0x0000000000000000,84.7
1790505231,2026/09/27 10:33:51.321,66.86,1976,77,0x0000000000000000,84.8
1790505241,2026/09/27 10:34:01.379,69.30,1976,78,0x0000000000000000,85.2
1790505251,2026/09/27 10:34:11.436,68.28,1976,77,0x0000000000000000,84.5
1790505261,2026/09/27 10:34:21.488,67.43,1976,78,0x0000000000000000,84.8
1790505271,2026/09/27 10:34:31.542,67.63,1976,78,0x0000000000000000,84.8
1790505281,2026/09/27 10:34:41.597,68.49,1976,78,0x0000000000000000,84.8
1790505291,2026/09/27 10:34:51.652,67.73,1976,77,0x0000000000000000,85.0
1790505301,2026/09/27 10:35:01.707,69.06,1976,78,0x0000000000000000,85.1
1790505311,2026/09/27 10:35:11.760,68.71,1976,77,0x0000000000000000,85.1
1790505321,2026/09/27 10:35:21.813,68.00,1976,78,0x0000000000000000,85.1
1790505331,2026/09/27 10:35:31.866,69.28,1976,78,0x0000000000000000,85.4
1790505341,2026/09/27 10:35:41.918,65.44,1976,78,0x0000000000000000,84.4
1790505351,2026/09/27 10:35:51.975,68.12,1976,77,0x0000000000000000,86.8
1790505362,2026/09/27 10:36:02.029,71.29,1976,78,0x0000000000000000,86.0
1790505372,2026/09/27 10:36:12.088,68.20,1976,77,0x0000000000000000,86.6
1790505382,2026/09/27 10:36:22.147,67.63,1976,78,0x0000000000000000,85.2
1790505392,2026/09/27 10:36:32.200,70.73,1976,78,0x0000000000000000,85.1
1790505402,2026/09/27 10:36:42.257,67.22,1976,78,0x0000000000000000,84.9
1790505412,2026/09/27 10:36:52.310,67.91,1976,77,0x0000000000000000,85.1
1790505422,2026/09/27 10:37:02.366,70.80,1976,78,0x0000000000000000,84.7
1790505432,2026/09/27 10:37:12.423,68.09,1976,78,0x0000000000000000,86.6
1790505442,2026/09/27 10:37:22.478,69.64,1976,78,0x0000000000000000,85.2
1790505452,2026/09/27 10:37:32.537,68.97,1976,77,0x0000000000000000,86.9
1790505462,2026/09/27 10:37:42.595,68.23,1976,78,0x0000000000000000,87.2
1790505472,2026/09/27 10:37:52.652,69.58,1976,78,0x0000000000000000,85.8
1790505482,2026/09/27 10:38:02.706,68.60,1976,78,0x0000000000000000,85.6
1790505492,2026/09/27 10:38:12.761,68.18,1976,78,0x0000000000000000,84.8
1790505502,2026/09/27 10:38:22.814,69.61,1976,78,0x0000000000000000,84.8
1790505512,2026/09/27 10:38:32.867,69.50,1976,78,0x0000000000000000,85.0
1790505522,2026/09/27 10:38:42.918,68.08,1976,78,0x0000000000000000,84.8
1790505532,2026/09/27 10:38:52.974,70.76,1976,78,0x0000000000000000,85.3
1790505543,2026/09/27 10:39:03.029,67.01,1976,78,0x0000000000000000,85.0
1790505553,2026/09/27 10:39:13.086,67.64,1976,78,0x0000000000000000,84.3
1790505563,2026/09/27 10:39:23.142,70.22,1976,77,0x0000000000000000,85.1
1790505573,2026/09/27 10:39:33.200,68.07,1976,78,0x0000000000000000,84.7
1790505583,2026/09/27 10:39:43.252,68.24,1976,77,0x0000000000000000,84.7
1790505593,2026/09/27 10:39:53.304,70.34,1976,78,0x0000000000000000,84.8
1790505603,2026/09/27 10:40:03.356,67.98,1976,77,0x0000000000000000,84.7
1790505613,2026/09/27 10:40:13.412,68.00,1976,77,0x0000000000000000,85.0
1790505623,2026/09/27 10:40:23.467,68.97,1976,77,0x0000000000000000,85.1
1790505633,2026/09/27 10:40:33.523,67.58,1976,77,0x0000000000000000,84.7
1790505643,2026/09/27 10:40:43.578,69.01,1976,78,0x0000000000000000,84.9
1790505653,2026/09/27 10:40:53.631,67.93,1976,77,0x0000000000000000,84.8
1790505663,2026/09/27 10:41:03.684,67.90,1976,77,0x0000000000000000,84.5
1790505673,2026/09/27 10:41:13.736,69.42,1976,78,0x0000000000000000,84.8
1790505683,2026/09/27 10:41:23.789,68.25,1976,77,0x0000000000000000,84.6
1790505693,2026/09/27 10:41:33.845,67.74,1976,78,0x0000000000000000,84.7
1790505703,2026/09/27 10:41:43.902,69.50,1976,78,0x0000000000000000,83.8
1790505713,2026/09/27 10:41:53.957,68.17,1976,78,0x0000000000000000,84.8
1790505724,2026/09/27 10:42:04.009,68.17,1976,78,0x0000000000000000,84.9
1790505734,2026/09/27 10:42:14.061,71.13,1976,78,0x0000000000000000,85.3
1790505744,2026/09/27 10:42:24.119,68.29,1976,77,0x0000000000000000,87.4
1790505754,2026/09/27 10:42:34.177,68.17,1976,78,0x0000000000000000,87.9
1790505764,2026/09/27 10:42:44.233,63.00,1976,78,0x0000000000000000,84.4
1790505774,2026/09/27 10:42:54.295,68.06,1976,77,0x0000000000000000,86.1
1790505784,2026/09/27 10:43:04.350,68.00,1976,78,0x0000000000000000,86.4
1790505794,2026/09/27 10:43:14.406,71.15,1976,78,0x0000000000000000,85.6
1790505804,2026/09/27 10:43:24.466,67.90,1976,78,0x0000000000000000,84.9
1790505814,2026/09/27 10:43:34.521,69.45,1976,78,0x0000000000000000,85.2
1790505824,2026/09/27 10:43:44.575,66.26,1976,78,0x0000000000000000,84.6
1790505834,2026/09/27 10:43:54.631,67.87,1976,78,0x0000000000000000,84.6
1790505844,2026/09/27 10:44:04.686,69.74,1976,78,0x0000000000000000,85.0
1790505854,2026/09/27 10:44:14.740,68.90,1976,77,0x0000000000000000,84.7
1790505864,2026/09/27 10:44:24.796,67.19,1976,77,0x0000000000000000,83.7
1790505874,2026/09/27 10:44:34.861,69.43,1976,78,0x0000000000000000,85.1
1790505884,2026/09/27 10:44:44.913,69.08,1976,77,0x0000000000000000,84.7
1790505894,2026/09/27 10:44:54.965,68.13,1976,78,0x0000000000000000,84.7
1790505905,2026/09/27 10:45:05.035,70.54,1976,78,0x0000000000000000,85.2
1790505915,2026/09/27 10:45:15.090,68.32,1976,78,0x0000000000000000,85.2
1790505925,2026/09/27 10:45:25.144,66.66,1976,77,0x0000000000000000,84.2
1790505935,2026/09/27 10:45:35.194,71.05,1976,78,0x0000000000000000,87.2
1790505945,2026/09/27 10:45:45.251,68.53,1976,78,0x0000000000000000,87.4
1790505955,2026/09/27 10:45:55.307,68.52,1976,78,0x0000000000000000,87.7
1790505965,2026/09/27 10:46:05.364,70.74,1976,78,0x0000000000000000,87.2
1790505975,2026/09/27 10:46:15.426,68.66,1976,77,0x0000000000000000,87.6
1790505985,2026/09/27 10:46:25.484,67.10,1976,77,0x0000000000000000,86.3
1790505995,2026/09/27 10:46:35.540,69.54,1976,78,0x0000000000000000,85.9
1790506005,2026/09/27 10:46:45.601,68.05,1976,77,0x0000000000000000,86.5
1790506015,2026/09/27 10:46:55.658,69.92,1976,78,0x0000000000000000,85.2
1790506025,2026/09/27 10:47:05.714,65.68,1976,78,0x0000000000000000,84.8
1790506035,2026/09/27 10:47:15.770,69.04,1976,78,0x0000000000000000,85.4
1790506045,2026/09/27 10:47:25.821,69.43,1976,77,0x0000000000000000,85.2
1790506055,2026/09/27 10:47:35.881,67.91,1976,77,0x0000000000000000,84.9
1790506065,2026/09/27 10:47:45.935,67.40,1976,78,0x0000000000000000,84.8
1790506076,2026/09/27 10:47:55.987,69.92,1976,78,0x0000000000000000,86.4
1790506086,2026/09/27 10:48:06.050,68.39,1976,78,0x0000000000000000,85.3
1790506096,2026/09/27 10:48:16.105,68.33,1976,78,0x0000000000000000,86.8
1790506106,2026/09/27 10:48:26.159,71.10,1976,78,0x0000000000000000,86.7
1790506116,2026/09/27 10:48:36.218,68.37,1976,78,0x0000000000000000,86.5
1790506126,2026/09/27 10:48:46.275,66.62,1976,78,0x0000000000000000,85.1
1790506136,2026/09/27 10:48:56.328,68.66,1976,77,0x0000000000000000,84.9
1790506146,2026/09/27 10:49:06.383,68.30,1976,78,0x0000000000000000,84.8
1790506156,2026/09/27 10:49:16.441,67.08,1976,78,0x0000000000000000,85.3
1790506166,2026/09/27 10:49:26.499,71.43,1976,78,0x0000000000000000,85.4
1790506176,2026/09/27 10:49:36.558,68.53,1976,78,0x0000000000000000,85.2
1790506186,2026/09/27 10:49:46.611,67.48,1976,77,0x0000000000000000,85.1
1790506196,2026/09/27 10:49:56.668,68.06,1976,78,0x0000000000000000,85.0
1790506206,2026/09/27 10:50:06.725,70.78,1976,78,0x0000000000000000,85.4
1790506216,2026/09/27 10:50:16.785,67.38,1976,78,0x0000000000000000,85.0
1790506226,2026/09/27 10:50:26.836,67.84,1976,77,0x0000000000000000,84.7
1790506236,2026/09/27 10:50:36.886,70.38,1976,78,0x0000000000000000,85.2
1790506246,2026/09/27 10:50:46.940,67.51,1976,78,0x0000000000000000,84.7
1790506257,2026/09/27 10:50:56.995,67.75,1976,78,0x0000000000000000,84.7
1790506267,2026/09/27 10:51:07.052,69.39,1976,78,0x0000000000000000,85.3
1790506277,2026/09/27 10:51:17.109,68.08,1976,78,0x0000000000000000,84.8
1790506287,2026/09/27 10:51:27.164,68.68,1976,78,0x0000000000000000,84.3
1790506297,2026/09/27 10:51:37.219,69.52,1976,78,0x0000000000000000,84.9
1790506307,2026/09/27 10:51:47.274,68.10,1976,77,0x0000000000000000,84.9
1790506317,2026/09/27 10:51:57.334,69.38,1976,78,0x0000000000000000,85.4
1790506327,2026/09/27 10:52:07.385,68.40,1976,77,0x0000000000000000,84.8
1790506337,2026/09/27 10:52:17.440,68.07,1976,78,0x0000000000000000,85.4
1790506347,2026/09/27 10:52:27.493,69.25,1976,78,0x0000000000000000,85.2
1790506357,2026/09/27 10:52:37.547,69.58,1976,78,0x0000000000000000,84.4
1790506367,2026/09/27 10:52:47.606,68.36,1976,77,0x0000000000000000,84.8
1790506377,2026/09/27 10:52:57.660,70.94,1976,78,0x0000000000000000,85.4
1790506387,2026/09/27 10:53:07.715,65.82,1976,77,0x0000000000000000,84.3
1790506397,2026/09/27 10:53:17.766,67.89,1976,77,0x0000000000000000,84.6
1790506407,2026/09/27 10:53:27.817,70.78,1976,78,0x0000000000000000,84.9
1790506417,2026/09/27 10:53:37.873,67.24,1976,78,0x0000000000000000,86.8
1790506427,2026/09/27 10:53:47.929,67.94,1976,78,0x0000000000000000,87.8
1790506437,2026/09/27 10:53:57.982,67.47,1976,76,0x0000000000000000,84.3
1790506448,2026/09/27 10:54:08.036,67.83,1976,77,0x0000000000000000,84.7
1790506458,2026/09/27 10:54:18.092,68.53,1976,78,0x0000000000000000,84.9
1790506468,2026/09/27 10:54:28.147,69.23,1976,77,0x0000000000000000,85.1
1790506478,2026/09/27 10:54:38.202,67.99,1976,78,0x0000000000000000,84.8
1790506488,2026/09/27 10:54:48.254,68.90,1976,78,0x0000000000000000,85.0
1790506498,2026/09/27 10:54:58.308,69.40,1976,78,0x0000000000000000,84.5
1790506508,2026/09/27 10:55:08.367,68.27,1976,78,0x0000000000000000,87.0
1790506518,2026/09/27 10:55:18.421,69.09,1976,78,0x0000000000000000,87.1
1790506528,2026/09/27 10:55:28.475,70.25,1976,78,0x0000000000000000,87.3
1790506538,2026/09/27 10:55:38.532,68.06,1976,78,0x0000000000000000,84.7
1790506548,2026/09/27 10:55:48.590,61.00,1976,78,0x0000000000000000,84.1
1790506558,2026/09/27 10:55:58.650,68.17,1976,78,0x0000000000000000,86.8
1790506568,2026/09/27 10:56:08.707,68.22,1976,78,0x0000000000000000,87.0
1790506578,2026/09/27 10:56:18.763,68.12,1976,77,0x0000000000000000,84.6
1790506588,2026/09/27 10:56:28.815,64.48,1976,77,0x0000000000000000,84.3
1790506598,2026/09/27 10:56:38.867,67.88,1976,77,0x0000000000000000,85.0
1790506608,2026/09/27 10:56:48.924,70.87,1976,78,0x0000000000000000,84.8
1790506618,2026/09/27 10:56:58.984,58.20,1976,77,0x0000000000000000,83.3
1790506629,2026/09/27 10:57:09.038,67.08,1976,77,0x0000000000000000,84.8
1790506639,2026/09/27 10:57:19.093,71.02,1976,78,0x0000000000000000,84.1
1790506649,2026/09/27 10:57:29.159,68.04,1976,77,0x0000000000000000,84.6
1790506659,2026/09/27 10:57:39.211,68.07,1976,77,0x0000000000000000,84.5
1790506669,2026/09/27 10:57:49.266,68.50,1976,77,0x0000000000000000,84.8
1790506679,2026/09/27 10:57:59.325,67.96,1976,77,0x0000000000000000,84.7
1790506689,2026/09/27 10:58:09.377,68.28,1976,78,0x0000000000000000,84.7
1790506699,2026/09/27 10:58:19.431,68.16,1976,77,0x0000000000000000,84.7
1790506709,2026/09/27 10:58:29.484,68.29,1976,78,0x0000000000000000,84.8
1790506719,2026/09/27 10:58:39.535,69.30,1976,78,0x0000000000000000,85.2
1790506729,2026/09/27 10:58:49.585,69.19,1976,78,0x0000000000000000,85.1
1790506739,2026/09/27 10:58:59.640,68.17,1976,77,0x0000000000000000,84.7
1790506749,2026/09/27 10:59:09.695,70.99,1976,78,0x0000000000000000,85.3
1790506759,2026/09/27 10:59:19.753,67.99,1976,77,0x0000000000000000,84.7
1790506769,2026/09/27 10:59:29.808,68.27,1976,78,0x0000000000000000,84.4
1790506779,2026/09/27 10:59:39.861,70.75,1976,78,0x0000000000000000,84.9
1790506789,2026/09/27 10:59:49.927,66.23,1976,77,0x0000000000000000,84.7
1790506799,2026/09/27 10:59:59.982,67.11,1976,77,0x0000000000000000,85.2
1790506810,2026/09/27 11:00:10.039,70.70,1976,78,0x0000000000000000,84.9
1790506820,2026/09/27 11:00:20.096,66.89,1976,78,0x0000000000000000,85.1
1790506830,2026/09/27 11:00:30.151,69.11,1976,77,0x0000000000000000,86.6
1790506840,2026/09/27 11:00:40.206,69.39,1976,78,0x0000000000000000,86.5
1790506850,2026/09/27 11:00:50.270,66.40,1976,77,0x0000000000000000,84.0
1790506860,2026/09/27 11:01:00.324,68.49,1976,78,0x0000000000000000,86.0
1790506870,2026/09/27 11:01:10.384,67.51,1976,77,0x0000000000000000,84.4
1790506880,2026/09/27 11:01:20.440,66.72,1976,77,0x0000000000000000,84.1
1790506890,2026/09/27 11:01:30.493,66.96,1976,78,0x0000000000000000,84.6
1790506900,2026/09/27 11:01:40.547,67.80,1976,77,0x0000000000000000,83.5
1790506910,2026/09/27 11:01:50.599,67.40,1976,77,0x0000000000000000,83.8
1790506920,2026/09/27 11:02:00.656,68.92,1976,77,0x0000000000000000,84.8
1790506930,2026/09/27 11:02:10.711,68.44,1976,77,0x0000000000000000,84.3
1790506940,2026/09/27 11:02:20.774,68.42,1976,77,0x0000000000000000,84.4
1790506950,2026/09/27 11:02:30.825,67.84,1976,76,0x0000000000000000,83.7
1790506960,2026/09/27 11:02:40.879,68.20,1976,78,0x0000000000000000,84.6
1790506970,2026/09/27 11:02:50.934,68.52,1976,77,0x0000000000000000,84.5
1790506981,2026/09/27 11:03:00.988,68.70,1976,78,0x0000000000000000,84.1
1790506991,2026/09/27 11:03:11.037,66.71,1976,77,0x0000000000000000,85.9
1790507001,2026/09/27 11:03:21.092,67.94,1976,77,0x0000000000000000,87.1
1790507011,2026/09/27 11:03:31.148,70.53,1976,78,0x0000000000000000,86.5
1790507021,2026/09/27 11:03:41.208,68.09,1976,77,0x0000000000000000,86.9
1790507031,2026/09/27 11:03:51.269,67.45,1976,78,0x0000000000000000,84.4
1790507041,2026/09/27 11:04:01.323,67.69,1976,76,0x0000000000000000,84.3
1790507051,2026/09/27 11:04:11.380,67.62,1976,77,0x0000000000000000,84.0
1790507061,2026/09/27 11:04:21.434,67.78,1976,78,0x0000000000000000,84.3
1790507071,2026/09/27 11:04:31.488,66.62,1976,76,0x0000000000000000,83.6
1790507081,2026/09/27 11:04:41.542,68.01,1976,77,0x0000000000000000,84.1
1790507091,2026/09/27 11:04:51.596,68.06,1976,78,0x0000000000000000,84.3
1790507101,2026/09/27 11:05:01.651,66.26,1976,75,0x0000000000000000,83.8
1790507111,2026/09/27 11:05:11.712,66.70,1976,77,0x0000000000000000,83.4
1790507121,2026/09/27 11:05:21.775,70.74,1976,78,0x0000000000000000,84.2
1790507131,2026/09/27 11:05:31.832,67.45,1976,77,0x0000000000000000,86.4
1790507141,2026/09/27 11:05:41.890,68.33,1976,78,0x0000000000000000,86.7
1790507151,2026/09/27 11:05:51.948,70.28,1976,78,0x0000000000000000,84.6
1790507162,2026/09/27 11:06:02.002,66.76,1976,78,0x0000000000000000,84.4
1790507172,2026/09/27 11:06:12.056,68.41,1976,78,0x0000000000000000,84.8
1790507182,2026/09/27 11:06:22.108,70.94,1976,78,0x0000000000000000,84.0
1790507192,2026/09/27 11:06:32.167,67.64,1976,77,0x0000000000000000,84.1
1790507202,2026/09/27 11:06:42.221,69.30,1976,78,0x0000000000000000,84.7
1790507212,2026/09/27 11:06:52.276,68.82,1976,77,0x0000000000000000,84.8
1790507222,2026/09/27 11:07:02.329,67.62,1976,77,0x0000000000000000,84.3
1790507232,2026/09/27 11:07:12.382,69.41,1976,78,0x0000000000000000,84.5
1790507242,2026/09/27 11:07:22.432,68.52,1976,77,0x0000000000000000,84.4
1790507252,2026/09/27 11:07:32.486,67.42,1976,77,0x0000000000000000,84.4
1790507262,2026/09/27 11:07:42.541,68.78,1976,78,0x0000000000000000,84.3
1790507272,2026/09/27 11:07:52.593,69.04,1976,77,0x0000000000000000,84.4
1790507282,2026/09/27 11:08:02.646,68.00,1976,77,0x0000000000000000,84.5
1790507292,2026/09/27 11:08:12.700,69.18,1976,78,0x0000000000000000,84.9
1790507302,2026/09/27 11:08:22.751,67.42,1976,77,0x0000000000000000,84.6
1790507312,2026/09/27 11:08:32.805,67.83,1976,78,0x0000000000000000,84.5
1790507322,2026/09/27 11:08:42.857,70.97,1976,77,0x0000000000000000,85.0
1790507332,2026/09/27 11:08:52.909,60.14,1976,77,0x0000000000000000,83.6
1790507342,2026/09/27 11:09:02.959,68.27,1976,77,0x0000000000000000,84.9
1790507353,2026/09/27 11:09:13.016,70.77,1976,78,0x0000000000000000,85.1
1790507363,2026/09/27 11:09:23.071,67.44,1976,77,0x0000000000000000,84.7
1790507373,2026/09/27 11:09:33.129,68.06,1976,78,0x0000000000000000,84.9
1790507383,2026/09/27 11:09:43.184,70.61,1976,78,0x0000000000000000,84.9
1790507393,2026/09/27 11:09:53.240,68.17,1976,78,0x0000000000000000,84.9
1790507403,2026/09/27 11:10:03.298,69.65,1976,78,0x0000000000000000,84.9
1790507413,2026/09/27 11:10:13.354,68.40,1976,78,0x0000000000000000,86.6
1790507423,2026/09/27 11:10:23.413,67.74,1976,77,0x0000000000000000,86.9
1790507433,2026/09/27 11:10:33.469,69.43,1976,78,0x0000000000000000,85.6
1790507443,2026/09/27 11:10:43.522,68.80,1976,78,0x0000000000000000,84.8
1790507453,2026/09/27 11:10:53.580,67.52,1976,78,0x0000000000000000,84.5
1790507463,2026/09/27 11:11:03.633,69.44,1976,78,0x0000000000000000,85.1
1790507473,2026/09/27 11:11:13.688,68.94,1976,78,0x0000000000000000,84.7
1790507483,2026/09/27 11:11:23.741,67.64,1976,78,0x0000000000000000,84.6
1790507493,2026/09/27 11:11:33.795,70.09,1976,78,0x0000000000000000,85.2
1790507503,2026/09/27 11:11:43.853,66.71,1976,78,0x0000000000000000,84.6
1790507513,2026/09/27 11:11:53.905,68.07,1976,78,0x0000000000000000,84.7
1790507523,2026/09/27 11:12:03.960,71.08,1976,78,0x0000000000000000,85.1
1790507534,2026/09/27 11:12:14.016,67.29,1976,78,0x0000000000000000,84.7
1790507544,2026/09/27 11:12:24.071,68.23,1976,77,0x0000000000000000,84.8
1790507554,2026/09/27 11:12:34.124,70.74,1976,77,0x0000000000000000,84.9
1790507564,2026/09/27 11:12:44.180,68.32,1976,78,0x0000000000000000,87.2
1790507574,2026/09/27 11:12:54.236,68.21,1976,77,0x0000000000000000,84.3
1790507584,2026/09/27 11:13:04.298,69.50,1976,78,0x0000000000000000,85.8
1790507594,2026/09/27 11:13:14.355,68.08,1976,77,0x0000000000000000,86.5
1790507604,2026/09/27 11:13:24.411,69.81,1976,78,0x0000000000000000,85.4
1790507614,2026/09/27 11:13:34.464,66.66,1976,77,0x0000000000000000,84.2
1790507624,2026/09/27 11:13:44.519,65.55,1976,77,0x0000000000000000,83.5
1790507634,2026/09/27 11:13:54.586,69.23,1976,78,0x0000000000000000,84.9
1790507644,2026/09/27 11:14:04.638,68.59,1976,77,0x0000000000000000,84.8
1790507654,2026/09/27 11:14:14.691,67.87,1976,77,0x0000000000000000,84.6
1790507664,2026/09/27 11:14:24.744,71.38,1976,78,0x0000000000000000,85.3
1790507674,2026/09/27 11:14:34.797,68.10,1976,77,0x0000000000000000,84.7
1790507684,2026/09/27 11:14:44.857,68.30,1976,78,0x0000000000000000,87.6
1790507694,2026/09/27 11:14:54.916,70.83,1976,78,0x0000000000000000,86.6
1790507704,2026/09/27 11:15:04.971,64.41,1976,78,0x0000000000000000,84.1
1790507715,2026/09/27 11:15:15.029,68.48,1976,77,0x0000000000000000,86.6
1790507725,2026/09/27 11:15:25.086,70.58,1976,78,0x0000000000000000,85.9
1790507735,2026/09/27 11:15:35.140,68.28,1976,77,0x0000000000000000,86.4
1790507745,2026/09/27 11:15:45.196,68.35,1976,77,0x0000000000000000,85.0
1790507755,2026/09/27 11:15:55.250,70.62,1976,78,0x0000000000000000,85.3
1790507765,2026/09/27 11:16:05.307,68.29,1976,78,0x0000000000000000,85.0
1790507775,2026/09/27 11:16:15.359,69.80,1976,78,0x0000000000000000,85.1
1790507785,2026/09/27 11:16:25.414,68.74,1976,77,0x0000000000000000,85.1
1790507795,2026/09/27 11:16:35.472,68.37,1976,77,0x0000000000000000,84.3
1790507805,2026/09/27 11:16:45.528,70.11,1976,78,0x0000000000000000,84.9
1790507815,2026/09/27 11:16:55.580,69.12,1976,78,0x0000000000000000,84.9
1790507825,2026/09/27 11:17:05.634,67.90,1976,77,0x0000000000000000,83.7
1790507835,2026/09/27 11:17:15.692,69.89,1976,78,0x0000000000000000,84.9
1790507845,2026/09/27 11:17:25.748,68.61,1976,77,0x0000000000000000,84.6
1790507855,2026/09/27 11:17:35.802,67.69,1976,77,0x0000000000000000,84.5
1790507865,2026/09/27 11:17:45.857,70.31,1976,78,0x0000000000000000,85.0
1790507875,2026/09/27 11:17:55.913,67.97,1976,77,0x0000000000000000,84.5
1790507885,2026/09/27 11:18:05.967,67.72,1976,78,0x0000000000000000,84.4
1790507896,2026/09/27 11:18:16.019,70.97,1976,78,0x0000000000000000,84.8
1790507906,2026/09/27 11:18:26.079,63.12,1976,77,0x0000000000000000,83.8
1790507916,2026/09/27 11:18:36.137,66.53,1976,78,0x0000000000000000,84.2
1790507926,2026/09/27 11:18:46.193,70.50,1976,77,0x0000000000000000,85.5
1790507936,2026/09/27 11:18:56.247,68.07,1976,78,0x0000000000000000,86.5
1790507946,2026/09/27 11:19:06.306,68.18,1976,78,0x0000000000000000,86.7
1790507956,2026/09/27 11:19:16.361,68.71,1976,78,0x0000000000000000,86.0
1790507966,2026/09/27 11:19:26.412,68.54,1976,77,0x0000000000000000,86.5
1790507976,2026/09/27 11:19:36.466,70.14,1976,78,0x0000000000000000,85.4
1790507986,2026/09/27 11:19:46.520,67.06,1976,77,0x0000000000000000,84.3
1790507996,2026/09/27 11:19:56.576,69.87,1976,78,0x0000000000000000,85.2
1790508006,2026/09/27 11:20:06.631,68.84,1976,77,0x0000000000000000,84.8
1790508016,2026/09/27 11:20:16.684,68.10,1976,78,0x0000000000000000,86.5
1790508026,2026/09/27 11:20:26.742,70.13,1976,78,0x0000000000000000,85.9
1790508036,2026/09/27 11:20:36.798,67.04,1976,78,0x0000000000000000,85.1
1790508046,2026/09/27 11:20:46.854,68.82,1976,79,0x0000000000000000,85.2
1790508056,2026/09/27 11:20:56.907,68.93,1976,78,0x0000000000000000,85.6
1790508066,2026/09/27 11:21:06.961,68.81,1976,77,0x0000000000000000,85.3
1790508077,2026/09/27 11:21:17.016,66.84,1976,78,0x0000000000000000,84.6
1790508087,2026/09/27 11:21:27.072,70.71,1976,78,0x0000000000000000,85.3
1790508097,2026/09/27 11:21:37.125,68.39,1976,78,0x0000000000000000,85.3
1790508107,2026/09/27 11:21:47.182,68.38,1976,78,0x0000000000000000,85.2
1790508117,2026/09/27 11:21:57.240,70.86,1976,78,0x0000000000000000,85.2
1790508127,2026/09/27 11:22:07.296,68.70,1976,77,0x0000000000000000,87.2
1790508137,2026/09/27 11:22:17.352,63.02,1976,78,0x0000000000000000,84.2
1790508147,2026/09/27 11:22:27.407,68.98,1976,77,0x0000000000000000,84.8
1790508157,2026/09/27 11:22:37.461,68.61,1976,78,0x0000000000000000,84.9
1790508167,2026/09/27 11:22:47.523,70.63,1976,79,0x0000000000000000,85.5
1790508177,2026/09/27 11:22:57.576,68.61,1976,78,0x0000000000000000,85.0
1790508187,2026/09/27 11:23:07.630,67.89,1976,78,0x0000000000000000,84.7
1790508197,2026/09/27 11:23:17.684,66.84,1976,77,0x0000000000000000,84.1
1790508207,2026/09/27 11:23:27.740,68.42,1976,78,0x0000000000000000,84.9
1790508217,2026/09/27 11:23:37.795,68.08,1976,77,0x0000000000000000,84.7
1790508227,2026/09/27 11:23:47.852,70.23,1976,78,0x0000000000000000,85.1
1790508237,2026/09/27 11:23:57.910,67.32,1976,77,0x0000000000000000,84.3
1790508247,2026/09/27 11:24:07.963,68.20,1976,78,0x0000000000000000,84.5
1790508258,2026/09/27 11:24:18.017,70.10,1976,77,0x0000000000000000,84.9
1790508268,2026/09/27 11:24:28.073,67.82,1976,78,0x0000000000000000,84.9
1790508278,2026/09/27 11:24:38.130,68.07,1976,78,0x0000000000000000,85.0
1790508288,2026/09/27 11:24:48.180,70.79,1976,78,0x0000000000000000,85.0
1790508298,2026/09/27 11:24:58.234,68.00,1976,78,0x0000000000000000,84.9
1790508308,2026/09/27 11:25:08.289,68.70,1976,78,0x0000000000000000,85.0
1790508318,2026/09/27 11:25:18.341,69.70,1976,78,0x0000000000000000,85.0
1790508328,2026/09/27 11:25:28.395,68.42,1976,78,0x0000000000000000,86.2
1790508338,2026/09/27 11:25:38.451,70.29,1976,78,0x0000000000000000,86.6
1790508348,2026/09/27 11:25:48.510,68.74,1976,78,0x0000000000000000,85.3
1790508358,2026/09/27 11:25:58.563,68.09,1976,78,0x0000000000000000,85.1
1790508368,2026/09/27 11:26:08.614,68.70,1976,78,0x0000000000000000,85.0
1790508378,2026/09/27 11:26:18.671,68.76,1976,77,0x0000000000000000,87.1
1790508388,2026/09/27 11:26:28.726,68.56,1976,78,0x0000000000000000,84.9
1790508398,2026/09/27 11:26:38.782,69.64,1976,78,0x0000000000000000,84.7
1790508408,2026/09/27 11:26:48.835,68.48,1976,78,0x0000000000000000,85.0
1790508418,2026/09/27 11:26:58.889,67.65,1976,77,0x0000000000000000,84.6
1790508428,2026/09/27 11:27:08.941,70.10,1976,78,0x0000000000000000,85.2
1790508439,2026/09/27 11:27:18.998,67.89,1976,78,0x0000000000000000,85.0
1790508449,2026/09/27 11:27:29.051,68.82,1976,78,0x0000000000000000,85.1
1790508459,2026/09/27 11:27:39.103,68.61,1976,77,0x0000000000000000,84.5
1790508469,2026/09/27 11:27:49.161,67.99,1976,78,0x0000000000000000,87.6
1790508479,2026/09/27 11:27:59.214,68.75,1976,78,0x0000000000000000,87.2
1790508489,2026/09/27 11:28:09.268,70.53,1976,78,0x0000000000000000,86.3
1790508499,2026/09/27 11:28:19.325,68.15,1976,78,0x0000000000000000,87.2
1790508509,2026/09/27 11:28:29.383,69.04,1976,78,0x0000000000000000,86.6
1790508519,2026/09/27 11:28:39.448,65.62,1976,77,0x0000000000000000,84.7
1790508529,2026/09/27 11:28:49.505,67.57,1976,78,0x0000000000000000,84.9
1790508539,2026/09/27 11:28:59.557,70.55,1976,78,0x0000000000000000,85.3
1790508549,2026/09/27 11:29:09.612,67.14,1976,78,0x0000000000000000,84.1
1790508559,2026/09/27 11:29:19.667,68.70,1976,78,0x0000000000000000,84.9
1790508569,2026/09/27 11:29:29.722,70.01,1976,78,0x0000000000000000,85.3
1790508579,2026/09/27 11:29:39.776,65.53,1976,77,0x0000000000000000,84.8
1790508589,2026/09/27 11:29:49.833,68.15,1976,77,0x0000000000000000,85.0
1790508599,2026/09/27 11:29:59.885,70.58,1976,78,0x0000000000000000,85.2
1790508609,2026/09/27 11:30:09.942,67.82,1976,77,0x0000000000000000,84.7
1790508620,2026/09/27 11:30:19.999,68.71,1976,78,0x0000000000000000,84.8
1790508630,2026/09/27 11:30:30.050,69.62,1976,77,0x0000000000000000,85.1
1790508640,2026/09/27 11:30:40.104,67.93,1976,77,0x0000000000000000,84.8
1790508650,2026/09/27 11:30:50.161,68.67,1976,78,0x0000000000000000,84.9
1790508660,2026/09/27 11:31:00.217,69.52,1976,78,0x0000000000000000,85.0
1790508670,2026/09/27 11:31:10.272,67.48,1976,77,0x0000000000000000,84.7
1790508680,2026/09/27 11:31:20.326,68.69,1976,78,0x0000000000000000,87.3
1790508690,2026/09/27 11:31:30.380,62.68,1976,77,0x0000000000000000,87.9
1790508700,2026/09/27 11:31:40.436,68.12,1976,78,0x0000000000000000,87.3
1790508710,2026/09/27 11:31:50.494,70.53,1976,78,0x0000000000000000,85.4
1790508720,2026/09/27 11:32:00.560,68.88,1976,78,0x0000000000000000,86.0
1790508730,2026/09/27 11:32:10.617,68.05,1976,78,0x0000000000000000,86.8
1790508740,2026/09/27 11:32:20.675,70.44,1976,78,0x0000000000000000,86.7
1790508750,2026/09/27 11:32:30.729,65.33,1976,78,0x0000000000000000,84.8
1790508760,2026/09/27 11:32:40.784,67.66,1976,78,0x0000000000000000,85.0
1790508770,2026/09/27 11:32:50.839,70.51,1976,78,0x0000000000000000,85.5
1790508780,2026/09/27 11:33:00.891,68.07,1976,77,0x0000000000000000,84.7
1790508790,2026/09/27 11:33:10.945,67.33,1976,78,0x0000000000000000,84.5
1790508801,2026/09/27 11:33:21.001,69.14,1976,78,0x0000000000000000,85.0
1790508811,2026/09/27 11:33:31.054,68.01,1976,78,0x0000000000000000,84.9
1790508821,2026/09/27 11:33:41.112,68.81,1976,78,0x0000000000000000,85.2
1790508831,2026/09/27 11:33:51.164,69.64,1976,78,0x0000000000000000,85.1
1790508841,2026/09/27 11:34:01.218,67.64,1976,78,0x0000000000000000,84.1
1790508851,2026/09/27 11:34:11.273,68.82,1976,78,0x0000000000000000,88.1
1790508861,2026/09/27 11:34:21.329,67.07,1976,77,0x0000000000000000,84.4
1790508871,2026/09/27 11:34:31.383,67.82,1976,78,0x0000000000000000,84.7
1790508881,2026/09/27 11:34:41.441,68.61,1976,78,0x0000000000000000,85.3
1790508891,2026/09/27 11:34:51.494,65.55,1976,78,0x0000000000000000,84.8
1790508901,2026/09/27 11:35:01.550,68.26,1976,78,0x0000000000000000,85.1
1790508911,2026/09/27 11:35:11.606,62.21,1976,78,0x0000000000000000,84.6
1790508921,2026/09/27 11:35:21.659,67.77,1976,78,0x0000000000000000,86.7
1790508931,2026/09/27 11:35:31.717,68.37,1976,78,0x0000000000000000,87.3
1790508941,2026/09/27 11:35:41.771,70.59,1976,78,0x0000000000000000,85.5
1790508951,2026/09/27 11:35:51.827,66.85,1976,78,0x0000000000000000,85.0
1790508961,2026/09/27 11:36:01.881,68.35,1976,77,0x0000000000000000,87.4
1790508971,2026/09/27 11:36:11.932,70.81,1976,78,0x0000000000000000,85.1
1790508982,2026/09/27 11:36:21.989,65.28,1976,77,0x0000000000000000,84.8
1790508992,2026/09/27 11:36:32.048,68.91,1976,78,0x0000000000000000,87.6
1790509002,2026/09/27 11:36:42.113,70.12,1976,78,0x0000000000000000,87.6
1790509012,2026/09/27 11:36:52.170,68.12,1976,78,0x0000000000000000,87.1
1790509022,2026/09/27 11:37:02.222,68.99,1976,78,0x0000000000000000,87.1
1790509032,2026/09/27 11:37:12.276,69.26,1976,78,0x0000000000000000,84.8
1790509042,2026/09/27 11:37:22.331,67.83,1976,77,0x0000000000000000,84.7
1790509052,2026/09/27 11:37:32.387,68.68,1976,78,0x0000000000000000,85.2
1790509062,2026/09/27 11:37:42.441,68.58,1976,77,0x0000000000000000,85.0
1790509072,2026/09/27 11:37:52.494,67.76,1976,78,0x0000000000000000,84.9
1790509082,2026/09/27 11:38:02.549,70.26,1976,78,0x0000000000000000,85.0
1790509092,2026/09/27 11:38:12.601,68.22,1976,78,0x0000000000000000,85.1
1790509102,2026/09/27 11:38:22.654,66.19,1976,77,0x0000000000000000,84.3
1790509112,2026/09/27 11:38:32.707,70.37,1976,78,0x0000000000000000,84.8
1790509122,2026/09/27 11:38:42.764,68.00,1976,77,0x0000000000000000,84.9
1790509132,2026/09/27 11:38:52.818,67.31,1976,78,0x0000000000000000,84.5
1790509142,2026/09/27 11:39:02.866,67.21,1976,77,0x0000000000000000,84.8
1790509152,2026/09/27 11:39:12.922,68.18,1976,78,0x0000000000000000,86.3
1790509162,2026/09/27 11:39:22.976,67.91,1976,77,0x0000000000000000,85.4
1790509173,2026/09/27 11:39:33.032,67.85,1976,77,0x0000000000000000,84.7
1790509183,2026/09/27 11:39:43.090,67.75,1976,78,0x0000000000000000,84.7
1790509193,2026/09/27 11:39:53.149,69.11,1976,78,0x0000000000000000,86.3
1790509203,2026/09/27 11:40:03.202,66.52,1976,78,0x0000000000000000,84.8
1790509213,2026/09/27 11:40:13.256,68.06,1976,77,0x0000000000000000,84.8
1790509223,2026/09/27 11:40:23.312,68.77,1976,78,0x0000000000000000,85.0
1790509233,2026/09/27 11:40:33.364,67.95,1976,77,0x0000000000000000,84.4
1790509243,2026/09/27 11:40:43.421,67.76,1976,78,0x0000000000000000,84.6
1790509253,2026/09/27 11:40:53.473,68.98,1976,78,0x0000000000000000,85.2
1790509263,2026/09/27 11:41:03.530,69.53,1976,77,0x0000000000000000,84.8
1790509273,2026/09/27 11:41:13.585,67.86,1976,78,0x0000000000000000,85.0
1790509283,2026/09/27 11:41:23.637,70.16,1976,78,0x0000000000000000,85.2
1790509293,2026/09/27 11:41:33.690,68.30,1976,77,0x0000000000000000,84.6
1790509303,2026/09/27 11:41:43.745,68.20,1976,78,0x0000000000000000,86.6
1790509313,2026/09/27 11:41:53.801,70.74,1976,78,0x0000000000000000,84.9
1790509323,2026/09/27 11:42:03.860,64.91,1976,77,0x0000000000000000,84.5
1790509333,2026/09/27 11:42:13.917,68.04,1976,77,0x0000000000000000,84.9
1790509343,2026/09/27 11:42:23.970,70.40,1976,78,0x0000000000000000,85.3
1790509354,2026/09/27 11:42:34.024,67.66,1976,77,0x0000000000000000,84.9
1790509364,2026/09/27 11:42:44.077,68.73,1976,78,0x0000000000000000,85.0
1790509374,2026/09/27 11:42:54.129,70.09,1976,77,0x0000000000000000,85.0
1790509384,2026/09/27 11:43:04.185,67.89,1976,78,0x0000000000000000,85.0
1790509394,2026/09/27 11:43:14.240,69.01,1976,78,0x0000000000000000,86.6
1790509404,2026/09/27 11:43:24.295,68.94,1976,78,0x0000000000000000,85.0
1790509414,2026/09/27 11:43:34.350,67.46,1976,78,0x0000000000000000,84.6
1790509424,2026/09/27 11:43:44.408,68.75,1976,78,0x0000000000000000,85.2
1790509434,2026/09/27 11:43:54.464,69.44,1976,78,0x0000000000000000,84.9
1790509444,2026/09/27 11:44:04.517,67.58,1976,78,0x0000000000000000,84.7
1790509454,2026/09/27 11:44:14.574,62.49,1976,69,0x0000000000000000,84.1
1790509464,2026/09/27 11:44:24.630,67.94,1976,78,0x0000000000000000,84.8
1790509474,2026/09/27 11:44:34.682,66.42,1976,78,0x0000000000000000,84.5
1790509484,2026/09/27 11:44:44.738,70.52,1976,78,0x0000000000000000,85.2
1790509494,2026/09/27 11:44:54.795,60.27,1976,77,0x0000000000000000,83.8
1790509504,2026/09/27 11:45:04.853,67.61,1976,78,0x0000000000000000,84.4
1790509514,2026/09/27 11:45:14.907,70.36,1976,78,0x0000000000000000,85.1
1790509524,2026/09/27 11:45:24.964,67.85,1976,78,0x0000000000000000,85.0
1790509535,2026/09/27 11:45:35.019,67.98,1976,78,0x0000000000000000,85.1
1790509545,2026/09/27 11:45:45.071,70.58,1976,78,0x0000000000000000,84.5
1790509555,2026/09/27 11:45:55.127,57.06,1976,77,0x0000000000000000,82.6
1790509565,2026/09/27 11:46:05.182,69.12,1976,78,0x0000000000000000,84.8
1790509575,2026/09/27 11:46:15.239,70.03,1976,78,0x0000000000000000,87.3
1790509585,2026/09/27 11:46:25.298,65.89,1976,78,0x0000000000000000,84.4
1790509595,2026/09/27 11:46:35.357,67.99,1976,78,0x0000000000000000,85.7
1790509605,2026/09/27 11:46:45.411,67.36,1976,76,0x0000000000000000,84.6
1790509615,2026/09/27 11:46:55.469,67.68,1976,78,0x0000000000000000,86.5
1790509625,2026/09/27 11:47:05.526,67.86,1976,77,0x0000000000000000,84.7
1790509635,2026/09/27 11:47:15.581,68.90,1976,78,0x0000000000000000,84.8
1790509645,2026/09/27 11:47:25.643,67.66,1976,78,0x0000000000000000,84.6
1790509655,2026/09/27 11:47:35.699,70.93,1976,78,0x0000000000000000,85.2
1790509665,2026/09/27 11:47:45.757,67.29,1976,77,0x0000000000000000,84.6
1790509675,2026/09/27 11:47:55.817,67.74,1976,77,0x0000000000000000,84.6
1790509685,2026/09/27 11:48:05.869,70.84,1976,78,0x0000000000000000,86.3
1790509695,2026/09/27 11:48:15.923,67.05,1976,78,0x0000000000000000,86.4
1790509705,2026/09/27 11:48:25.979,66.91,1976,78,0x0000000000000000,85.3
1790509716,2026/09/27 11:48:36.035,68.05,1976,78,0x0000000000000000,86.7
1790509726,2026/09/27 11:48:46.095,64.42,1976,78,0x0000000000000000,84.7
1790509736,2026/09/27 11:48:56.153,68.04,1976,78,0x0000000000000000,84.9
1790509746,2026/09/27 11:49:06.208,61.64,1976,77,0x0000000000000000,83.2
1790509756,2026/09/27 11:49:16.265,68.03,1976,78,0x0000000000000000,84.3
1790509766,2026/09/27 11:49:26.327,68.04,1976,78,0x0000000000000000,84.6
1790509776,2026/09/27 11:49:36.392,68.69,1976,78,0x0000000000000000,85.1
1790509786,2026/09/27 11:49:46.446,68.14,1976,77,0x0000000000000000,84.8
1790509796,2026/09/27 11:49:56.504,68.25,1976,78,0x0000000000000000,87.6
1790509806,2026/09/27 11:50:06.563,68.06,1976,77,0x0000000000000000,85.1
1790509816,2026/09/27 11:50:16.616,70.29,1976,78,0x0000000000000000,85.3
1790509826,2026/09/27 11:50:26.676,68.06,1976,78,0x0000000000000000,84.8
1790509836,2026/09/27 11:50:36.727,69.02,1976,78,0x0000000000000000,85.1
1790509846,2026/09/27 11:50:46.782,69.30,1976,78,0x0000000000000000,85.3
1790509856,2026/09/27 11:50:56.835,67.92,1976,78,0x0000000000000000,84.7
1790509866,2026/09/27 11:51:06.888,69.17,1976,78,0x0000000000000000,85.3
1790509876,2026/09/27 11:51:16.940,69.16,1976,78,0x0000000000000000,85.2
1790509887,2026/09/27 11:51:26.993,68.12,1976,78,0x0000000000000000,87.4
1790509897,2026/09/27 11:51:37.055,68.85,1976,78,0x0000000000000000,87.8
1790509907,2026/09/27 11:51:47.110,67.52,1976,77,0x0000000000000000,84.6
1790509917,2026/09/27 11:51:57.160,67.97,1976,78,0x0000000000000000,84.6
1790509927,2026/09/27 11:52:07.217,71.05,1976,78,0x0000000000000000,85.3
1790509937,2026/09/27 11:52:17.276,68.77,1976,78,0x0000000000000000,85.1
1790509947,2026/09/27 11:52:27.332,68.53,1976,78,0x0000000000000000,85.1
1790509957,2026/09/27 11:52:37.385,70.96,1976,78,0x0000000000000000,85.1
1790509967,2026/09/27 11:52:47.441,66.57,1976,78,0x0000000000000000,84.8
1790509977,2026/09/27 11:52:57.495,67.53,1976,77,0x0000000000000000,84.9
1790509987,2026/09/27 11:53:07.552,69.57,1976,78,0x0000000000000000,84.9
1790509997,2026/09/27 11:53:17.607,68.16,1976,78,0x0000000000000000,85.1
1790510007,2026/09/27 11:53:27.662,67.75,1976,78,0x0000000000000000,84.6
1790510017,2026/09/27 11:53:37.719,69.52,1976,77,0x0000000000000000,85.1
1790510027,2026/09/27 11:53:47.771,67.51,1976,78,0x0000000000000000,85.0
1790510037,2026/09/27 11:53:57.825,69.11,1976,78,0x0000000000000000,85.1
1790510047,2026/09/27 11:54:07.879,68.19,1976,78,0x0000000000000000,84.7
1790510057,2026/09/27 11:54:17.935,67.70,1976,78,0x0000000000000000,84.6
1790510068,2026/09/27 11:54:27.989,69.27,1976,78,0x0000000000000000,85.1
1790510078,2026/09/27 11:54:38.039,68.60,1976,77,0x0000000000000000,84.8
1790510088,2026/09/27 11:54:48.091,67.90,1976,78,0x0000000000000000,84.7
1790510098,2026/09/27 11:54:58.148,69.23,1976,78,0x0000000000000000,87.2
1790510108,2026/09/27 11:55:08.206,64.59,1976,78,0x0000000000000000,84.3
1790510118,2026/09/27 11:55:18.261,68.14,1976,77,0x0000000000000000,84.6
1790510128,2026/09/27 11:55:28.313,67.66,1976,77,0x0000000000000000,84.6
1790510138,2026/09/27 11:55:38.366,67.36,1976,77,0x0000000000000000,84.9
1790510148,2026/09/27 11:55:48.420,67.72,1976,78,0x0000000000000000,84.9
1790510158,2026/09/27 11:55:58.475,70.80,1976,78,0x0000000000000000,85.1
1790510168,2026/09/27 11:56:08.530,67.97,1976,78,0x0000000000000000,84.5
1790510178,2026/09/27 11:56:18.587,67.90,1976,78,0x0000000000000000,85.0
1790510188,2026/09/27 11:56:28.642,70.90,1976,78,0x0000000000000000,84.6
1790510198,2026/09/27 11:56:38.700,68.49,1976,77,0x0000000000000000,84.3
1790510208,2026/09/27 11:56:48.756,68.61,1976,78,0x0000000000000000,84.8
1790510218,2026/09/27 11:56:58.809,69.06,1976,78,0x0000000000000000,85.1
1790510228,2026/09/27 11:57:08.865,67.66,1976,78,0x0000000000000000,84.7
1790510238,2026/09/27 11:57:18.921,69.21,1976,79,0x0000000000000000,85.1
1790510248,2026/09/27 11:57:28.981,65.99,1976,78,0x0000000000000000,84.7
1790510259,2026/09/27 11:57:39.038,65.04,1976,77,0x0000000000000000,83.8
1790510269,2026/09/27 11:57:49.092,68.99,1976,78,0x0000000000000000,84.8
1790510279,2026/09/27 11:57:59.147,69.00,1976,78,0x0000000000000000,86.7
1790510289,2026/09/27 11:58:09.203,67.95,1976,78,0x0000000000000000,87.3
1790510299,2026/09/27 11:58:19.259,71.34,1976,78,0x0000000000000000,85.4
1790510309,2026/09/27 11:58:29.321,67.33,1976,78,0x0000000000000000,85.1
1790510319,2026/09/27 11:58:39.374,68.18,1976,78,0x0000000000000000,85.1
1790510329,2026/09/27 11:58:49.426,71.10,1976,78,0x0000000000000000,85.1
1790510339,2026/09/27 11:58:59.485,65.93,1976,78,0x0000000000000000,84.4
1790510349,2026/09/27 11:59:09.539,68.36,1976,78,0x0000000000000000,85.1
1790510359,2026/09/27 11:59:19.591,70.48,1976,78,0x0000000000000000,85.1
1790510369,2026/09/27 11:59:29.646,66.34,1976,77,0x0000000000000000,84.9
1790510379,2026/09/27 11:59:39.714,69.54,1976,78,0x0000000000000000,85.1
1790510389,2026/09/27 11:59:49.767,68.93,1976,78,0x0000000000000000,85.1
1790510399,2026/09/27 11:59:59.822,68.07,1976,78,0x0000000000000000,84.6
1790510409,2026/09/27 12:00:09.876,69.66,1976,78,0x0000000000000000,85.3
1790510419,2026/09/27 12:00:19.928,67.32,1976,77,0x0000000000000000,84.7
1790510429,2026/09/27 12:00:29.982,67.57,1976,78,0x0000000000000000,84.3
1790510440,2026/09/27 12:00:40.038,61.53,1976,78,0x0000000000000000,84.7
1790510450,2026/09/27 12:00:50.088,68.66,1976,78,0x0000000000000000,84.9
1790510460,2026/09/27 12:01:00.142,68.00,1976,78,0x0000000000000000,84.5
1790510470,2026/09/27 12:01:10.198,69.49,1976,78,0x0000000000000000,85.2
1790510480,2026/09/27 12:01:20.254,67.14,1976,78,0x0000000000000000,84.7
1790510490,2026/09/27 12:01:30.311,67.67,1976,78,0x0000000000000000,84.7
1790510500,2026/09/27 12:01:40.362,71.05,1976,78,0x0000000000000000,85.1
1790510510,2026/09/27 12:01:50.417,67.69,1976,78,0x0000000000000000,84.6
1790510520,2026/09/27 12:02:00.473,67.82,1976,78,0x0000000000000000,84.5
1790510530,2026/09/27 12:02:10.528,70.62,1976,78,0x0000000000000000,85.1
1790510540,2026/09/27 12:02:20.580,67.81,1976,78,0x0000000000000000,84.9
1790510550,2026/09/27 12:02:30.635,67.77,1976,78,0x0000000000000000,85.2
1790510560,2026/09/27 12:02:40.688,70.57,1976,78,0x0000000000000000,85.3
1790510570,2026/09/27 12:02:50.742,68.11,1976,78,0x0000000000000000,85.1
1790510580,2026/09/27 12:03:00.797,69.47,1976,78,0x0000000000000000,85.2
1790510590,2026/09/27 12:03:10.850,69.23,1976,78,0x0000000000000000,85.3
1790510600,2026/09/27 12:03:20.905,68.18,1976,77,0x0000000000000000,84.5
1790510610,2026/09/27 12:03:30.960,69.43,1976,78,0x0000000000000000,85.3
1790510621,2026/09/27 12:03:41.015,69.06,1976,77,0x0000000000000000,85.3
1790510631,2026/09/27 12:03:51.070,67.76,1976,78,0x0000000000000000,87.6
1790510641,2026/09/27 12:04:01.123,69.62,1976,79,0x0000000000000000,84.9
1790510651,2026/09/27 12:04:11.173,68.77,1976,78,0x0000000000000000,86.1
1790510661,2026/09/27 12:04:21.232,67.71,1976,78,0x0000000000000000,86.7
1790510671,2026/09/27 12:04:31.289,67.77,1976,77,0x0000000000000000,84.7
1790510681,2026/09/27 12:04:41.346,58.00,1976,78,0x0000000000000000,83.7
1790510691,2026/09/27 12:04:51.403,67.91,1976,77,0x0000000000000000,84.9
1790510701,2026/09/27 12:05:01.456,71.36,1976,78,0x0000000000000000,85.0
1790510711,2026/09/27 12:05:11.511,68.29,1976,78,0x0000000000000000,86.8
1790510721,2026/09/27 12:05:21.567,68.08,1976,78,0x0000000000000000,87.0
1790510731,2026/09/27 12:05:31.622,67.81,1976,77,0x0000000000000000,84.9
1790510741,2026/09/27 12:05:41.682,68.55,1976,78,0x0000000000000000,85.3
1790510751,2026/09/27 12:05:51.738,68.16,1976,78,0x0000000000000000,85.2
1790510761,2026/09/27 12:06:01.797,61.13,1976,78,0x0000000000000000,84.2
1790510771,2026/09/27 12:06:11.851,68.29,1976,78,0x0000000000000000,85.0
1790510781,2026/09/27 12:06:21.902,69.44,1976,78,0x0000000000000000,85.2
1790510791,2026/09/27 12:06:31.952,68.75,1976,78,0x0000000000000000,85.1
1790510802,2026/09/27 12:06:42.008,68.39,1976,77,0x0000000000000000,85.0
1790510812,2026/09/27 12:06:52.064,69.71,1976,78,0x0000000000000000,85.1
1790510822,2026/09/27 12:07:02.117,68.50,1976,78,0x0000000000000000,84.8
1790510832,2026/09/27 12:07:12.171,67.78,1976,78,0x0000000000000000,84.8
1790510842,2026/09/27 12:07:22.224,69.58,1976,78,0x0000000000000000,85.0
1790510852,2026/09/27 12:07:32.277,68.18,1976,78,0x0000000000000000,84.7
1790510862,2026/09/27 12:07:42.333,67.88,1976,78,0x0000000000000000,84.8
1790510872,2026/09/27 12:07:52.388,66.29,1976,77,0x0000000000000000,84.3
1790510882,2026/09/27 12:08:02.445,67.20,1976,78,0x0000000000000000,85.2
1790510892,2026/09/27 12:08:12.505,67.85,1976,78,0x0000000000000000,87.4
1790510902,2026/09/27 12:08:22.556,67.37,1976,76,0x0000000000000000,84.7
1790510912,2026/09/27 12:08:32.611,67.64,1976,78,0x0000000000000000,85.9
1790510922,2026/09/27 12:08:42.665,67.71,1976,78,0x0000000000000000,86.8
1790510932,2026/09/27 12:08:52.725,71.08,1976,79,0x0000000000000000,83.1
1790510942,2026/09/27 12:09:02.785,65.00,1976,78,0x0000000000000000,84.6
1790510952,2026/09/27 12:09:12.837,69.56,1976,78,0x0000000000000000,87.4
1790510962,2026/09/27 12:09:22.893,68.94,1976,78,0x0000000000000000,86.7
1790510972,2026/09/27 12:09:32.947,68.16,1976,78,0x0000000000000000,87.4
1790510983,2026/09/27 12:09:43.004,69.84,1976,78,0x0000000000000000,85.1
1790510993,2026/09/27 12:09:53.059,68.45,1976,78,0x0000000000000000,85.2
1790511003,2026/09/27 12:10:03.117,67.99,1976,78,0x0000000000000000,84.4
1790511013,2026/09/27 12:10:13.173,69.92,1976,78,0x0000000000000000,88.4
1790511023,2026/09/27 12:10:23.231,65.38,1976,78,0x0000000000000000,85.2
1790511033,2026/09/27 12:10:33.291,68.08,1976,77,0x0000000000000000,87.3
1790511043,2026/09/27 12:10:43.348,71.40,1976,78,0x0000000000000000,85.2
1790511053,2026/09/27 12:10:53.404,68.28,1976,78,0x0000000000000000,85.3
1790511063,2026/09/27 12:11:03.456,67.85,1976,78,0x0000000000000000,85.1
1790511073,2026/09/27 12:11:13.509,70.27,1976,78,0x0000000000000000,85.0
1790511083,2026/09/27 12:11:23.564,67.95,1976,78,0x0000000000000000,85.0
1790511093,2026/09/27 12:11:33.621,68.01,1976,78,0x0000000000000000,84.8
1790511103,2026/09/27 12:11:43.672,70.11,1976,78,0x0000000000000000,85.0
1790511113,2026/09/27 12:11:53.728,67.60,1976,78,0x0000000000000000,84.9
1790511123,2026/09/27 12:12:03.792,68.04,1976,77,0x0000000000000000,84.9
1790511133,2026/09/27 12:12:13.854,68.17,1976,78,0x0000000000000000,84.9
1790511143,2026/09/27 12:12:23.909,67.91,1976,78,0x0000000000000000,84.2
1790511153,2026/09/27 12:12:33.973,69.75,1976,78,0x0000000000000000,85.1
1790511164,2026/09/27 12:12:44.025,68.66,1976,77,0x0000000000000000,85.0
1790511174,2026/09/27 12:12:54.089,68.07,1976,77,0x0000000000000000,85.0
1790511184,2026/09/27 12:13:04.143,69.80,1976,78,0x0000000000000000,85.3
1790511194,2026/09/27 12:13:14.197,68.60,1976,78,0x0000000000000000,85.0
1790511204,2026/09/27 12:13:24.250,68.18,1976,77,0x0000000000000000,85.2
1790511214,2026/09/27 12:13:34.304,69.50,1976,78,0x0000000000000000,85.3
1790511224,2026/09/27 12:13:44.356,68.30,1976,78,0x0000000000000000,84.8
1790511234,2026/09/27 12:13:54.411,68.39,1976,78,0x0000000000000000,88.4
1790511244,2026/09/27 12:14:04.468,69.36,1976,78,0x0000000000000000,85.5
1790511254,2026/09/27 12:14:14.528,68.05,1976,78,0x0000000000000000,86.7
1790511264,2026/09/27 12:14:24.585,68.43,1976,78,0x0000000000000000,87.2
1790511274,2026/09/27 12:14:34.638,70.52,1976,78,0x0000000000000000,87.7
1790511284,2026/09/27 12:14:44.695,66.93,1976,78,0x0000000000000000,85.6
1790511294,2026/09/27 12:14:54.750,68.08,1976,79,0x0000000000000000,85.0
1790511304,2026/09/27 12:15:04.811,70.00,1976,78,0x0000000000000000,85.4
1790511314,2026/09/27 12:15:14.866,69.33,1976,79,0x0000000000000000,85.0
1790511324,2026/09/27 12:15:24.921,69.92,1976,79,0x0000000000000000,87.0
1790511334,2026/09/27 12:15:34.975,67.58,1976,78,0x0000000000000000,85.1
1790511345,2026/09/27 12:15:45.030,68.05,1976,78,0x0000000000000000,85.0
1790511355,2026/09/27 12:15:55.090,69.85,1976,77,0x0000000000000000,85.4
1790511365,2026/09/27 12:16:05.143,68.77,1976,78,0x0000000000000000,85.2
1790511375,2026/09/27 12:16:15.197,68.18,1976,78,0x0000000000000000,84.8
1790511385,2026/09/27 12:16:25.248,69.89,1976,78,0x0000000000000000,85.3
1790511395,2026/09/27 12:16:35.305,69.31,1976,78,0x0000000000000000,85.0
1790511405,2026/09/27 12:16:45.359,68.13,1976,78,0x0000000000000000,85.0
1790511415,2026/09/27 12:16:55.408,70.53,1976,78,0x0000000000000000,85.1
1790511425,2026/09/27 12:17:05.462,68.35,1976,78,0x0000000000000000,88.0
1790511435,2026/09/27 12:17:15.517,68.78,1976,78,0x0000000000000000,88.5
1790511445,2026/09/27 12:17:25.572,67.45,1976,76,0x0000000000000000,84.4
1790511455,2026/09/27 12:17:35.627,68.15,1976,78,0x0000000000000000,84.8
1790511465,2026/09/27 12:17:45.679,68.22,1976,78,0x0000000000000000,86.1
1790511475,2026/09/27 12:17:55.736,67.76,1976,77,0x0000000000000000,84.6
1790511485,2026/09/27 12:18:05.790,68.58,1976,78,0x0000000000000000,86.7
1790511495,2026/09/27 12:18:15.845,67.77,1976,78,0x0000000000000000,85.8
1790511505,2026/09/27 12:18:25.909,65.14,1976,78,0x0000000000000000,84.5
1790511515,2026/09/27 12:18:35.962,67.11,1976,78,0x0000000000000000,84.9
1790511526,2026/09/27 12:18:46.015,69.53,1976,78,0x0000000000000000,85.4
1790511536,2026/09/27 12:18:56.067,65.18,1976,78,0x0000000000000000,84.7
1790511546,2026/09/27 12:19:06.119,68.07,1976,78,0x0000000000000000,87.8
1790511556,2026/09/27 12:19:16.172,70.05,1976,78,0x0000000000000000,85.2
1790511566,2026/09/27 12:19:26.232,68.25,1976,78,0x0000000000000000,84.8
1790511576,2026/09/27 12:19:36.288,67.80,1976,78,0x0000000000000000,84.9
1790511586,2026/09/27 12:19:46.346,70.03,1976,79,0x0000000000000000,85.0
1790511596,2026/09/27 12:19:56.402,67.62,1976,78,0x0000000000000000,84.8
1790511606,2026/09/27 12:20:06.457,68.22,1976,78,0x0000000000000000,85.0
1790511616,2026/09/27 12:20:16.516,68.21,1976,78,0x0000000000000000,84.9
1790511626,2026/09/27 12:20:26.574,69.57,1976,79,0x0000000000000000,85.0
1790511636,2026/09/27 12:20:36.633,67.43,1976,78,0x0000000000000000,85.2
1790511646,2026/09/27 12:20:46.689,63.88,1976,78,0x0000000000000000,84.4
1790511656,2026/09/27 12:20:56.746,64.71,1976,78,0x0000000000000000,85.1
1790511666,2026/09/27 12:21:06.802,66.10,1976,78,0x0000000000000000,85.3
1790511676,2026/09/27 12:21:16.854,68.12,1976,78,0x0000000000000000,85.2
1790511686,2026/09/27 12:21:26.908,69.59,1976,79,0x0000000000000000,85.2
1790511696,2026/09/27 12:21:36.964,64.09,1976,77,0x0000000000000000,84.2
1790511707,2026/09/27 12:21:47.024,68.39,1976,78,0x0000000000000000,85.3
1790511717,2026/09/27 12:21:57.081,71.29,1976,78,0x0000000000000000,84.7
1790511727,2026/09/27 12:22:07.142,68.00,1976,78,0x0000000000000000,84.5
1790511737,2026/09/27 12:22:17.197,67.97,1976,78,0x0000000000000000,84.8
1790511747,2026/09/27 12:22:27.254,70.99,1976,78,0x0000000000000000,84.7
1790511757,2026/09/27 12:22:37.310,65.84,1976,77,0x0000000000000000,84.5
1790511767,2026/09/27 12:22:47.368,68.07,1976,78,0x0000000000000000,85.0
1790511777,2026/09/27 12:22:57.421,70.62,1976,78,0x0000000000000000,85.0
1790511787,2026/09/27 12:23:07.476,67.39,1976,78,0x0000000000000000,84.3
1790511797,2026/09/27 12:23:17.539,69.85,1976,78,0x0000000000000000,86.0
1790511807,2026/09/27 12:23:27.593,67.48,1976,77,0x0000000000000000,84.5
1790511817,2026/09/27 12:23:37.649,68.33,1976,77,0x0000000000000000,87.3
1790511827,2026/09/27 12:23:47.704,69.73,1976,79,0x0000000000000000,85.0
1790511837,2026/09/27 12:23:57.758,69.82,1976,78,0x0000000000000000,85.0
1790511847,2026/09/27 12:24:07.812,68.46,1976,78,0x0000000000000000,85.0
1790511857,2026/09/27 12:24:17.866,69.82,1976,78,0x0000000000000000,85.1
1790511867,2026/09/27 12:24:27.921,69.85,1976,78,0x0000000000000000,87.1
1790511877,2026/09/27 12:24:37.975,66.87,1976,78,0x0000000000000000,84.4
1790511888,2026/09/27 12:24:48.036,67.84,1976,76,0x0000000000000000,84.5
1790511898,2026/09/27 12:24:58.089,60.16,1976,77,0x0000000000000000,83.9
1790511908,2026/09/27 12:25:08.142,68.28,1976,77,0x0000000000000000,84.5
1790511918,2026/09/27 12:25:18.192,70.58,1976,78,0x0000000000000000,86.6
1790511928,2026/09/27 12:25:28.247,68.28,1976,77,0x0000000000000000,84.7
1790511938,2026/09/27 12:25:38.303,67.95,1976,77,0x0000000000000000,85.0
1790511948,2026/09/27 12:25:48.357,70.62,1976,77,0x0000000000000000,86.6
1790511958,2026/09/27 12:25:58.414,67.94,1976,78,0x0000000000000000,84.8
1790511968,2026/09/27 12:26:08.471,69.32,1976,78,0x0000000000000000,84.9
1790511978,2026/09/27 12:26:18.526,65.50,1976,78,0x0000000000000000,84.5
1790511988,2026/09/27 12:26:28.585,68.06,1976,78,0x0000000000000000,84.7
1790511998,2026/09/27 12:26:38.636,69.54,1976,78,0x0000000000000000,84.9
1790512008,2026/09/27 12:26:48.691,68.54,1976,77,0x0000000000000000,84.9
1790512018,2026/09/27 12:26:58.747,67.81,1976,78,0x0000000000000000,84.7
1790512028,2026/09/27 12:27:08.803,69.54,1976,78,0x0000000000000000,84.8
1790512038,2026/09/27 12:27:18.853,65.72,1976,78,0x0000000000000000,84.1
1790512048,2026/09/27 12:27:28.909,67.95,1976,77,0x0000000000000000,84.5
1790512058,2026/09/27 12:27:38.963,69.74,1976,78,0x0000000000000000,85.1
1790512069,2026/09/27 12:27:49.014,65.43,1976,77,0x0000000000000000,84.0
1790512079,2026/09/27 12:27:59.071,68.27,1976,78,0x0000000000000000,83.8
1790512089,2026/09/27 12:28:09.119,70.91,1976,76,0x0000000000000000,85.1
1790512099,2026/09/27 12:28:19.177,68.24,1976,78,0x0000000000000000,84.6
1790512109,2026/09/27 12:28:29.228,68.28,1976,78,0x0000000000000000,85.0
1790512119,2026/09/27 12:28:39.280,71.25,1976,78,0x0000000000000000,85.0
1790512129,2026/09/27 12:28:49.336,68.56,1976,78,0x0000000000000000,87.4
1790512139,2026/09/27 12:28:59.390,66.34,1976,77,0x0000000000000000,84.3
1790512149,2026/09/27 12:29:09.441,70.83,1976,77,0x0000000000000000,86.8
1790512159,2026/09/27 12:29:19.499,60.57,1976,77,0x0000000000000000,87.7
1790512169,2026/09/27 12:29:29.551,69.93,1976,78,0x0000000000000000,85.7
1790512179,2026/09/27 12:29:39.608,68.56,1976,78,0x0000000000000000,85.2
1790512189,2026/09/27 12:29:49.665,66.88,1976,78,0x0000000000000000,84.4
1790512199,2026/09/27 12:29:59.720,69.92,1976,78,0x0000000000000000,84.8
1790512209,2026/09/27 12:30:09.774,66.21,1976,77,0x0000000000000000,84.1
1790512219,2026/09/27 12:30:19.826,67.96,1976,78,0x0000000000000000,84.5
1790512229,2026/09/27 12:30:29.882,69.20,1976,78,0x0000000000000000,84.7
1790512239,2026/09/27 12:30:39.939,68.74,1976,78,0x0000000000000000,84.7
1790512250,2026/09/27 12:30:49.998,67.59,1976,77,0x0000000000000000,84.1
1790512260,2026/09/27 12:31:00.058,71.27,1976,78,0x0000000000000000,84.9
1790512270,2026/09/27 12:31:10.118,68.14,1976,77,0x0000000000000000,84.6
1790512280,2026/09/27 12:31:20.172,68.18,1976,78,0x0000000000000000,84.5
1790512290,2026/09/27 12:31:30.223,70.40,1976,78,0x0000000000000000,84.8
1790512300,2026/09/27 12:31:40.274,68.50,1976,78,0x0000000000000000,84.8
1790512310,2026/09/27 12:31:50.324,68.22,1976,78,0x0000000000000000,84.8
1790512320,2026/09/27 12:32:00.376,67.90,1976,77,0x0000000000000000,84.6
1790512330,2026/09/27 12:32:10.431,67.98,1976,78,0x0000000000000000,84.9
1790512340,2026/09/27 12:32:20.487,68.32,1976,78,0x0000000000000000,85.1
1790512350,2026/09/27 12:32:30.540,65.76,1976,78,0x0000000000000000,84.6
1790512360,2026/09/27 12:32:40.595,64.64,1976,77,0x0000000000000000,83.5
1790512370,2026/09/27 12:32:50.649,69.79,1976,78,0x0000000000000000,84.9
1790512380,2026/09/27 12:33:00.701,68.13,1976,78,0x0000000000000000,84.5
1790512390,2026/09/27 12:33:10.756,67.81,1976,77,0x0000000000000000,84.5
1790512400,2026/09/27 12:33:20.811,69.78,1976,78,0x0000000000000000,86.2
1790512410,2026/09/27 12:33:30.867,68.18,1976,78,0x0000000000000000,84.8
1790512420,2026/09/27 12:33:40.925,67.90,1976,77,0x0000000000000000,84.6
1790512430,2026/09/27 12:33:50.981,69.58,1976,78,0x0000000000000000,85.3
1790512441,2026/09/27 12:34:01.038,68.13,1976,78,0x0000000000000000,87.1
1790512451,2026/09/27 12:34:11.098,68.07,1976,78,0x0000000000000000,84.7
1790512461,2026/09/27 12:34:21.150,62.96,1976,77,0x0000000000000000,83.9
1790512471,2026/09/27 12:34:31.205,67.86,1976,78,0x0000000000000000,84.7
1790512481,2026/09/27 12:34:41.260,68.24,1976,78,0x0000000000000000,85.0
1790512491,2026/09/27 12:34:51.312,70.46,1976,78,0x0000000000000000,85.1
1790512501,2026/09/27 12:35:01.363,68.19,1976,78,0x0000000000000000,85.0
1790512511,2026/09/27 12:35:11.414,67.72,1976,78,0x0000000000000000,85.1
1790512521,2026/09/27 12:35:21.466,69.31,1976,77,0x0000000000000000,84.8
1790512531,2026/09/27 12:35:31.521,68.27,1976,78,0x0000000000000000,85.2
1790512541,2026/09/27 12:35:41.574,67.05,1976,77,0x0000000000000000,84.3
1790512551,2026/09/27 12:35:51.628,69.13,1976,78,0x0000000000000000,84.9
1790512561,2026/09/27 12:36:01.683,68.24,1976,78,0x0000000000000000,84.6
1790512571,2026/09/27 12:36:11.736,70.19,1976,78,0x0000000000000000,85.2
1790512581,2026/09/27 12:36:21.789,67.91,1976,78,0x0000000000000000,86.3
1790512591,2026/09/27 12:36:31.845,67.35,1976,77,0x0000000000000000,85.7
1790512601,2026/09/27 12:36:41.903,69.91,1976,78,0x0000000000000000,84.9
1790512611,2026/09/27 12:36:51.956,67.98,1976,77,0x0000000000000000,86.5
1790512622,2026/09/27 12:37:02.006,68.25,1976,77,0x0000000000000000,88.1
1790512632,2026/09/27 12:37:12.063,70.17,1976,78,0x0000000000000000,86.5
1790512642,2026/09/27 12:37:22.121,67.40,1976,77,0x0000000000000000,84.6
1790512652,2026/09/27 12:37:32.176,67.91,1976,78,0x0000000000000000,87.5
1790512662,2026/09/27 12:37:42.227,69.10,1976,77,0x0000000000000000,84.9
1790512672,2026/09/27 12:37:52.284,68.19,1976,78,0x0000000000000000,88.2
1790512682,2026/09/27 12:38:02.339,68.34,1976,78,0x0000000000000000,88.4
1790512692,2026/09/27 12:38:12.391,68.63,1976,76,0x0000000000000000,84.8
1790512702,2026/09/27 12:38:22.448,68.32,1976,78,0x0000000000000000,87.0
1790512712,2026/09/27 12:38:32.503,67.51,1976,78,0x0000000000000000,85.1
1790512722,2026/09/27 12:38:42.556,70.58,1976,78,0x0000000000000000,84.9
1790512732,2026/09/27 12:38:52.609,67.53,1976,78,0x0000000000000000,84.6
1790512742,2026/09/27 12:39:02.665,70.12,1976,78,0x0000000000000000,85.1
1790512752,2026/09/27 12:39:12.715,69.35,1976,77,0x0000000000000000,86.5
1790512762,2026/09/27 12:39:22.770,68.19,1976,78,0x0000000000000000,87.7
1790512772,2026/09/27 12:39:32.824,69.82,1976,79,0x0000000000000000,85.1
1790512782,2026/09/27 12:39:42.880,68.50,1976,78,0x0000000000000000,87.3
1790512792,2026/09/27 12:39:52.935,67.91,1976,78,0x0000000000000000,85.9
1790512803,2026/09/27 12:40:02.992,70.05,1976,79,0x0000000000000000,85.0
1790512813,2026/09/27 12:40:13.046,68.75,1976,78,0x0000000000000000,84.9
1790512823,2026/09/27 12:40:23.099,67.83,1976,78,0x0000000000000000,84.8
1790512833,2026/09/27 12:40:33.150,67.61,1976,76,0x0000000000000000,84.7
1790512843,2026/09/27 12:40:43.208,68.08,1976,78,0x0000000000000000,84.7
1790512853,2026/09/27 12:40:53.261,68.20,1976,78,0x0000000000000000,85.0
1790512863,2026/09/27 12:41:03.317,68.04,1976,77,0x0000000000000000,84.5
1790512873,2026/09/27 12:41:13.373,66.94,1976,77,0x0000000000000000,84.5
1790512883,2026/09/27 12:41:23.427,68.63,1976,78,0x0000000000000000,85.2
1790512893,2026/09/27 12:41:33.479,69.96,1976,78,0x0000000000000000,84.8
1790512903,2026/09/27 12:41:43.533,64.73,1976,78,0x0000000000000000,84.3
1790512913,2026/09/27 12:41:53.584,68.41,1976,78,0x0000000000000000,87.8
1790512923,2026/09/27 12:42:03.641,65.14,1976,78,0x0000000000000000,84.5
1790512933,2026/09/27 12:42:13.700,68.29,1976,78,0x0000000000000000,88.0
1790512943,2026/09/27 12:42:23.755,70.01,1976,78,0x0000000000000000,85.2
1790512953,2026/09/27 12:42:33.808,65.41,1976,78,0x0000000000000000,84.4
1790512963,2026/09/27 12:42:43.865,68.22,1976,78,0x0000000000000000,84.8
1790512973,2026/09/27 12:42:53.919,70.12,1976,79,0x0000000000000000,85.0
1790512983,2026/09/27 12:43:03.976,65.72,1976,78,0x0000000000000000,84.4
1790512994,2026/09/27 12:43:14.031,68.01,1976,77,0x0000000000000000,86.1
1790513004,2026/09/27 12:43:24.084,70.13,1976,78,0x0000000000000000,88.0
1790513014,2026/09/27 12:43:34.141,67.94,1976,78,0x0000000000000000,88.0
1790513024,2026/09/27 12:43:44.199,68.44,1976,78,0x0000000000000000,87.2
1790513034,2026/09/27 12:43:54.257,69.09,1976,77,0x0000000000000000,84.5
1790513044,2026/09/27 12:44:04.310,67.88,1976,78,0x0000000000000000,84.2
1790513054,2026/09/27 12:44:14.363,67.99,1976,78,0x0000000000000000,84.5
1790513064,2026/09/27 12:44:24.421,70.17,1976,78,0x0000000000000000,84.9
1790513074,2026/09/27 12:44:34.476,67.86,1976,78,0x0000000000000000,84.6
1790513084,2026/09/27 12:44:44.528,68.42,1976,78,0x0000000000000000,85.1
1790513094,2026/09/27 12:44:54.580,64.93,1976,77,0x0000000000000000,84.3
1790513104,2026/09/27 12:45:04.639,68.15,1976,77,0x0000000000000000,85.3
1790513114,2026/09/27 12:45:14.696,70.07,1976,78,0x0000000000000000,87.6
1790513124,2026/09/27 12:45:24.750,65.32,1976,77,0x0000000000000000,84.1
1790513134,2026/09/27 12:45:34.806,67.97,1976,78,0x0000000000000000,87.4
1790513144,2026/09/27 12:45:44.864,69.89,1976,78,0x0000000000000000,86.5
1790513154,2026/09/27 12:45:54.921,65.21,1976,78,0x0000000000000000,84.5
1790513164,2026/09/27 12:46:04.980,67.59,1976,77,0x0000000000000000,84.5
1790513175,2026/09/27 12:46:15.035,70.44,1976,79,0x0000000000000000,84.8
1790513185,2026/09/27 12:46:25.088,62.47,1976,77,0x0000000000000000,83.7
1790513195,2026/09/27 12:46:35.140,68.10,1976,78,0x0000000000000000,84.5
1790513205,2026/09/27 12:46:45.192,69.40,1976,78,0x0000000000000000,84.8
1790513215,2026/09/27 12:46:55.246,67.57,1976,78,0x0000000000000000,84.8
1790513225,2026/09/27 12:47:05.301,67.82,1976,78,0x0000000000000000,85.4
1790513235,2026/09/27 12:47:15.356,70.89,1976,78,0x0000000000000000,86.3
1790513245,2026/09/27 12:47:25.413,68.43,1976,78,0x0000000000000000,85.9
1790513255,2026/09/27 12:47:35.468,69.01,1976,78,0x0000000000000000,86.1
1790513265,2026/09/27 12:47:45.521,69.28,1976,78,0x0000000000000000,84.7
1790513275,2026/09/27 12:47:55.577,68.26,1976,78,0x0000000000000000,85.1
1790513285,2026/09/27 12:48:05.633,68.70,1976,78,0x0000000000000000,85.1
1790513295,2026/09/27 12:48:15.686,65.11,1976,78,0x0000000000000000,84.4
1790513305,2026/09/27 12:48:25.750,67.29,1976,78,0x0000000000000000,84.6
1790513315,2026/09/27 12:48:35.814,70.69,1976,79,0x0000000000000000,85.1
1790513325,2026/09/27 12:48:45.869,68.06,1976,78,0x0000000000000000,84.7
1790513335,2026/09/27 12:48:55.923,67.33,1976,78,0x0000000000000000,84.4
1790513345,2026/09/27 12:49:05.980,67.71,1976,78,0x0000000000000000,84.6
1790513356,2026/09/27 12:49:16.035,66.74,1976,78,0x0000000000000000,84.6
1790513366,2026/09/27 12:49:26.086,68.13,1976,78,0x0000000000000000,84.7
1790513376,2026/09/27 12:49:36.140,70.66,1976,78,0x0000000000000000,84.7
1790513386,2026/09/27 12:49:46.199,68.00,1976,78,0x0000000000000000,86.9
1790513396,2026/09/27 12:49:56.253,68.89,1976,78,0x0000000000000000,85.0
1790513406,2026/09/27 12:50:06.304,69.88,1976,78,0x0000000000000000,85.4
1790513416,2026/09/27 12:50:16.358,68.21,1976,78,0x0000000000000000,84.9
1790513426,2026/09/27 12:50:26.413,68.02,1976,78,0x0000000000000000,85.0
1790513436,2026/09/27 12:50:36.468,67.83,1976,78,0x0000000000000000,84.8
1790513446,2026/09/27 12:50:46.520,70.75,1976,79,0x0000000000000000,85.2
1790513456,2026/09/27 12:50:56.574,64.83,1976,78,0x0000000000000000,84.4
1790513466,2026/09/27 12:51:06.630,67.44,1976,78,0x0000000000000000,84.6
1790513476,2026/09/27 12:51:16.689,68.78,1976,78,0x0000000000000000,84.6
1790513486,2026/09/27 12:51:26.748,67.84,1976,78,0x0000000000000000,84.7
1790513496,2026/09/27 12:51:36.805,68.64,1976,79,0x0000000000000000,85.1
1790513506,2026/09/27 12:51:46.862,69.48,1976,78,0x0000000000000000,84.9
1790513516,2026/09/27 12:51:56.920,66.61,1976,78,0x0000000000000000,84.1
1790513526,2026/09/27 12:52:06.973,68.81,1976,78,0x0000000000000000,86.6
1790513537,2026/09/27 12:52:17.028,67.77,1976,77,0x0000000000000000,84.3
1790513547,2026/09/27 12:52:27.082,68.11,1976,78,0x0000000000000000,84.5
1790513557,2026/09/27 12:52:37.139,68.82,1976,78,0x0000000000000000,85.0
1790513567,2026/09/27 12:52:47.190,70.52,1976,78,0x0000000000000000,84.9
1790513577,2026/09/27 12:52:57.244,68.55,1976,78,0x0000000000000000,85.0
1790513587,2026/09/27 12:53:07.296,70.60,1976,78,0x0000000000000000,85.0
1790513597,2026/09/27 12:53:17.353,69.10,1976,78,0x0000000000000000,84.9
1790513607,2026/09/27 12:53:27.408,68.15,1976,78,0x0000000000000000,84.5
1790513617,2026/09/27 12:53:37.463,70.46,1976,78,0x0000000000000000,85.1
1790513627,2026/09/27 12:53:47.514,66.22,1976,78,0x0000000000000000,84.7
1790513637,2026/09/27 12:53:57.570,68.18,1976,78,0x0000000000000000,84.7
1790513647,2026/09/27 12:54:07.624,70.66,1976,78,0x0000000000000000,84.5
1790513657,2026/09/27 12:54:17.681,67.39,1976,78,0x0000000000000000,84.6
1790513667,2026/09/27 12:54:27.732,67.81,1976,78,0x0000000000000000,84.9
1790513677,2026/09/27 12:54:37.784,69.35,1976,78,0x0000000000000000,84.7
1790513687,2026/09/27 12:54:47.840,67.82,1976,78,0x0000000000000000,84.5
1790513697,2026/09/27 12:54:57.894,68.96,1976,78,0x0000000000000000,84.9
1790513707,2026/09/27 12:55:07.950,67.30,1976,78,0x0000000000000000,84.7
1790513718,2026/09/27 12:55:18.004,67.90,1976,78,0x0000000000000000,84.8
1790513728,2026/09/27 12:55:28.056,67.75,1976,78,0x0000000000000000,84.8
1790513738,2026/09/27 12:55:38.115,66.88,1976,76,0x0000000000000000,84.4
1790513748,2026/09/27 12:55:48.183,68.56,1976,78,0x0000000000000000,84.8
1790513758,2026/09/27 12:55:58.240,69.31,1976,78,0x0000000000000000,85.3
1790513768,2026/09/27 12:56:08.293,68.03,1976,78,0x0000000000000000,84.7
1790513778,2026/09/27 12:56:18.351,67.73,1976,78,0x0000000000000000,84.7
1790513788,2026/09/27 12:56:28.417,67.01,1976,77,0x0000000000000000,84.4
1790513798,2026/09/27 12:56:38.472,68.72,1976,78,0x0000000000000000,84.8
1790513808,2026/09/27 12:56:48.528,67.43,1976,78,0x0000000000000000,86.3
1790513818,2026/09/27 12:56:58.582,67.60,1976,77,0x0000000000000000,84.7
1790513828,2026/09/27 12:57:08.636,67.73,1976,77,0x0000000000000000,84.7
1790513838,2026/09/27 12:57:18.689,67.14,1976,77,0x0000000000000000,84.4
1790513848,2026/09/27 12:57:28.742,70.33,1976,78,0x0000000000000000,84.8
1790513858,2026/09/27 12:57:38.797,67.54,1976,78,0x0000000000000000,84.6
1790513868,2026/09/27 12:57:48.852,68.74,1976,78,0x0000000000000000,84.9
1790513878,2026/09/27 12:57:58.909,69.11,1976,78,0x0000000000000000,84.8
1790513888,2026/09/27 12:58:08.963,67.82,1976,78,0x0000000000000000,84.8
1790513899,2026/09/27 12:58:19.018,68.36,1976,78,0x0000000000000000,85.2
1790513909,2026/09/27 12:58:29.074,69.00,1976,77,0x0000000000000000,84.7
1790513919,2026/09/27 12:58:39.127,67.84,1976,78,0x0000000000000000,85.4
1790513929,2026/09/27 12:58:49.179,68.72,1976,78,0x0000000000000000,84.7
1790513939,2026/09/27 12:58:59.233,66.21,1976,78,0x0000000000000000,84.4
1790513949,2026/09/27 12:59:09.288,68.31,1976,78,0x0000000000000000,84.6
1790513959,2026/09/27 12:59:19.345,67.81,1976,77,0x0000000000000000,84.6
1790513969,2026/09/27 12:59:29.399,67.96,1976,78,0x0000000000000000,86.8
1790513979,2026/09/27 12:59:39.455,65.06,1976,77,0x0000000000000000,83.9
1790513989,2026/09/27 12:59:49.508,70.70,1976,78,0x0000000000000000,85.1
1790513999,2026/09/27 12:59:59.572,68.45,1976,78,0x0000000000000000,87.8
1790514009,2026/09/27 13:00:09.630,66.82,1976,78,0x0000000000000000,84.8
1790514019,2026/09/27 13:00:19.687,67.22,1976,77,0x0000000000000000,84.6
1790514029,2026/09/27 13:00:29.742,68.00,1976,78,0x0000000000000000,86.1
1790514039,2026/09/27 13:00:39.802,67.98,1976,78,0x0000000000000000,87.2
1790514049,2026/09/27 13:00:49.859,68.74,1976,78,0x0000000000000000,86.3
1790514059,2026/09/27 13:00:59.914,66.69,1976,77,0x0000000000000000,84.3
1790514069,2026/09/27 13:01:09.971,68.20,1976,78,0x0000000000000000,84.7
1790514080,2026/09/27 13:01:20.026,68.83,1976,77,0x0000000000000000,84.9
1790514090,2026/09/27 13:01:30.080,67.98,1976,78,0x0000000000000000,84.8
1790514100,2026/09/27 13:01:40.133,68.76,1976,78,0x0000000000000000,84.8
1790514110,2026/09/27 13:01:50.192,58.97,1976,78,0x0000000000000000,83.5
1790514120,2026/09/27 13:02:00.246,67.96,1976,78,0x0000000000000000,84.7
1790514130,2026/09/27 13:02:10.307,69.10,1976,78,0x0000000000000000,85.0
1790514140,2026/09/27 13:02:20.361,63.16,1976,78,0x0000000000000000,84.2
1790514150,2026/09/27 13:02:30.419,67.41,1976,78,0x0000000000000000,85.3
1790514160,2026/09/27 13:02:40.474,67.37,1976,77,0x0000000000000000,84.7
1790514170,2026/09/27 13:02:50.530,64.78,1976,78,0x0000000000000000,84.3
1790514180,2026/09/27 13:03:00.586,66.34,1976,77,0x0000000000000000,84.9
1790514190,2026/09/27 13:03:10.643,71.11,1976,78,0x0000000000000000,85.1
1790514200,2026/09/27 13:03:20.699,68.41,1976,78,0x0000000000000000,84.7
1790514210,2026/09/27 13:03:30.754,66.97,1976,78,0x0000000000000000,84.5
1790514220,2026/09/27 13:03:40.811,70.93,1976,78,0x0000000000000000,84.7
1790514230,2026/09/27 13:03:50.868,68.07,1976,78,0x0000000000000000,84.6
1790514240,2026/09/27 13:04:00.924,67.33,1976,78,0x0000000000000000,84.8
1790514250,2026/09/27 13:04:10.978,69.09,1976,78,0x0000000000000000,84.8
1790514261,2026/09/27 13:04:21.037,67.51,1976,78,0x0000000000000000,84.7
1790514271,2026/09/27 13:04:31.092,68.46,1976,78,0x0000000000000000,84.9
1790514281,2026/09/27 13:04:41.145,67.12,1976,77,0x0000000000000000,84.5
1790514291,2026/09/27 13:04:51.198,67.51,1976,78,0x0000000000000000,84.4
1790514301,2026/09/27 13:05:01.252,67.28,1976,78,0x0000000000000000,85.0
1790514311,2026/09/27 13:05:11.303,68.82,1976,78,0x0000000000000000,86.4
1790514321,2026/09/27 13:05:21.359,65.67,1976,77,0x0000000000000000,83.9
1790514331,2026/09/27 13:05:31.417,70.69,1976,78,0x0000000000000000,85.5
1790514341,2026/09/27 13:05:41.472,67.01,1976,78,0x0000000000000000,86.2
1790514351,2026/09/27 13:05:51.527,67.09,1976,78,0x0000000000000000,84.0
1790514361,2026/09/27 13:06:01.588,71.18,1976,78,0x0000000000000000,85.1
1790514371,2026/09/27 13:06:11.650,68.61,1976,78,0x0000000000000000,84.6
1790514381,2026/09/27 13:06:21.708,66.67,1976,78,0x0000000000000000,84.4
1790514391,2026/09/27 13:06:31.764,70.58,1976,78,0x0000000000000000,84.8
1790514401,2026/09/27 13:06:41.817,65.24,1976,78,0x0000000000000000,84.4
1790514411,2026/09/27 13:06:51.869,69.08,1976,78,0x0000000000000000,84.8
1790514421,2026/09/27 13:07:01.921,69.11,1976,78,0x0000000000000000,86.5
1790514431,2026/09/27 13:07:11.976,67.63,1976,78,0x0000000000000000,84.6
1790514442,2026/09/27 13:07:22.040,68.43,1976,78,0x0000000000000000,86.6
1790514452,2026/09/27 13:07:32.099,67.29,1976,77,0x0000000000000000,84.5
1790514462,2026/09/27 13:07:42.153,68.16,1976,78,0x0000000000000000,84.4
1790514472,2026/09/27 13:07:52.210,68.18,1976,78,0x0000000000000000,84.8
1790514482,2026/09/27 13:08:02.265,67.47,1976,77,0x0000000000000000,84.4
1790514492,2026/09/27 13:08:12.318,68.24,1976,78,0x0000000000000000,84.8
1790514502,2026/09/27 13:08:22.379,67.68,1976,77,0x0000000000000000,84.7
1790514512,2026/09/27 13:08:32.437,65.18,1976,77,0x0000000000000000,84.4
1790514522,2026/09/27 13:08:42.490,68.07,1976,78,0x0000000000000000,84.6
1790514532,2026/09/27 13:08:52.544,67.45,1976,77,0x0000000000000000,84.6
1790514542,2026/09/27 13:09:02.598,67.57,1976,78,0x0000000000000000,84.4
1790514552,2026/09/27 13:09:12.651,68.49,1976,77,0x0000000000000000,84.8
1790514562,2026/09/27 13:09:22.703,70.92,1976,78,0x0000000000000000,84.8
1790514572,2026/09/27 13:09:32.757,65.76,1976,77,0x0000000000000000,84.4
1790514582,2026/09/27 13:09:42.811,68.43,1976,78,0x0000000000000000,84.8
1790514592,2026/09/27 13:09:52.868,71.15,1976,78,0x0000000000000000,84.7
1790514602,2026/09/27 13:10:02.923,68.05,1976,78,0x0000000000000000,84.5
1790514612,2026/09/27 13:10:12.971,67.93,1976,78,0x0000000000000000,84.6
1790514623,2026/09/27 13:10:23.025,68.88,1976,78,0x0000000000000000,86.8
1790514633,2026/09/27 13:10:33.080,67.08,1976,78,0x0000000000000000,85.5
1790514643,2026/09/27 13:10:43.133,69.17,1976,78,0x0000000000000000,87.0
1790514653,2026/09/27 13:10:53.188,65.37,1976,78,0x0000000000000000,84.5
1790514663,2026/09/27 13:11:03.243,67.79,1976,78,0x0000000000000000,86.5
1790514673,2026/09/27 13:11:13.301,69.21,1976,79,0x0000000000000000,84.6
1790514683,2026/09/27 13:11:23.357,65.74,1976,78,0x0000000000000000,84.4
1790514693,2026/09/27 13:11:33.411,67.17,1976,77,0x0000000000000000,84.1
1790514703,2026/09/27 13:11:43.466,68.36,1976,77,0x0000000000000000,84.4
1790514713,2026/09/27 13:11:53.524,67.47,1976,78,0x0000000000000000,84.5
1790514723,2026/09/27 13:12:03.581,67.67,1976,78,0x0000000000000000,86.2
1790514733,2026/09/27 13:12:13.636,67.92,1976,77,0x0000000000000000,84.3
1790514743,2026/09/27 13:12:23.693,67.97,1976,78,0x0000000000000000,85.0
1790514753,2026/09/27 13:12:33.751,68.51,1976,78,0x0000000000000000,87.0
1790514763,2026/09/27 13:12:43.806,71.42,1976,78,0x0000000000000000,84.7
1790514773,2026/09/27 13:12:53.861,64.55,1976,78,0x0000000000000000,84.5
1790514783,2026/09/27 13:13:03.922,67.67,1976,78,0x0000000000000000,84.8
1790514793,2026/09/27 13:13:13.981,65.61,1976,78,0x0000000000000000,84.4
1790514804,2026/09/27 13:13:24.033,68.33,1976,77,0x0000000000000000,84.4
1790514814,2026/09/27 13:13:34.087,69.65,1976,78,0x0000000000000000,84.9
1790514824,2026/09/27 13:13:44.143,69.22,1976,77,0x0000000000000000,84.7
1790514834,2026/09/27 13:13:54.197,68.18,1976,78,0x0000000000000000,84.7
1790514844,2026/09/27 13:14:04.247,69.73,1976,78,0x0000000000000000,85.6
1790514854,2026/09/27 13:14:14.303,69.00,1976,78,0x0000000000000000,87.3
1790514864,2026/09/27 13:14:24.364,68.11,1976,78,0x0000000000000000,86.4
1790514874,2026/09/27 13:14:34.425,68.23,1976,78,0x0000000000000000,85.5
1790514884,2026/09/27 13:14:44.482,64.06,1976,77,0x0000000000000000,84.2
1790514894,2026/09/27 13:14:54.535,66.55,1976,77,0x0000000000000000,83.8
1790514904,2026/09/27 13:15:04.586,71.18,1976,78,0x0000000000000000,85.0
1790514914,2026/09/27 13:15:14.645,64.12,1976,78,0x0000000000000000,83.9
1790514924,2026/09/27 13:15:24.700,68.39,1976,77,0x0000000000000000,84.7
1790514934,2026/09/27 13:15:34.752,70.32,1976,78,0x0000000000000000,85.0
1790514944,2026/09/27 13:15:44.800,67.61,1976,77,0x0000000000000000,84.5
1790514954,2026/09/27 13:15:54.852,68.35,1976,78,0x0000000000000000,86.0
1790514964,2026/09/27 13:16:04.905,68.10,1976,77,0x0000000000000000,84.6
1790514974,2026/09/27 13:16:14.962,68.13,1976,78,0x0000000000000000,84.6
1790514985,2026/09/27 13:16:25.019,69.73,1976,79,0x0000000000000000,85.1
1790514995,2026/09/27 13:16:35.076,65.61,1976,78,0x0000000000000000,84.4
1790515005,2026/09/27 13:16:45.128,67.85,1976,78,0x0000000000000000,84.7
1790515015,2026/09/27 13:16:55.180,69.60,1976,79,0x0000000000000000,84.8
1790515025,2026/09/27 13:17:05.240,65.46,1976,78,0x0000000000000000,84.1
1790515035,2026/09/27 13:17:15.295,67.93,1976,78,0x0000000000000000,84.5
1790515045,2026/09/27 13:17:25.352,69.72,1976,79,0x0000000000000000,84.6
1790515055,2026/09/27 13:17:35.407,65.72,1976,78,0x0000000000000000,84.7
1790515065,2026/09/27 13:17:45.465,67.67,1976,78,0x0000000000000000,85.7
1790515075,2026/09/27 13:17:55.526,68.41,1976,77,0x0000000000000000,84.6
1790515085,2026/09/27 13:18:05.585,67.54,1976,78,0x0000000000000000,84.7
1790515095,2026/09/27 13:18:15.643,68.15,1976,77,0x0000000000000000,84.7
1790515105,2026/09/27 13:18:25.694,68.34,1976,77,0x0000000000000000,84.2
1790515115,2026/09/27 13:18:35.747,68.23,1976,77,0x0000000000000000,84.8
1790515125,2026/09/27 13:18:45.801,67.38,1976,78,0x0000000000000000,85.0
1790515135,2026/09/27 13:18:55.854,68.91,1976,77,0x0000000000000000,84.5
1790515145,2026/09/27 13:19:05.910,68.28,1976,78,0x0000000000000000,87.7
1790515155,2026/09/27 13:19:15.962,68.55,1976,78,0x0000000000000000,87.6
1790515166,2026/09/27 13:19:26.015,66.07,1976,78,0x0000000000000000,84.6
1790515176,2026/09/27 13:19:36.069,68.38,1976,78,0x0000000000000000,86.2
1790515186,2026/09/27 13:19:46.126,70.01,1976,79,0x0000000000000000,86.4
1790515196,2026/09/27 13:19:56.186,65.76,1976,78,0x0000000000000000,84.9
1790515206,2026/09/27 13:20:06.241,67.05,1976,78,0x0000000000000000,84.6
1790515216,2026/09/27 13:20:16.298,70.09,1976,79,0x0000000000000000,84.9
1790515226,2026/09/27 13:20:26.355,66.92,1976,78,0x0000000000000000,84.9
1790515236,2026/09/27 13:20:36.412,67.00,1976,78,0x0000000000000000,85.0
1790515246,2026/09/27 13:20:46.470,66.11,1976,78,0x0000000000000000,85.0
1790515256,2026/09/27 13:20:56.527,65.88,1976,77,0x0000000000000000,85.0
1790515266,2026/09/27 13:21:06.585,63.76,1976,77,0x0000000000000000,84.6
1790515276,2026/09/27 13:21:16.642,67.30,1976,77,0x0000000000000000,85.1
1790515286,2026/09/27 13:21:26.697,68.52,1976,78,0x0000000000000000,85.3
1790515296,2026/09/27 13:21:36.758,68.23,1976,78,0x0000000000000000,87.2
1790515306,2026/09/27 13:21:46.812,67.27,1976,76,0x0000000000000000,85.1
1790515316,2026/09/27 13:21:56.865,68.39,1976,78,0x0000000000000000,85.7
1790515326,2026/09/27 13:22:06.921,68.07,1976,78,0x0000000000000000,87.1
1790515336,2026/09/27 13:22:16.973,67.05,1976,77,0x0000000000000000,84.9
1790515347,2026/09/27 13:22:27.031,68.00,1976,78,0x0000000000000000,85.0
1790515357,2026/09/27 13:22:37.085,68.72,1976,79,0x0000000000000000,85.0
1790515367,2026/09/27 13:22:47.136,67.66,1976,78,0x0000000000000000,85.3
1790515377,2026/09/27 13:22:57.194,68.00,1976,78,0x0000000000000000,85.5
1790515387,2026/09/27 13:23:07.250,68.19,1976,79,0x0000000000000000,85.0
1790515397,2026/09/27 13:23:17.309,67.69,1976,78,0x0000000000000000,85.1
1790515407,2026/09/27 13:23:27.366,67.83,1976,78,0x0000000000000000,84.8
1790515417,2026/09/27 13:23:37.422,68.94,1976,79,0x0000000000000000,84.9
1790515427,2026/09/27 13:23:47.479,67.45,1976,78,0x0000000000000000,85.2
1790515437,2026/09/27 13:23:57.541,68.39,1976,78,0x0000000000000000,86.7
1790515447,2026/09/27 13:24:07.610,68.91,1976,77,0x0000000000000000,84.3
1790515457,2026/09/27 13:24:17.661,68.44,1976,78,0x0000000000000000,85.0
1790515467,2026/09/27 13:24:27.725,67.58,1976,78,0x0000000000000000,84.8
1790515477,2026/09/27 13:24:37.779,67.81,1976,78,0x0000000000000000,84.6
1790515487,2026/09/27 13:24:47.832,68.67,1976,78,0x0000000000000000,85.0
1790515497,2026/09/27 13:24:57.887,67.80,1976,78,0x0000000000000000,84.9
1790515507,2026/09/27 13:25:07.956,67.52,1976,77,0x0000000000000000,84.7
1790515518,2026/09/27 13:25:18.017,69.11,1976,78,0x0000000000000000,84.3
1790515528,2026/09/27 13:25:28.080,68.22,1976,79,0x0000000000000000,85.3
1790515538,2026/09/27 13:25:38.137,66.60,1976,78,0x0000000000000000,85.0
1790515548,2026/09/27 13:25:48.192,67.93,1976,78,0x0000000000000000,84.9
1790515558,2026/09/27 13:25:58.249,69.20,1976,79,0x0000000000000000,85.2
1790515568,2026/09/27 13:26:08.312,66.88,1976,78,0x0000000000000000,84.9
1790515578,2026/09/27 13:26:18.370,68.74,1976,78,0x0000000000000000,85.0
1790515588,2026/09/27 13:26:28.423,69.03,1976,79,0x0000000000000000,85.1
1790515598,2026/09/27 13:26:38.475,67.01,1976,78,0x0000000000000000,84.8
1790515608,2026/09/27 13:26:48.534,68.39,1976,78,0x0000000000000000,85.5
1790515618,2026/09/27 13:26:58.589,67.11,1976,77,0x0000000000000000,84.6
1790515628,2026/09/27 13:27:08.647,68.24,1976,78,0x0000000000000000,85.0
1790515638,2026/09/27 13:27:18.709,67.83,1976,78,0x0000000000000000,84.8
1790515648,2026/09/27 13:27:28.762,67.36,1976,78,0x0000000000000000,84.9
1790515658,2026/09/27 13:27:38.822,68.34,1976,78,0x0000000000000000,85.3
1790515668,2026/09/27 13:27:48.876,68.31,1976,78,0x0000000000000000,87.0
1790515678,2026/09/27 13:27:58.928,67.27,1976,77,0x0000000000000000,84.9
1790515689,2026/09/27 13:28:08.984,68.16,1976,78,0x0000000000000000,83.8
1790515699,2026/09/27 13:28:19.046,68.00,1976,78,0x0000000000000000,86.8
1790515709,2026/09/27 13:28:29.102,66.96,1976,78,0x0000000000000000,84.8
1790515719,2026/09/27 13:28:39.158,67.65,1976,78,0x0000000000000000,84.7
1790515729,2026/09/27 13:28:49.216,68.60,1976,79,0x0000000000000000,85.1
1790515739,2026/09/27 13:28:59.269,66.56,1976,78,0x0000000000000000,84.9
1790515749,2026/09/27 13:29:09.330,68.26,1976,78,0x0000000000000000,84.8
1790515759,2026/09/27 13:29:19.387,68.98,1976,79,0x0000000000000000,84.9
1790515769,2026/09/27 13:29:29.448,66.95,1976,78,0x0000000000000000,84.2
1790515779,2026/09/27 13:29:39.511,68.37,1976,77,0x0000000000000000,86.5
1790515789,2026/09/27 13:29:49.571,68.98,1976,79,0x0000000000000000,84.8
1790515799,2026/09/27 13:29:59.626,68.64,1976,78,0x0000000000000000,84.9
1790515809,2026/09/27 13:30:09.679,68.37,1976,78,0x0000000000000000,84.9
1790515819,2026/09/27 13:30:19.733,67.01,1976,77,0x0000000000000000,84.6
1790515829,2026/09/27 13:30:29.788,68.08,1976,78,0x0000000000000000,84.7
1790515839,2026/09/27 13:30:39.845,67.45,1976,78,0x0000000000000000,84.7
1790515849,2026/09/27 13:30:49.909,70.41,1976,79,0x0000000000000000,84.8
1790515859,2026/09/27 13:30:59.963,68.07,1976,78,0x0000000000000000,84.8
1790515870,2026/09/27 13:31:10.016,67.08,1976,78,0x0000000000000000,86.6
1790515880,2026/09/27 13:31:20.070,70.56,1976,79,0x0000000000000000,84.5
1790515890,2026/09/27 13:31:30.127,68.03,1976,78,0x0000000000000000,84.9
1790515900,2026/09/27 13:31:40.180,68.93,1976,79,0x0000000000000000,84.8
1790515910,2026/09/27 13:31:50.234,66.26,1976,78,0x0000000000000000,84.5
1790515920,2026/09/27 13:32:00.288,67.92,1976,78,0x0000000000000000,87.9
1790515930,2026/09/27 13:32:10.342,68.72,1976,79,0x0000000000000000,84.5
1790515940,2026/09/27 13:32:20.395,68.60,1976,77,0x0000000000000000,84.7
1790515950,2026/09/27 13:32:30.452,68.11,1976,78,0x0000000000000000,84.8
1790515960,2026/09/27 13:32:40.509,68.46,1976,79,0x0000000000000000,84.9
1790515970,2026/09/27 13:32:50.564,66.56,1976,77,0x0000000000000000,84.5
1790515980,2026/09/27 13:33:00.625,68.22,1976,77,0x0000000000000000,84.7
1790515990,2026/09/27 13:33:10.675,68.05,1976,77,0x0000000000000000,84.8
1790516000,2026/09/27 13:33:20.727,68.09,1976,77,0x0000000000000000,84.7
1790516010,2026/09/27 13:33:30.782,68.31,1976,77,0x0000000000000000,84.9
1790516020,2026/09/27 13:33:40.837,67.63,1976,78,0x0000000000000000,84.8
1790516030,2026/09/27 13:33:50.889,67.69,1976,77,0x0000000000000000,84.5
1790516040,2026/09/27 13:34:00.943,67.82,1976,78,0x0000000000000000,84.4
1790516051,2026/09/27 13:34:10.994,67.56,1976,77,0x0000000000000000,84.7
1790516061,2026/09/27 13:34:21.051,67.79,1976,78,0x0000000000000000,86.4
1790516071,2026/09/27 13:34:31.105,68.20,1976,78,0x0000000000000000,87.1
1790516081,2026/09/27 13:34:41.159,67.08,1976,78,0x0000000000000000,85.0
1790516091,2026/09/27 13:34:51.216,68.20,1976,78,0x0000000000000000,85.7
1790516101,2026/09/27 13:35:01.271,68.90,1976,79,0x0000000000000000,85.3
1790516111,2026/09/27 13:35:11.330,66.43,1976,78,0x0000000000000000,84.7
1790516121,2026/09/27 13:35:21.384,68.09,1976,78,0x0000000000000000,84.8
1790516131,2026/09/27 13:35:31.439,69.11,1976,79,0x0000000000000000,85.0
1790516141,2026/09/27 13:35:41.497,66.87,1976,77,0x0000000000000000,84.8
1790516151,2026/09/27 13:35:51.549,68.03,1976,78,0x0000000000000000,85.1
1790516161,2026/09/27 13:36:01.605,68.76,1976,79,0x0000000000000000,84.8
1790516171,2026/09/27 13:36:11.666,64.99,1976,78,0x0000000000000000,84.3
1790516181,2026/09/27 13:36:21.725,67.44,1976,78,0x0000000000000000,84.3
1790516191,2026/09/27 13:36:31.783,69.14,1976,78,0x0000000000000000,84.8
1790516201,2026/09/27 13:36:41.837,67.81,1976,78,0x0000000000000000,85.9
1790516211,2026/09/27 13:36:51.892,68.70,1976,78,0x0000000000000000,87.0
1790516221,2026/09/27 13:37:01.948,67.53,1976,77,0x0000000000000000,85.0
1790516232,2026/09/27 13:37:12.003,60.18,1976,74,0x0000000000000000,86.0
1790516242,2026/09/27 13:37:22.058,67.81,1976,78,0x0000000000000000,84.8
1790516252,2026/09/27 13:37:32.108,70.71,1976,79,0x0000000000000000,84.9
1790516262,2026/09/27 13:37:42.162,67.61,1976,78,0x0000000000000000,84.9
1790516272,2026/09/27 13:37:52.218,69.26,1976,79,0x0000000000000000,85.3
1790516282,2026/09/27 13:38:02.274,66.61,1976,78,0x0000000000000000,84.9
1790516292,2026/09/27 13:38:12.327,68.21,1976,78,0x0000000000000000,84.9
1790516302,2026/09/27 13:38:22.380,69.31,1976,79,0x0000000000000000,85.1
1790516312,2026/09/27 13:38:32.433,66.36,1976,78,0x0000000000000000,85.0
1790516322,2026/09/27 13:38:42.487,68.14,1976,78,0x0000000000000000,86.6
1790516332,2026/09/27 13:38:52.544,69.45,1976,79,0x0000000000000000,85.4
1790516342,2026/09/27 13:39:02.592,67.21,1976,78,0x0000000000000000,85.3
1790516352,2026/09/27 13:39:12.645,62.24,1976,78,0x0000000000000000,84.5
1790516362,2026/09/27 13:39:22.705,67.52,1976,78,0x0000000000000000,84.8
1790516372,2026/09/27 13:39:32.760,68.29,1976,78,0x0000000000000000,84.8
1790516382,2026/09/27 13:39:42.816,65.01,1976,78,0x0000000000000000,84.9
1790516392,2026/09/27 13:39:52.872,67.39,1976,77,0x0000000000000000,84.6
1790516402,2026/09/27 13:40:02.934,68.53,1976,78,0x0000000000000000,85.3
1790516413,2026/09/27 13:40:12.989,68.34,1976,78,0x0000000000000000,86.8
1790516423,2026/09/27 13:40:23.046,68.17,1976,78,0x0000000000000000,84.9
1790516433,2026/09/27 13:40:33.102,66.98,1976,78,0x0000000000000000,85.1
1790516443,2026/09/27 13:40:43.159,67.71,1976,78,0x0000000000000000,85.1
1790516453,2026/09/27 13:40:53.212,66.51,1976,78,0x0000000000000000,85.0
1790516463,2026/09/27 13:41:03.266,68.32,1976,78,0x0000000000000000,85.3
1790516473,2026/09/27 13:41:13.319,69.18,1976,79,0x0000000000000000,85.4
1790516483,2026/09/27 13:41:23.373,66.00,1976,78,0x0000000000000000,85.0
1790516493,2026/09/27 13:41:33.426,65.97,1976,78,0x0000000000000000,84.6
1790516503,2026/09/27 13:41:43.480,69.33,1976,79,0x0000000000000000,85.3
1790516513,2026/09/27 13:41:53.530,66.65,1976,78,0x0000000000000000,85.2
1790516523,2026/09/27 13:42:03.582,68.13,1976,79,0x0000000000000000,85.0
1790516533,2026/09/27 13:42:13.641,69.48,1976,79,0x0000000000000000,85.2
1790516543,2026/09/27 13:42:23.701,66.34,1976,78,0x0000000000000000,84.9
1790516553,2026/09/27 13:42:33.754,65.16,1976,77,0x0000000000000000,84.2
1790516563,2026/09/27 13:42:43.815,68.49,1976,78,0x0000000000000000,85.0
1790516573,2026/09/27 13:42:53.876,68.58,1976,78,0x0000000000000000,85.0
1790516583,2026/09/27 13:43:03.934,67.01,1976,78,0x0000000000000000,84.6
1790516594,2026/09/27 13:43:13.989,68.22,1976,78,0x0000000000000000,84.9
1790516604,2026/09/27 13:43:24.043,68.46,1976,78,0x0000000000000000,84.9
1790516614,2026/09/27 13:43:34.099,65.18,1976,78,0x0000000000000000,84.9
1790516624,2026/09/27 13:43:44.155,68.07,1976,77,0x0000000000000000,84.8
1790516634,2026/09/27 13:43:54.215,67.56,1976,78,0x0000000000000000,86.4
1790516644,2026/09/27 13:44:04.270,69.67,1976,79,0x0000000000000000,86.7
1790516654,2026/09/27 13:44:14.329,66.56,1976,78,0x0000000000000000,84.9
1790516664,2026/09/27 13:44:24.386,68.13,1976,78,0x0000000000000000,86.3
1790516674,2026/09/27 13:44:34.442,69.33,1976,79,0x0000000000000000,85.6
1790516684,2026/09/27 13:44:44.494,66.62,1976,78,0x0000000000000000,84.9
1790516694,2026/09/27 13:44:54.546,68.16,1976,78,0x0000000000000000,85.2
1790516704,2026/09/27 13:45:04.598,69.59,1976,79,0x0000000000000000,85.1
1790516714,2026/09/27 13:45:14.656,66.13,1976,78,0x0000000000000000,84.9
1790516724,2026/09/27 13:45:24.714,65.92,1976,78,0x0000000000000000,84.8
1790516734,2026/09/27 13:45:34.772,67.77,1976,77,0x0000000000000000,85.0
1790516744,2026/09/27 13:45:44.828,67.55,1976,78,0x0000000000000000,85.1
1790516754,2026/09/27 13:45:54.882,68.28,1976,78,0x0000000000000000,86.6
1790516764,2026/09/27 13:46:04.935,68.10,1976,78,0x0000000000000000,84.7
1790516775,2026/09/27 13:46:14.992,67.63,1976,78,0x0000000000000000,85.5
1790516785,2026/09/27 13:46:25.048,66.96,1976,78,0x0000000000000000,84.9
1790516795,2026/09/27 13:46:35.102,67.71,1976,78,0x0000000000000000,84.5
1790516805,2026/09/27 13:46:45.164,67.92,1976,78,0x0000000000000000,85.0
1790516815,2026/09/27 13:46:55.220,68.36,1976,78,0x0000000000000000,85.3
1790516825,2026/09/27 13:47:05.270,65.81,1976,78,0x0000000000000000,84.8
1790516835,2026/09/27 13:47:15.325,67.90,1976,78,0x0000000000000000,84.9
1790516845,2026/09/27 13:47:25.383,69.49,1976,79,0x0000000000000000,85.3
1790516855,2026/09/27 13:47:35.443,66.57,1976,76,0x0000000000000000,84.8
1790516865,2026/09/27 13:47:45.502,60.07,1976,78,0x0000000000000000,84.1
1790516875,2026/09/27 13:47:55.556,69.45,1976,79,0x0000000000000000,85.0
1790516885,2026/09/27 13:48:05.616,67.58,1976,78,0x0000000000000000,85.7
1790516895,2026/09/27 13:48:15.669,65.80,1976,78,0x0000000000000000,84.2
1790516905,2026/09/27 13:48:25.723,69.38,1976,79,0x0000000000000000,84.6
1790516915,2026/09/27 13:48:35.781,67.76,1976,78,0x0000000000000000,85.0
1790516925,2026/09/27 13:48:45.840,68.39,1976,78,0x0000000000000000,85.9
1790516935,2026/09/27 13:48:55.899,68.50,1976,78,0x0000000000000000,85.0
1790516945,2026/09/27 13:49:05.955,63.82,1976,78,0x0000000000000000,84.2
1790516956,2026/09/27 13:49:16.009,65.45,1976,77,0x0000000000000000,84.4
1790516966,2026/09/27 13:49:26.065,67.95,1976,78,0x0000000000000000,84.7
1790516976,2026/09/27 13:49:36.119,67.93,1976,78,0x0000000000000000,85.0
1790516986,2026/09/27 13:49:46.173,65.35,1976,78,0x0000000000000000,84.8
1790516996,2026/09/27 13:49:56.232,67.58,1976,77,0x0000000000000000,85.0
1790517006,2026/09/27 13:50:06.290,68.00,1976,78,0x0000000000000000,85.0
1790517016,2026/09/27 13:50:16.343,69.69,1976,79,0x0000000000000000,85.3
1790517026,2026/09/27 13:50:26.402,66.06,1976,78,0x0000000000000000,84.6
1790517036,2026/09/27 13:50:36.459,67.01,1976,78,0x0000000000000000,85.0
1790517046,2026/09/27 13:50:46.514,65.72,1976,78,0x0000000000000000,84.6
1790517056,2026/09/27 13:50:56.571,66.56,1976,78,0x0000000000000000,84.3
1790517066,2026/09/27 13:51:06.623,68.06,1976,77,0x0000000000000000,84.8
1790517076,2026/09/27 13:51:16.678,67.79,1976,78,0x0000000000000000,85.0
1790517086,2026/09/27 13:51:26.732,67.38,1976,78,0x0000000000000000,85.3
1790517096,2026/09/27 13:51:36.790,68.19,1976,79,0x0000000000000000,84.6
1790517106,2026/09/27 13:51:46.845,67.72,1976,78,0x0000000000000000,85.0
1790517116,2026/09/27 13:51:56.901,68.15,1976,78,0x0000000000000000,84.7
1790517126,2026/09/27 13:52:06.955,65.79,1976,77,0x0000000000000000,84.8
1790517137,2026/09/27 13:52:17.009,68.37,1976,78,0x0000000000000000,84.9
1790517147,2026/09/27 13:52:27.066,70.00,1976,79,0x0000000000000000,85.5
1790517157,2026/09/27 13:52:37.121,66.32,1976,78,0x0000000000000000,85.0
1790517167,2026/09/27 13:52:47.175,68.59,1976,78,0x0000000000000000,85.3
1790517177,2026/09/27 13:52:57.229,68.18,1976,78,0x0000000000000000,85.3
1790517187,2026/09/27 13:53:07.286,66.03,1976,78,0x0000000000000000,85.1
1790517197,2026/09/27 13:53:17.343,66.74,1976,78,0x0000000000000000,84.8
1790517207,2026/09/27 13:53:27.397,70.93,1976,78,0x0000000000000000,86.2
1790517217,2026/09/27 13:53:37.452,67.34,1976,79,0x0000000000000000,85.1
1790517227,2026/09/27 13:53:47.505,67.40,1976,78,0x0000000000000000,84.9
1790517237,2026/09/27 13:53:57.560,71.24,1976,79,0x0000000000000000,85.6
1790517247,2026/09/27 13:54:07.616,64.95,1976,78,0x0000000000000000,85.0
1790517257,2026/09/27 13:54:17.673,68.25,1976,78,0x0000000000000000,88.5
1790517267,2026/09/27 13:54:27.729,71.24,1976,79,0x0000000000000000,84.9
1790517277,2026/09/27 13:54:37.788,67.63,1976,78,0x0000000000000000,85.1
1790517287,2026/09/27 13:54:47.849,70.07,1976,79,0x0000000000000000,87.7
1790517297,2026/09/27 13:54:57.903,66.15,1976,77,0x0000000000000000,84.4
1790517307,2026/09/27 13:55:07.960,67.62,1976,78,0x0000000000000000,84.6
1790517318,2026/09/27 13:55:18.017,67.14,1976,78,0x0000000000000000,84.8
1790517328,2026/09/27 13:55:28.076,66.25,1976,78,0x0000000000000000,85.0
1790517338,2026/09/27 13:55:38.135,64.95,1976,76,0x0000000000000000,84.5
1790517348,2026/09/27 13:55:48.189,68.17,1976,79,0x0000000000000000,84.6
1790517358,2026/09/27 13:55:58.239,66.28,1976,76,0x0000000000000000,84.7
1790517368,2026/09/27 13:56:08.298,68.55,1976,78,0x0000000000000000,85.0
1790517378,2026/09/27 13:56:18.354,67.87,1976,77,0x0000000000000000,85.2
1790517388,2026/09/27 13:56:28.407,68.07,1976,78,0x0000000000000000,85.0
1790517398,2026/09/27 13:56:38.469,67.91,1976,78,0x0000000000000000,85.0
1790517408,2026/09/27 13:56:48.524,68.24,1976,77,0x0000000000000000,84.3
1790517418,2026/09/27 13:56:58.581,68.50,1976,78,0x0000000000000000,85.3
1790517428,2026/09/27 13:57:08.632,67.61,1976,78,0x0000000000000000,85.3
1790517438,2026/09/27 13:57:18.686,71.26,1976,79,0x0000000000000000,85.3
1790517448,2026/09/27 13:57:28.742,67.02,1976,78,0x0000000000000000,85.2
1790517458,2026/09/27 13:57:38.796,68.08,1976,78,0x0000000000000000,85.4
1790517468,2026/09/27 13:57:48.860,65.31,1976,78,0x0000000000000000,84.7
1790517478,2026/09/27 13:57:58.921,67.99,1976,78,0x0000000000000000,84.7
1790517488,2026/09/27 13:58:08.978,69.76,1976,79,0x0000000000000000,85.1
1790517499,2026/09/27 13:58:19.034,65.71,1976,78,0x0000000000000000,84.8
1790517509,2026/09/27 13:58:29.086,68.19,1976,78,0x0000000000000000,84.8
1790517519,2026/09/27 13:58:39.138,69.95,1976,79,0x0000000000000000,85.3
1790517529,2026/09/27 13:58:49.193,65.84,1976,78,0x0000000000000000,84.7
1790517539,2026/09/27 13:58:59.249,67.96,1976,78,0x0000000000000000,84.7
1790517549,2026/09/27 13:59:09.306,69.88,1976,79,0x0000000000000000,84.9
1790517559,2026/09/27 13:59:19.363,65.56,1976,78,0x0000000000000000,85.1
1790517569,2026/09/27 13:59:29.414,68.41,1976,78,0x0000000000000000,85.0
1790517579,2026/09/27 13:59:39.475,67.48,1976,77,0x0000000000000000,84.5
1790517589,2026/09/27 13:59:49.530,66.13,1976,78,0x0000000000000000,84.9
1790517599,2026/09/27 13:59:59.585,67.78,1976,78,0x0000000000000000,86.2
1790517609,2026/09/27 14:00:09.648,67.86,1976,77,0x0000000000000000,84.5
1790517619,2026/09/27 14:00:19.708,60.23,1976,78,0x0000000000000000,84.5
1790517629,2026/09/27 14:00:29.762,68.42,1976,78,0x0000000000000000,86.4
1790517639,2026/09/27 14:00:39.819,67.35,1976,77,0x0000000000000000,84.7
1790517649,2026/09/27 14:00:49.875,67.35,1976,78,0x0000000000000000,84.7
1790517659,2026/09/27 14:00:59.929,70.08,1976,78,0x0000000000000000,87.7
1790517670,2026/09/27 14:01:09.993,68.73,1976,78,0x0000000000000000,85.8
1790517680,2026/09/27 14:01:20.048,67.78,1976,78,0x0000000000000000,85.8
1790517690,2026/09/27 14:01:30.106,67.57,1976,79,0x0000000000000000,85.2
1790517700,2026/09/27 14:01:40.171,67.85,1976,78,0x0000000000000000,85.1
1790517710,2026/09/27 14:01:50.224,68.28,1976,78,0x0000000000000000,86.8
1790517720,2026/09/27 14:02:00.283,66.59,1976,77,0x0000000000000000,84.9
1790517730,2026/09/27 14:02:10.335,66.53,1976,78,0x0000000000000000,84.7
1790517740,2026/09/27 14:02:20.388,67.26,1976,78,0x0000000000000000,84.0
1790517750,2026/09/27 14:02:30.445,66.91,1976,79,0x0000000000000000,84.8
1790517760,2026/09/27 14:02:40.502,67.38,1976,78,0x0000000000000000,84.9
1790517770,2026/09/27 14:02:50.560,68.41,1976,79,0x0000000000000000,85.2
1790517780,2026/09/27 14:03:00.616,70.10,1976,78,0x0000000000000000,85.4
1790517790,2026/09/27 14:03:10.673,68.34,1976,78,0x0000000000000000,85.1
1790517800,2026/09/27 14:03:20.727,65.76,1976,79,0x0000000000000000,84.8
1790517810,2026/09/27 14:03:30.780,67.64,1976,78,0x0000000000000000,85.0
1790517820,2026/09/27 14:03:40.829,67.96,1976,78,0x0000000000000000,85.1
1790517830,2026/09/27 14:03:50.884,66.39,1976,78,0x0000000000000000,85.2
1790517840,2026/09/27 14:04:00.940,65.67,1976,77,0x0000000000000000,84.7
1790517851,2026/09/27 14:04:11.001,68.14,1976,78,0x0000000000000000,86.1
1790517861,2026/09/27 14:04:21.056,60.85,1976,70,0x0000000000000000,83.5
1790517871,2026/09/27 14:04:31.109,68.40,1976,78,0x0000000000000000,85.1
1790517881,2026/09/27 14:04:41.162,68.14,1976,78,0x0000000000000000,84.9
1790517891,2026/09/27 14:04:51.218,67.82,1976,79,0x0000000000000000,84.7
1790517901,2026/09/27 14:05:01.274,68.43,1976,78,0x0000000000000000,85.0
1790517911,2026/09/27 14:05:11.328,67.89,1976,77,0x0000000000000000,85.4
1790517921,2026/09/27 14:05:21.380,67.18,1976,78,0x0000000000000000,84.8
1790517931,2026/09/27 14:05:31.432,65.23,1976,77,0x0000000000000000,85.1
1790517941,2026/09/27 14:05:41.487,67.57,1976,79,0x0000000000000000,85.0
1790517951,2026/09/27 14:05:51.541,67.66,1976,76,0x0000000000000000,84.5
1790517961,2026/09/27 14:06:01.599,68.08,1976,79,0x0000000000000000,85.2
1790517971,2026/09/27 14:06:11.651,68.03,1976,79,0x0000000000000000,85.3
1790517981,2026/09/27 14:06:21.708,67.39,1976,79,0x0000000000000000,84.9
1790517991,2026/09/27 14:06:31.769,67.89,1976,78,0x0000000000000000,84.8
1790518001,2026/09/27 14:06:41.824,67.84,1976,79,0x0000000000000000,84.9
1790518011,2026/09/27 14:06:51.879,70.59,1976,78,0x0000000000000000,84.9
1790518021,2026/09/27 14:07:01.935,68.21,1976,79,0x0000000000000000,84.7
1790518032,2026/09/27 14:07:11.989,68.09,1976,78,0x0000000000000000,84.9
1790518042,2026/09/27 14:07:22.046,65.35,1976,78,0x0000000000000000,84.5
1790518052,2026/09/27 14:07:32.099,67.23,1976,78,0x0000000000000000,84.8
1790518062,2026/09/27 14:07:42.156,70.42,1976,79,0x0000000000000000,85.6
1790518072,2026/09/27 14:07:52.212,67.99,1976,78,0x0000000000000000,84.9
1790518082,2026/09/27 14:08:02.268,67.91,1976,78,0x0000000000000000,85.0
1790518092,2026/09/27 14:08:12.323,68.47,1976,78,0x0000000000000000,85.2
1790518102,2026/09/27 14:08:22.380,67.22,1976,78,0x0000000000000000,85.0
1790518112,2026/09/27 14:08:32.431,65.30,1976,77,0x0000000000000000,84.4
1790518122,2026/09/27 14:08:42.485,69.79,1976,79,0x0000000000000000,85.3
1790518132,2026/09/27 14:08:52.538,66.60,1976,78,0x0000000000000000,85.3
1790518142,2026/09/27 14:09:02.597,67.41,1976,79,0x0000000000000000,85.1
1790518152,2026/09/27 14:09:12.652,62.87,1976,78,0x0000000000000000,84.8
1790518162,2026/09/27 14:09:22.704,68.57,1976,79,0x0000000000000000,85.0
1790518172,2026/09/27 14:09:32.763,67.49,1976,79,0x0000000000000000,84.9
1790518182,2026/09/27 14:09:42.818,66.28,1976,77,0x0000000000000000,83.6
1790518192,2026/09/27 14:09:52.871,65.18,1976,78,0x0000000000000000,84.3
1790518202,2026/09/27 14:10:02.924,68.58,1976,78,0x0000000000000000,85.3
1790518212,2026/09/27 14:10:12.982,65.66,1976,78,0x0000000000000000,84.6
1790518223,2026/09/27 14:10:23.038,64.23,1976,78,0x0000000000000000,84.4
1790518233,2026/09/27 14:10:33.093,67.12,1976,76,0x0000000000000000,84.9
1790518243,2026/09/27 14:10:43.151,68.73,1976,77,0x0000000000000000,84.7
1790518253,2026/09/27 14:10:53.204,67.25,1976,78,0x0000000000000000,84.9
1790518263,2026/09/27 14:11:03.257,67.56,1976,77,0x0000000000000000,85.1
1790518273,2026/09/27 14:11:13.310,68.30,1976,79,0x0000000000000000,84.8
1790518283,2026/09/27 14:11:23.363,67.86,1976,78,0x0000000000000000,84.8
1790518293,2026/09/27 14:11:33.418,67.87,1976,79,0x0000000000000000,85.0
1790518303,2026/09/27 14:11:43.472,68.26,1976,78,0x0000000000000000,85.2
1790518313,2026/09/27 14:11:53.524,63.23,1976,79,0x0000000000000000,83.7
1790518323,2026/09/27 14:12:03.576,67.69,1976,77,0x0000000000000000,84.6
1790518333,2026/09/27 14:12:13.630,68.35,1976,78,0x0000000000000000,85.1
1790518343,2026/09/27 14:12:23.685,68.71,1976,79,0x0000000000000000,85.1
1790518353,2026/09/27 14:12:33.734,66.86,1976,79,0x0000000000000000,84.7
1790518363,2026/09/27 14:12:43.789,68.46,1976,78,0x0000000000000000,85.1
1790518373,2026/09/27 14:12:53.842,69.09,1976,79,0x0000000000000000,85.4
1790518383,2026/09/27 14:13:03.904,66.89,1976,78,0x0000000000000000,85.1
1790518393,2026/09/27 14:13:13.973,68.46,1976,79,0x0000000000000000,85.1
1790518404,2026/09/27 14:13:24.030,66.98,1976,77,0x0000000000000000,85.0
1790518414,2026/09/27 14:13:34.085,68.77,1976,78,0x0000000000000000,85.3
1790518424,2026/09/27 14:13:44.142,68.00,1976,78,0x0000000000000000,85.1
1790518434,2026/09/27 14:13:54.196,67.47,1976,77,0x0000000000000000,84.8
1790518444,2026/09/27 14:14:04.250,68.22,1976,78,0x0000000000000000,83.5
1790518454,2026/09/27 14:14:14.311,65.61,1976,78,0x0000000000000000,84.9
1790518464,2026/09/27 14:14:24.365,67.11,1976,77,0x0000000000000000,84.9
1790518474,2026/09/27 14:14:34.418,68.10,1976,78,0x0000000000000000,84.9
1790518484,2026/09/27 14:14:44.474,68.45,1976,78,0x0000000000000000,85.5
1790518494,2026/09/27 14:14:54.530,66.87,1976,78,0x0000000000000000,85.1
1790518504,2026/09/27 14:15:04.586,68.06,1976,78,0x0000000000000000,85.0
1790518514,2026/09/27 14:15:14.641,69.01,1976,79,0x0000000000000000,86.5
1790518524,2026/09/27 14:15:24.706,66.97,1976,78,0x0000000000000000,85.2
1790518534,2026/09/27 14:15:34.759,68.03,1976,77,0x0000000000000000,84.9
1790518544,2026/09/27 14:15:44.818,65.12,1976,79,0x0000000000000000,84.9
1790518554,2026/09/27 14:15:54.876,67.41,1976,78,0x0000000000000000,85.0
1790518564,2026/09/27 14:16:04.929,59.05,1976,76,0x0000000000000000,83.3
1790518575,2026/09/27 14:16:14.987,69.46,1976,79,0x0000000000000000,85.0
1790518585,2026/09/27 14:16:25.044,68.60,1976,78,0x0000000000000000,84.9
1790518595,2026/09/27 14:16:35.110,67.67,1976,78,0x0000000000000000,85.0
1790518605,2026/09/27 14:16:45.166,67.17,1976,79,0x0000000000000000,85.1
1790518615,2026/09/27 14:16:55.221,67.89,1976,78,0x0000000000000000,85.1
1790518625,2026/09/27 14:17:05.275,64.60,1976,78,0x0000000000000000,84.9
1790518635,2026/09/27 14:17:15.327,66.67,1976,78,0x0000000000000000,85.0
1790518645,2026/09/27 14:17:25.384,68.08,1976,78,0x0000000000000000,85.3
1790518655,2026/09/27 14:17:35.438,67.93,1976,78,0x0000000000000000,86.9
1790518665,2026/09/27 14:17:45.493,67.36,1976,78,0x0000000000000000,85.3
1790518675,2026/09/27 14:17:55.548,68.14,1976,78,0x0000000000000000,85.2
1790518685,2026/09/27 14:18:05.601,68.85,1976,79,0x0000000000000000,85.1
1790518695,2026/09/27 14:18:15.655,66.72,1976,78,0x0000000000000000,84.9
1790518705,2026/09/27 14:18:25.706,67.29,1976,78,0x0000000000000000,84.9
1790518715,2026/09/27 14:18:35.758,68.75,1976,79,0x0000000000000000,85.3
1790518725,2026/09/27 14:18:45.812,67.16,1976,79,0x0000000000000000,85.2
1790518735,2026/09/27 14:18:55.866,68.06,1976,78,0x0000000000000000,85.2
1790518745,2026/09/27 14:19:05.919,66.31,1976,78,0x0000000000000000,84.9
1790518755,2026/09/27 14:19:15.970,66.95,1976,78,0x0000000000000000,85.1
1790518766,2026/09/27 14:19:26.024,68.04,1976,78,0x0000000000000000,86.6
1790518776,2026/09/27 14:19:36.080,66.49,1976,78,0x0000000000000000,84.7
1790518786,2026/09/27 14:19:46.132,68.80,1976,79,0x0000000000000000,85.2
1790518796,2026/09/27 14:19:56.193,68.55,1976,78,0x0000000000000000,86.7
1790518806,2026/09/27 14:20:06.248,59.77,1976,77,0x0000000000000000,83.9
1790518816,2026/09/27 14:20:16.303,68.85,1976,78,0x0000000000000000,85.0
1790518826,2026/09/27 14:20:26.357,68.42,1976,79,0x0000000000000000,85.1
1790518836,2026/09/27 14:20:36.404,68.61,1976,79,0x0000000000000000,85.4
1790518846,2026/09/27 14:20:46.460,68.95,1976,80,0x0000000000000000,85.9
1790518856,2026/09/27 14:20:56.515,68.85,1976,79,0x0000000000000000,85.6
1790518866,2026/09/27 14:21:06.568,58.84,1976,75,0x0000000000000000,84.4
1790518876,2026/09/27 14:21:16.623,65.20,1976,78,0x0000000000000000,85.0
1790518886,2026/09/27 14:21:26.682,70.53,1976,79,0x0000000000000000,86.4
1790518896,2026/09/27 14:21:36.736,68.32,1976,78,0x0000000000000000,85.3
1790518906,2026/09/27 14:21:46.796,65.63,1976,77,0x0000000000000000,84.8
1790518916,2026/09/27 14:21:56.850,67.99,1976,79,0x0000000000000000,85.1
1790518926,2026/09/27 14:22:06.908,67.48,1976,78,0x0000000000000000,85.8
1790518936,2026/09/27 14:22:16.961,64.33,1976,78,0x0000000000000000,84.8
1790518947,2026/09/27 14:22:27.014,68.67,1976,78,0x0000000000000000,85.1
1790518957,2026/09/27 14:22:37.069,67.69,1976,79,0x0000000000000000,84.8
1790518967,2026/09/27 14:22:47.123,68.02,1976,79,0x0000000000000000,85.1
1790518977,2026/09/27 14:22:57.180,67.55,1976,78,0x0000000000000000,84.9
1790518987,2026/09/27 14:23:07.236,68.40,1976,78,0x0000000000000000,85.9
1790518997,2026/09/27 14:23:17.293,68.56,1976,79,0x0000000000000000,85.1
1790519007,2026/09/27 14:23:27.347,65.53,1976,78,0x0000000000000000,84.9
1790519017,2026/09/27 14:23:37.401,65.65,1976,78,0x0000000000000000,84.6
1790519027,2026/09/27 14:23:47.454,65.82,1976,79,0x0000000000000000,84.8
1790519037,2026/09/27 14:23:57.517,67.30,1976,78,0x0000000000000000,84.7
1790519047,2026/09/27 14:24:07.573,67.67,1976,78,0x0000000000000000,85.0
1790519057,2026/09/27 14:24:17.628,69.03,1976,78,0x0000000000000000,85.2
1790519067,2026/09/27 14:24:27.686,66.94,1976,79,0x0000000000000000,85.4
1790519077,2026/09/27 14:24:37.741,65.11,1976,78,0x0000000000000000,84.6
1790519087,2026/09/27 14:24:47.795,69.62,1976,79,0x0000000000000000,85.4
1790519097,2026/09/27 14:24:57.853,65.43,1976,77,0x0000000000000000,84.3
1790519107,2026/09/27 14:25:07.913,68.46,1976,79,0x0000000000000000,85.1
1790519117,2026/09/27 14:25:17.970,68.30,1976,78,0x0000000000000000,85.2
1790519128,2026/09/27 14:25:28.022,67.91,1976,79,0x0000000000000000,84.8
1790519138,2026/09/27 14:25:38.083,68.33,1976,79,0x0000000000000000,85.0
1790519148,2026/09/27 14:25:48.137,66.01,1976,78,0x0000000000000000,84.9
1790519158,2026/09/27 14:25:58.194,64.77,1976,76,0x0000000000000000,84.4
1790519168,2026/09/27 14:26:08.254,69.21,1976,79,0x0000000000000000,85.4
1790519178,2026/09/27 14:26:18.315,66.57,1976,79,0x0000000000000000,85.1
1790519188,2026/09/27 14:26:28.370,68.51,1976,79,0x0000000000000000,85.5
1790519198,2026/09/27 14:26:38.426,69.94,1976,79,0x0000000000000000,85.4
1790519208,2026/09/27 14:26:48.475,66.52,1976,78,0x0000000000000000,85.0
1790519218,2026/09/27 14:26:58.529,68.79,1976,78,0x0000000000000000,87.3
1790519228,2026/09/27 14:27:08.584,70.28,1976,79,0x0000000000000000,85.3
1790519238,2026/09/27 14:27:18.639,66.54,1976,78,0x0000000000000000,85.1
1790519248,2026/09/27 14:27:28.695,66.69,1976,78,0x0000000000000000,84.3
1790519258,2026/09/27 14:27:38.748,69.12,1976,77,0x0000000000000000,85.0
1790519268,2026/09/27 14:27:48.800,68.79,1976,78,0x0000000000000000,84.9
1790519278,2026/09/27 14:27:58.857,68.02,1976,78,0x0000000000000000,86.2
1790519288,2026/09/27 14:28:08.913,68.10,1976,77,0x0000000000000000,84.4
1790519298,2026/09/27 14:28:18.970,62.59,1976,77,0x0000000000000000,88.8
1790519309,2026/09/27 14:28:29.029,68.09,1976,79,0x0000000000000000,85.0
1790519319,2026/09/27 14:28:39.086,68.33,1976,78,0x0000000000000000,84.1
1790519329,2026/09/27 14:28:49.142,67.50,1976,78,0x0000000000000000,85.2
1790519339,2026/09/27 14:28:59.198,69.74,1976,79,0x0000000000000000,86.2
1790519349,2026/09/27 14:29:09.253,66.81,1976,77,0x0000000000000000,84.8
1790519359,2026/09/27 14:29:19.316,67.79,1976,78,0x0000000000000000,85.3
1790519369,2026/09/27 14:29:29.371,69.42,1976,78,0x0000000000000000,85.1
1790519379,2026/09/27 14:29:39.427,65.77,1976,77,0x0000000000000000,84.6
1790519389,2026/09/27 14:29:49.489,64.52,1976,77,0x0000000000000000,84.7
1790519399,2026/09/27 14:29:59.542,69.87,1976,78,0x0000000000000000,85.4
1790519409,2026/09/27 14:30:09.593,65.91,1976,78,0x0000000000000000,84.9
1790519419,2026/09/27 14:30:19.649,70.12,1976,78,0x0000000000000000,85.0
1790519429,2026/09/27 14:30:29.710,68.05,1976,78,0x0000000000000000,84.8
1790519439,2026/09/27 14:30:39.767,67.57,1976,78,0x0000000000000000,84.9
1790519449,2026/09/27 14:30:49.822,66.95,1976,78,0x0000000000000000,84.5
1790519459,2026/09/27 14:30:59.877,71.46,1976,79,0x0000000000000000,85.2
1790519469,2026/09/27 14:31:09.936,68.00,1976,79,0x0000000000000000,84.8
1790519480,2026/09/27 14:31:19.991,68.39,1976,78,0x0000000000000000,86.9
1790519490,2026/09/27 14:31:30.050,67.91,1976,78,0x0000000000000000,84.7
1790519500,2026/09/27 14:31:40.106,64.43,1976,78,0x0000000000000000,84.9
1790519510,2026/09/27 14:31:50.161,66.53,1976,78,0x0000000000000000,84.9
1790519520,2026/09/27 14:32:00.218,66.20,1976,77,0x0000000000000000,84.6
1790519530,2026/09/27 14:32:10.270,68.03,1976,78,0x0000000000000000,84.7
1790519540,2026/09/27 14:32:20.330,66.50,1976,77,0x0000000000000000,84.9
1790519550,2026/09/27 14:32:30.383,66.14,1976,78,0x0000000000000000,85.1
1790519560,2026/09/27 14:32:40.439,68.33,1976,78,0x0000000000000000,85.0
1790519570,2026/09/27 14:32:50.493,69.84,1976,79,0x0000000000000000,84.9
1790519580,2026/09/27 14:33:00.549,65.99,1976,78,0x0000000000000000,84.8
1790519590,2026/09/27 14:33:10.605,67.55,1976,78,0x0000000000000000,84.9
1790519600,2026/09/27 14:33:20.658,69.73,1976,79,0x0000000000000000,85.0
1790519610,2026/09/27 14:33:30.712,67.82,1976,78,0x0000000000000000,84.9
1790519620,2026/09/27 14:33:40.765,65.45,1976,78,0x0000000000000000,83.9
1790519630,2026/09/27 14:33:50.817,68.29,1976,77,0x0000000000000000,85.0
1790519640,2026/09/27 14:34:00.874,63.98,1976,78,0x0000000000000000,84.8
1790519650,2026/09/27 14:34:10.930,67.56,1976,78,0x0000000000000000,85.3
1790519660,2026/09/27 14:34:20.984,68.02,1976,79,0x0000000000000000,85.0
1790519671,2026/09/27 14:34:31.044,59.95,1976,78,0x0000000000000000,84.2
1790519681,2026/09/27 14:34:41.103,64.57,1976,78,0x0000000000000000,85.1
1790519691,2026/09/27 14:34:51.165,68.14,1976,77,0x0000000000000000,84.9
1790519701,2026/09/27 14:35:01.220,68.14,1976,78,0x0000000000000000,84.8
1790519711,2026/09/27 14:35:11.277,67.39,1976,78,0x0000000000000000,85.2
1790519721,2026/09/27 14:35:21.336,69.46,1976,77,0x0000000000000000,85.3
1790519731,2026/09/27 14:35:31.390,60.95,1976,78,0x0000000000000000,85.8
1790519741,2026/09/27 14:35:41.447,69.82,1976,79,0x0000000000000000,85.3
1790519751,2026/09/27 14:35:51.507,65.84,1976,78,0x0000000000000000,85.1
1790519761,2026/09/27 14:36:01.560,67.31,1976,78,0x0000000000000000,85.7
1790519771,2026/09/27 14:36:11.618,66.30,1976,78,0x0000000000000000,85.2
1790519781,2026/09/27 14:36:21.674,65.05,1976,78,0x0000000000000000,85.0
1790519791,2026/09/27 14:36:31.732,67.40,1976,78,0x0000000000000000,85.1
1790519801,2026/09/27 14:36:41.788,69.80,1976,78,0x0000000000000000,84.8
1790519811,2026/09/27 14:36:51.845,65.03,1976,78,0x0000000000000000,84.8
1790519821,2026/09/27 14:37:01.898,68.34,1976,78,0x0000000000000000,87.0
1790519831,2026/09/27 14:37:11.951,70.39,1976,78,0x0000000000000000,85.3
1790519842,2026/09/27 14:37:22.010,67.73,1976,78,0x0000000000000000,85.0
1790519852,2026/09/27 14:37:32.067,67.64,1976,78,0x0000000000000000,84.1
1790519862,2026/09/27 14:37:42.122,62.56,1976,78,0x0000000000000000,84.5
1790519872,2026/09/27 14:37:52.177,67.84,1976,78,0x0000000000000000,84.9
1790519882,2026/09/27 14:38:02.231,68.46,1976,78,0x0000000000000000,85.6
1790519892,2026/09/27 14:38:12.282,66.58,1976,77,0x0000000000000000,84.7
1790519902,2026/09/27 14:38:22.335,68.30,1976,78,0x0000000000000000,85.2
1790519912,2026/09/27 14:38:32.387,68.36,1976,79,0x0000000000000000,85.3
1790519922,2026/09/27 14:38:42.441,68.82,1976,77,0x0000000000000000,85.4
1790519932,2026/09/27 14:38:52.494,68.64,1976,78,0x0000000000000000,85.2
1790519942,2026/09/27 14:39:02.548,68.05,1976,79,0x0000000000000000,85.1
1790519952,2026/09/27 14:39:12.605,69.30,1976,79,0x0000000000000000,85.2
1790519962,2026/09/27 14:39:22.658,67.65,1976,78,0x0000000000000000,84.1
1790519972,2026/09/27 14:39:32.715,68.14,1976,79,0x0000000000000000,84.8
1790519982,2026/09/27 14:39:42.771,60.61,1976,78,0x0000000000000000,84.2
1790519992,2026/09/27 14:39:52.826,68.25,1976,78,0x0000000000000000,84.5
1790520002,2026/09/27 14:40:02.880,67.69,1976,77,0x0000000000000000,84.6
1790520012,2026/09/27 14:40:12.932,67.99,1976,78,0x0000000000000000,85.3
1790520023,2026/09/27 14:40:22.988,68.38,1976,78,0x0000000000000000,85.2
1790520033,2026/09/27 14:40:33.039,67.17,1976,79,0x0000000000000000,85.0
1790520043,2026/09/27 14:40:43.100,57.23,1976,77,0x0000000000000000,83.8
1790520053,2026/09/27 14:40:53.157,65.03,1976,78,0x0000000000000000,85.0
1790520063,2026/09/27 14:41:03.219,67.16,1976,77,0x0000000000000000,85.0
1790520073,2026/09/27 14:41:13.274,64.84,1976,78,0x0000000000000000,84.7
1790520083,2026/09/27 14:41:23.327,69.97,1976,78,0x0000000000000000,85.5
1790520093,2026/09/27 14:41:33.378,66.13,1976,77,0x0000000000000000,84.7
1790520103,2026/09/27 14:41:43.436,68.28,1976,78,0x0000000000000000,85.0
1790520113,2026/09/27 14:41:53.490,66.21,1976,79,0x0000000000000000,85.0
1790520123,2026/09/27 14:42:03.548,66.91,1976,77,0x0000000000000000,84.7
1790520133,2026/09/27 14:42:13.605,67.38,1976,78,0x0000000000000000,85.0
1790520143,2026/09/27 14:42:23.665,67.67,1976,77,0x0000000000000000,85.3
1790520153,2026/09/27 14:42:33.718,66.12,1976,79,0x0000000000000000,85.1
1790520163,2026/09/27 14:42:43.774,68.24,1976,78,0x0000000000000000,85.2
1790520173,2026/09/27 14:42:53.830,68.01,1976,77,0x0000000000000000,85.2
1790520183,2026/09/27 14:43:03.885,66.92,1976,78,0x0000000000000000,85.0
1790520193,2026/09/27 14:43:13.946,65.92,1976,77,0x0000000000000000,84.7
1790520204,2026/09/27 14:43:24.001,67.51,1976,77,0x0000000000000000,84.8
1790520214,2026/09/27 14:43:34.056,68.01,1976,79,0x0000000000000000,85.5
1790520224,2026/09/27 14:43:44.109,68.46,1976,78,0x0000000000000000,85.6
1790520234,2026/09/27 14:43:54.159,67.81,1976,78,0x0000000000000000,85.0
1790520244,2026/09/27 14:44:04.216,67.18,1976,78,0x0000000000000000,84.8
1790520254,2026/09/27 14:44:14.270,68.40,1976,79,0x0000000000000000,85.3
1790520264,2026/09/27 14:44:24.325,65.81,1976,78,0x0000000000000000,84.8
1790520274,2026/09/27 14:44:34.382,68.15,1976,78,0x0000000000000000,85.9
1790520284,2026/09/27 14:44:44.438,67.00,1976,78,0x0000000000000000,84.6
1790520294,2026/09/27 14:44:54.494,69.21,1976,78,0x0000000000000000,85.1
1790520304,2026/09/27 14:45:04.551,67.43,1976,78,0x0000000000000000,84.8
1790520314,2026/09/27 14:45:14.615,66.78,1976,77,0x0000000000000000,84.7
1790520324,2026/09/27 14:45:24.671,66.69,1976,78,0x0000000000000000,85.0
1790520334,2026/09/27 14:45:34.736,67.30,1976,78,0x0000000000000000,85.2
1790520344,2026/09/27 14:45:44.789,67.13,1976,78,0x0000000000000000,84.9
1790520354,2026/09/27 14:45:54.842,68.88,1976,78,0x0000000000000000,86.7
1790520364,2026/09/27 14:46:04.897,66.96,1976,79,0x0000000000000000,85.1
1790520374,2026/09/27 14:46:14.961,66.92,1976,78,0x0000000000000000,85.0
1790520385,2026/09/27 14:46:25.016,68.57,1976,78,0x0000000000000000,86.1
1790520395,2026/09/27 14:46:35.086,65.91,1976,78,0x0000000000000000,84.8
1790520405,2026/09/27 14:46:45.142,68.03,1976,77,0x0000000000000000,84.2
1790520415,2026/09/27 14:46:55.198,68.54,1976,78,0x0000000000000000,86.8
1790520425,2026/09/27 14:47:05.263,67.21,1976,79,0x0000000000000000,84.9
1790520435,2026/09/27 14:47:15.331,67.72,1976,78,0x0000000000000000,85.0
1790520445,2026/09/27 14:47:25.384,66.49,1976,78,0x0000000000000000,84.8
1790520455,2026/09/27 14:47:35.436,66.94,1976,78,0x0000000000000000,85.0
1790520465,2026/09/27 14:47:45.491,68.17,1976,78,0x0000000000000000,85.0
1790520475,2026/09/27 14:47:55.550,60.00,1976,77,0x0000000000000000,84.1
1790520485,2026/09/27 14:48:05.608,66.52,1976,79,0x0000000000000000,85.1
1790520495,2026/09/27 14:48:15.665,68.11,1976,78,0x0000000000000000,84.7
1790520505,2026/09/27 14:48:25.718,64.96,1976,77,0x0000000000000000,84.5
1790520515,2026/09/27 14:48:35.772,66.88,1976,78,0x0000000000000000,85.3
1790520525,2026/09/27 14:48:45.829,68.71,1976,78,0x0000000000000000,85.8
1790520535,2026/09/27 14:48:55.885,68.69,1976,79,0x0000000000000000,85.1
1790520545,2026/09/27 14:49:05.945,63.33,1976,76,0x0000000000000000,83.6
1790520556,2026/09/27 14:49:15.998,65.56,1976,78,0x0000000000000000,84.7
1790520566,2026/09/27 14:49:26.057,67.01,1976,79,0x0000000000000000,84.8
1790520576,2026/09/27 14:49:36.115,69.03,1976,78,0x0000000000000000,85.2
1790520586,2026/09/27 14:49:46.174,63.89,1976,78,0x0000000000000000,82.9
1790520596,2026/09/27 14:49:56.230,59.86,1976,79,0x0000000000000000,85.5
1790520606,2026/09/27 14:50:06.285,68.52,1976,78,0x0000000000000000,85.1
1790520616,2026/09/27 14:50:16.340,68.20,1976,78,0x0000000000000000,83.6
1790520626,2026/09/27 14:50:26.397,66.80,1976,78,0x0000000000000000,84.3
1790520636,2026/09/27 14:50:36.458,68.93,1976,78,0x0000000000000000,85.0
1790520646,2026/09/27 14:50:46.518,68.13,1976,78,0x0000000000000000,84.9
1790520656,2026/09/27 14:50:56.571,68.09,1976,78,0x0000000000000000,85.3
1790520666,2026/09/27 14:51:06.621,67.78,1976,78,0x0000000000000000,85.1
1790520676,2026/09/27 14:51:16.673,68.16,1976,78,0x0000000000000000,85.4
1790520686,2026/09/27 14:51:26.727,71.34,1976,79,0x0000000000000000,85.2
1790520696,2026/09/27 14:51:36.788,64.65,1976,78,0x0000000000000000,84.8
1790520706,2026/09/27 14:51:46.846,68.58,1976,78,0x0000000000000000,87.9
1790520716,2026/09/27 14:51:56.902,67.63,1976,79,0x0000000000000000,85.0
1790520726,2026/09/27 14:52:06.956,68.88,1976,78,0x0000000000000000,85.3
1790520737,2026/09/27 14:52:17.009,67.57,1976,79,0x0000000000000000,85.1
1790520747,2026/09/27 14:52:27.067,64.74,1976,78,0x0000000000000000,84.6
1790520757,2026/09/27 14:52:37.121,68.64,1976,79,0x0000000000000000,85.2
1790520767,2026/09/27 14:52:47.178,66.99,1976,78,0x0000000000000000,84.4
1790520777,2026/09/27 14:52:57.236,65.92,1976,78,0x0000000000000000,85.0
1790520787,2026/09/27 14:53:07.289,68.52,1976,78,0x0000000000000000,85.1
1790520797,2026/09/27 14:53:17.349,67.88,1976,78,0x0000000000000000,85.1
1790520807,2026/09/27 14:53:27.403,67.69,1976,78,0x0000000000000000,85.1
1790520817,2026/09/27 14:53:37.459,67.05,1976,78,0x0000000000000000,84.5
1790520827,2026/09/27 14:53:47.512,68.19,1976,78,0x0000000000000000,84.9
1790520837,2026/09/27 14:53:57.563,67.76,1976,78,0x0000000000000000,85.2
1790520847,2026/09/27 14:54:07.620,67.50,1976,78,0x0000000000000000,85.2
1790520857,2026/09/27 14:54:17.675,68.17,1976,78,0x0000000000000000,84.6
1790520867,2026/09/27 14:54:27.729,67.68,1976,78,0x0000000000000000,85.8
1790520877,2026/09/27 14:54:37.784,67.36,1976,79,0x0000000000000000,85.1
1790520887,2026/09/27 14:54:47.841,67.88,1976,77,0x0000000000000000,85.1
1790520897,2026/09/27 14:54:57.900,67.72,1976,78,0x0000000000000000,86.7
1790520907,2026/09/27 14:55:07.957,67.23,1976,79,0x0000000000000000,85.2
1790520918,2026/09/27 14:55:18.019,64.50,1976,77,0x0000000000000000,84.3
1790520928,2026/09/27 14:55:28.074,65.24,1976,78,0x0000000000000000,84.8
1790520938,2026/09/27 14:55:38.126,67.33,1976,79,0x0000000000000000,85.0
1790520948,2026/09/27 14:55:48.183,67.01,1976,78,0x0000000000000000,84.9
1790520958,2026/09/27 14:55:58.241,67.97,1976,78,0x0000000000000000,85.1
1790520968,2026/09/27 14:56:08.295,66.86,1976,79,0x0000000000000000,84.8
1790520978,2026/09/27 14:56:18.355,66.16,1976,78,0x0000000000000000,84.9
1790520988,2026/09/27 14:56:28.413,68.77,1976,79,0x0000000000000000,84.7
1790520998,2026/09/27 14:56:38.469,71.18,1976,78,0x0000000000000000,88.1
1790521008,2026/09/27 14:56:48.524,67.45,1976,78,0x0000000000000000,84.8
1790521018,2026/09/27 14:56:58.574,67.63,1976,78,0x0000000000000000,85.2
1790521028,2026/09/27 14:57:08.631,67.99,1976,77,0x0000000000000000,85.0
1790521038,2026/09/27 14:57:18.687,68.39,1976,78,0x0000000000000000,85.2
1790521048,2026/09/27 14:57:28.745,66.87,1976,79,0x0000000000000000,84.8
1790521058,2026/09/27 14:57:38.802,67.82,1976,78,0x0000000000000000,84.9
1790521068,2026/09/27 14:57:48.853,67.41,1976,78,0x0000000000000000,86.1
1790521078,2026/09/27 14:57:58.910,68.46,1976,78,0x0000000000000000,88.0
1790521088,2026/09/27 14:58:08.967,66.37,1976,78,0x0000000000000000,85.1
1790521099,2026/09/27 14:58:19.020,67.45,1976,78,0x0000000000000000,84.9
1790521109,2026/09/27 14:58:29.081,68.46,1976,79,0x0000000000000000,85.3
1790521119,2026/09/27 14:58:39.141,65.84,1976,78,0x0000000000000000,85.0
1790521129,2026/09/27 14:58:49.197,65.85,1976,78,0x0000000000000000,84.6
1790521139,2026/09/27 14:58:59.249,68.26,1976,79,0x0000000000000000,85.1
1790521149,2026/09/27 14:59:09.302,60.74,1976,72,0x0000000000000000,83.8
1790521159,2026/09/27 14:59:19.357,68.62,1976,78,0x0000000000000000,85.8
1790521169,2026/09/27 14:59:29.416,67.17,1976,78,0x0000000000000000,85.2
1790521179,2026/09/27 14:59:39.472,67.89,1976,78,0x0000000000000000,85.1
1790521189,2026/09/27 14:59:49.528,64.64,1976,78,0x0000000000000000,84.7
1790521199,2026/09/27 14:59:59.580,65.06,1976,79,0x0000000000000000,84.7
1790521209,2026/09/27 15:00:09.636,67.99,1976,78,0x0000000000000000,84.9
1790521219,2026/09/27 15:00:19.692,67.44,1976,78,0x0000000000000000,84.1
1790521229,2026/09/27 15:00:29.744,68.00,1976,77,0x0000000000000000,84.7
1790521239,2026/09/27 15:00:39.801,67.49,1976,79,0x0000000000000000,84.9
1790521249,2026/09/27 15:00:49.851,67.58,1976,78,0x0000000000000000,87.0
1790521259,2026/09/27 15:00:59.906,67.81,1976,78,0x0000000000000000,84.7
1790521269,2026/09/27 15:01:09.960,67.54,1976,78,0x0000000000000000,85.3
1790521280,2026/09/27 15:01:20.015,69.90,1976,79,0x0000000000000000,88.1
1790521290,2026/09/27 15:01:30.070,64.19,1976,78,0x0000000000000000,84.7
1790521300,2026/09/27 15:01:40.128,67.69,1976,78,0x0000000000000000,85.2
1790521310,2026/09/27 15:01:50.187,69.15,1976,78,0x0000000000000000,85.2
1790521320,2026/09/27 15:02:00.243,66.53,1976,78,0x0000000000000000,85.2
1790521330,2026/09/27 15:02:10.297,64.83,1976,77,0x0000000000000000,84.9
1790521340,2026/09/27 15:02:20.351,68.50,1976,79,0x0000000000000000,85.0
1790521350,2026/09/27 15:02:30.406,66.25,1976,78,0x0000000000000000,85.3
1790521360,2026/09/27 15:02:40.458,68.07,1976,79,0x0000000000000000,84.8
1790521370,2026/09/27 15:02:50.510,68.62,1976,77,0x0000000000000000,85.1
1790521380,2026/09/27 15:03:00.573,67.89,1976,78,0x0000000000000000,84.9
1790521390,2026/09/27 15:03:10.628,68.65,1976,79,0x0000000000000000,85.2
1790521400,2026/09/27 15:03:20.685,67.42,1976,77,0x0000000000000000,84.6
1790521410,2026/09/27 15:03:30.739,68.53,1976,78,0x0000000000000000,84.9
1790521420,2026/09/27 15:03:40.797,65.29,1976,78,0x0000000000000000,84.9
1790521430,2026/09/27 15:03:50.848,71.41,1976,78,0x0000000000000000,85.4
1790521440,2026/09/27 15:04:00.902,68.29,1976,78,0x0000000000000000,85.0
1790521450,2026/09/27 15:04:10.955,65.81,1976,79,0x0000000000000000,84.8
1790521461,2026/09/27 15:04:21.020,64.99,1976,78,0x0000000000000000,84.7
1790521471,2026/09/27 15:04:31.077,68.44,1976,78,0x0000000000000000,85.3
1790521481,2026/09/27 15:04:41.134,66.50,1976,79,0x0000000000000000,85.3
1790521491,2026/09/27 15:04:51.193,69.21,1976,79,0x0000000000000000,85.3
1790521501,2026/09/27 15:05:01.256,64.57,1976,77,0x0000000000000000,84.0
1790521511,2026/09/27 15:05:11.313,62.37,1976,78,0x0000000000000000,84.8
1790521521,2026/09/27 15:05:21.363,65.46,1976,78,0x0000000000000000,85.0
1790521531,2026/09/27 15:05:31.419,64.96,1976,78,0x0000000000000000,85.1
1790521541,2026/09/27 15:05:41.477,70.27,1976,79,0x0000000000000000,85.4
1790521551,2026/09/27 15:05:51.543,68.11,1976,78,0x0000000000000000,85.1
1790521561,2026/09/27 15:06:01.596,60.43,1976,77,0x0000000000000000,83.8
1790521571,2026/09/27 15:06:11.656,67.21,1976,77,0x0000000000000000,84.4
1790521581,2026/09/27 15:06:21.711,68.57,1976,78,0x0000000000000000,87.9
1790521591,2026/09/27 15:06:31.769,64.76,1976,78,0x0000000000000000,85.0
1790521601,2026/09/27 15:06:41.827,68.09,1976,78,0x0000000000000000,85.2
1790521611,2026/09/27 15:06:51.884,67.04,1976,78,0x0000000000000000,83.6
1790521621,2026/09/27 15:07:01.938,67.71,1976,77,0x0000000000000000,85.7
1790521632,2026/09/27 15:07:11.989,67.51,1976,75,0x0000000000000000,84.6
1790521642,2026/09/27 15:07:22.046,67.82,1976,78,0x0000000000000000,84.9
1790521652,2026/09/27 15:07:32.101,69.37,1976,79,0x0000000000000000,86.9
1790521662,2026/09/27 15:07:42.158,69.58,1976,78,0x0000000000000000,86.3
1790521672,2026/09/27 15:07:52.215,67.96,1976,78,0x0000000000000000,85.0
1790521682,2026/09/27 15:08:02.277,69.56,1976,79,0x0000000000000000,85.5
1790521692,2026/09/27 15:08:12.329,65.76,1976,78,0x0000000000000000,84.6
1790521702,2026/09/27 15:08:22.381,67.50,1976,78,0x0000000000000000,85.2
1790521712,2026/09/27 15:08:32.439,69.24,1976,79,0x0000000000000000,84.9
1790521722,2026/09/27 15:08:42.497,68.77,1976,78,0x0000000000000000,86.1
1790521732,2026/09/27 15:08:52.550,68.58,1976,79,0x0000000000000000,84.9
1790521742,2026/09/27 15:09:02.607,67.46,1976,77,0x0000000000000000,85.2
1790521752,2026/09/27 15:09:12.662,65.65,1976,79,0x0000000000000000,84.4
1790521762,2026/09/27 15:09:22.723,68.06,1976,78,0x0000000000000000,85.2
1790521772,2026/09/27 15:09:32.776,68.15,1976,77,0x0000000000000000,85.0
1790521782,2026/09/27 15:09:42.831,67.94,1976,78,0x0000000000000000,85.1
1790521792,2026/09/27 15:09:52.885,65.56,1976,77,0x0000000000000000,85.0
1790521802,2026/09/27 15:10:02.938,66.77,1976,77,0x0000000000000000,85.0
1790521813,2026/09/27 15:10:12.992,67.05,1976,79,0x0000000000000000,84.4
1790521823,2026/09/27 15:10:23.048,69.21,1976,79,0x0000000000000000,84.9
1790521833,2026/09/27 15:10:33.097,69.12,1976,79,0x0000000000000000,85.5
1790521843,2026/09/27 15:10:43.150,68.24,1976,78,0x0000000000000000,85.2
1790521853,2026/09/27 15:10:53.205,66.88,1976,78,0x0000000000000000,85.0
1790521863,2026/09/27 15:11:03.258,66.43,1976,78,0x0000000000000000,85.0
1790521873,2026/09/27 15:11:13.315,64.79,1976,78,0x0000000000000000,84.9
1790521883,2026/09/27 15:11:23.375,66.81,1976,78,0x0000000000000000,85.0
1790521893,2026/09/27 15:11:33.431,66.43,1976,77,0x0000000000000000,84.6
1790521903,2026/09/27 15:11:43.488,68.58,1976,79,0x0000000000000000,84.9
1790521913,2026/09/27 15:11:53.546,67.49,1976,78,0x0000000000000000,85.0
1790521923,2026/09/27 15:12:03.601,68.31,1976,78,0x0000000000000000,85.3
1790521933,2026/09/27 15:12:13.656,65.14,1976,77,0x0000000000000000,84.5
1790521943,2026/09/27 15:12:23.705,69.24,1976,78,0x0000000000000000,84.8
1790521953,2026/09/27 15:12:33.757,67.62,1976,79,0x0000000000000000,85.2
1790521963,2026/09/27 15:12:43.813,67.25,1976,79,0x0000000000000000,85.3
1790521973,2026/09/27 15:12:53.868,68.66,1976,78,0x0000000000000000,85.2
1790521983,2026/09/27 15:13:03.925,67.57,1976,79,0x0000000000000000,85.0
1790521993,2026/09/27 15:13:13.980,68.23,1976,79,0x0000000000000000,85.5
1790522004,2026/09/27 15:13:24.036,68.52,1976,79,0x0000000000000000,84.8
1790522014,2026/09/27 15:13:34.093,68.52,1976,78,0x0000000000000000,85.4
1790522024,2026/09/27 15:13:44.147,70.11,1976,79,0x0000000000000000,85.8
1790522034,2026/09/27 15:13:54.200,67.92,1976,79,0x0000000000000000,86.5
1790522044,2026/09/27 15:14:04.253,66.39,1976,78,0x0000000000000000,85.1
1790522054,2026/09/27 15:14:14.307,66.60,1976,77,0x0000000000000000,84.7
1790522064,2026/09/27 15:14:24.364,68.37,1976,79,0x0000000000000000,85.3
1790522074,2026/09/27 15:14:34.419,68.01,1976,78,0x0000000000000000,84.9
1790522084,2026/09/27 15:14:44.475,66.99,1976,78,0x0000000000000000,84.9
1790522094,2026/09/27 15:14:54.529,65.82,1976,77,0x0000000000000000,84.9
1790522104,2026/09/27 15:15:04.585,67.75,1976,79,0x0000000000000000,84.9
1790522114,2026/09/27 15:15:14.642,67.49,1976,79,0x0000000000000000,85.2
1790522124,2026/09/27 15:15:24.701,65.18,1976,77,0x0000000000000000,84.8
1790522134,2026/09/27 15:15:34.754,60.28,1976,79,0x0000000000000000,84.1
1790522144,2026/09/27 15:15:44.804,67.11,1976,78,0x0000000000000000,85.0
1790522154,2026/09/27 15:15:54.860,64.27,1976,78,0x0000000000000000,84.9
1790522164,2026/09/27 15:16:04.918,68.67,1976,79,0x0000000000000000,85.0
1790522174,2026/09/27 15:16:14.970,68.65,1976,78,0x0000000000000000,86.0
1790522185,2026/09/27 15:16:25.029,68.60,1976,78,0x0000000000000000,87.0
1790522195,2026/09/27 15:16:35.087,65.88,1976,78,0x0000000000000000,85.1
1790522205,2026/09/27 15:16:45.139,69.05,1976,79,0x0000000000000000,85.4
1790522215,2026/09/27 15:16:55.192,65.83,1976,77,0x0000000000000000,84.7
1790522225,2026/09/27 15:17:05.245,66.94,1976,78,0x0000000000000000,84.8
1790522235,2026/09/27 15:17:15.307,66.07,1976,77,0x0000000000000000,84.7
1790522245,2026/09/27 15:17:25.366,67.85,1976,78,0x0000000000000000,85.1
1790522255,2026/09/27 15:17:35.421,67.39,1976,79,0x0000000000000000,85.4
1790522265,2026/09/27 15:17:45.477,66.05,1976,77,0x0000000000000000,84.7
1790522275,2026/09/27 15:17:55.528,68.28,1976,79,0x0000000000000000,85.0
1790522285,2026/09/27 15:18:05.577,68.14,1976,79,0x0000000000000000,84.5
1790522295,2026/09/27 15:18:15.634,64.95,1976,78,0x0000000000000000,84.6
1790522305,2026/09/27 15:18:25.690,68.53,1976,78,0x0000000000000000,85.2
1790522315,2026/09/27 15:18:35.747,67.12,1976,77,0x0000000000000000,84.8
1790522325,2026/09/27 15:18:45.801,67.68,1976,78,0x0000000000000000,85.4
1790522335,2026/09/27 15:18:55.854,66.30,1976,78,0x0000000000000000,85.3
1790522345,2026/09/27 15:19:05.910,66.83,1976,78,0x0000000000000000,85.6
1790522355,2026/09/27 15:19:15.966,67.61,1976,78,0x0000000000000000,85.4
1790522366,2026/09/27 15:19:26.024,67.86,1976,78,0x0000000000000000,85.2
1790522376,2026/09/27 15:19:36.079,67.09,1976,78,0x0000000000000000,85.1
1790522386,2026/09/27 15:19:46.132,66.80,1976,78,0x0000000000000000,85.3
1790522396,2026/09/27 15:19:56.188,70.38,1976,79,0x0000000000000000,85.4
1790522406,2026/09/27 15:20:06.243,61.28,1976,78,0x0000000000000000,84.2
1790522416,2026/09/27 15:20:16.300,67.67,1976,79,0x0000000000000000,84.7
1790522426,2026/09/27 15:20:26.361,66.32,1976,77,0x0000000000000000,84.1
1790522436,2026/09/27 15:20:36.419,66.07,1976,79,0x0000000000000000,85.1
1790522446,2026/09/27 15:20:46.476,66.47,1976,79,0x0000000000000000,85.4
1790522456,2026/09/27 15:20:56.531,67.26,1976,79,0x0000000000000000,85.8
1790522466,2026/09/27 15:21:06.590,66.07,1976,79,0x0000000000000000,85.6
1790522476,2026/09/27 15:21:16.642,64.65,1976,79,0x0000000000000000,84.6
1790522486,2026/09/27 15:21:26.705,68.26,1976,79,0x0000000000000000,85.5
1790522496,2026/09/27 15:21:36.759,68.49,1976,79,0x0000000000000000,85.9
1790522506,2026/09/27 15:21:46.818,65.78,1976,78,0x0000000000000000,84.9
1790522516,2026/09/27 15:21:56.875,67.62,1976,79,0x0000000000000000,85.3
1790522526,2026/09/27 15:22:06.931,69.98,1976,79,0x0000000000000000,85.8
1790522537,2026/09/27 15:22:16.988,66.17,1976,79,0x0000000000000000,85.5
1790522547,2026/09/27 15:22:27.045,67.34,1976,78,0x0000000000000000,85.5
1790522557,2026/09/27 15:22:37.098,66.87,1976,78,0x0000000000000000,85.3
1790522567,2026/09/27 15:22:47.154,66.10,1976,78,0x0000000000000000,85.0
1790522577,2026/09/27 15:22:57.212,64.40,1976,79,0x0000000000000000,84.8
1790522587,2026/09/27 15:23:07.267,69.05,1976,78,0x0000000000000000,85.1
1790522597,2026/09/27 15:23:17.323,67.98,1976,79,0x0000000000000000,85.7
1790522607,2026/09/27 15:23:27.381,68.04,1976,79,0x0000000000000000,85.4
1790522617,2026/09/27 15:23:37.435,69.18,1976,78,0x0000000000000000,85.5
1790522627,2026/09/27 15:23:47.493,68.50,1976,79,0x0000000000000000,84.7
1790522637,2026/09/27 15:23:57.552,68.09,1976,79,0x0000000000000000,85.2
1790522647,2026/09/27 15:24:07.608,69.29,1976,78,0x0000000000000000,85.3
1790522657,2026/09/27 15:24:17.667,67.64,1976,79,0x0000000000000000,84.8
1790522667,2026/09/27 15:24:27.728,67.26,1976,78,0x0000000000000000,85.0
1790522677,2026/09/27 15:24:37.778,67.24,1976,78,0x0000000000000000,85.3
1790522687,2026/09/27 15:24:47.831,68.19,1976,79,0x0000000000000000,85.3
1790522697,2026/09/27 15:24:57.889,66.71,1976,78,0x0000000000000000,84.4
1790522707,2026/09/27 15:25:07.952,67.08,1976,78,0x0000000000000000,85.2
1790522718,2026/09/27 15:25:18.006,68.28,1976,78,0x0000000000000000,85.3
1790522728,2026/09/27 15:25:28.061,69.03,1976,79,0x0000000000000000,85.1
1790522738,2026/09/27 15:25:38.117,69.44,1976,78,0x0000000000000000,87.3
1790522748,2026/09/27 15:25:48.169,66.90,1976,78,0x0000000000000000,86.3
1790522758,2026/09/27 15:25:58.227,68.47,1976,78,0x0000000000000000,85.4
1790522768,2026/09/27 15:26:08.283,67.35,1976,79,0x0000000000000000,85.3
1790522778,2026/09/27 15:26:18.341,67.26,1976,78,0x0000000000000000,86.0
1790522788,2026/09/27 15:26:28.394,67.70,1976,77,0x0000000000000000,84.7
1790522798,2026/09/27 15:26:38.454,68.50,1976,79,0x0000000000000000,85.5
1790522808,2026/09/27 15:26:48.507,66.82,1976,78,0x0000000000000000,85.2
1790522818,2026/09/27 15:26:58.559,71.07,1976,78,0x0000000000000000,85.8
1790522828,2026/09/27 15:27:08.614,64.98,1976,78,0x0000000000000000,84.9
1790522838,2026/09/27 15:27:18.668,68.49,1976,78,0x0000000000000000,85.3
1790522848,2026/09/27 15:27:28.724,67.67,1976,79,0x0000000000000000,85.0
1790522858,2026/09/27 15:27:38.781,67.33,1976,78,0x0000000000000000,85.3
1790522868,2026/09/27 15:27:48.832,67.61,1976,79,0x0000000000000000,85.1
1790522878,2026/09/27 15:27:58.887,66.66,1976,79,0x0000000000000000,85.3
1790522888,2026/09/27 15:28:08.942,65.36,1976,78,0x0000000000000000,84.6
1790522899,2026/09/27 15:28:18.996,66.13,1976,79,0x0000000000000000,85.2
1790522909,2026/09/27 15:28:29.064,66.03,1976,79,0x0000000000000000,85.3
1790522919,2026/09/27 15:28:39.120,67.83,1976,79,0x0000000000000000,84.5
1790522929,2026/09/27 15:28:49.177,69.84,1976,79,0x0000000000000000,85.2
1790522939,2026/09/27 15:28:59.231,65.04,1976,78,0x0000000000000000,85.1
1790522949,2026/09/27 15:29:09.286,65.56,1976,76,0x0000000000000000,84.7
1790522959,2026/09/27 15:29:19.342,67.57,1976,77,0x0000000000000000,85.0
1790522969,2026/09/27 15:29:29.396,65.11,1976,79,0x0000000000000000,85.2
1790522979,2026/09/27 15:29:39.449,65.58,1976,77,0x0000000000000000,84.4
1790522989,2026/09/27 15:29:49.501,69.44,1976,78,0x0000000000000000,85.4
1790522999,2026/09/27 15:29:59.554,67.92,1976,79,0x0000000000000000,85.1
1790523009,2026/09/27 15:30:09.610,66.88,1976,78,0x0000000000000000,85.4
1790523019,2026/09/27 15:30:19.665,66.90,1976,76,0x0000000000000000,83.7
1790523029,2026/09/27 15:30:29.723,64.83,1976,78,0x0000000000000000,84.8
1790523039,2026/09/27 15:30:39.785,70.02,1976,79,0x0000000000000000,85.6
1790523049,2026/09/27 15:30:49.840,64.79,1976,77,0x0000000000000000,84.9
1790523059,2026/09/27 15:30:59.913,64.75,1976,77,0x0000000000000000,84.4
1790523069,2026/09/27 15:31:09.969,64.56,1976,78,0x0000000000000000,84.8
1790523080,2026/09/27 15:31:20.026,68.79,1976,79,0x0000000000000000,85.3
1790523090,2026/09/27 15:31:30.086,59.88,1976,78,0x0000000000000000,84.0
1790523100,2026/09/27 15:31:40.142,66.28,1976,78,0x0000000000000000,85.3
1790523110,2026/09/27 15:31:50.197,68.64,1976,78,0x0000000000000000,85.0
1790523120,2026/09/27 15:32:00.255,67.34,1976,79,0x0000000000000000,84.6
1790523130,2026/09/27 15:32:10.315,62.35,1976,78,0x0000000000000000,84.7
1790523140,2026/09/27 15:32:20.370,66.81,1976,78,0x0000000000000000,84.8
1790523150,2026/09/27 15:32:30.428,67.50,1976,78,0x0000000000000000,85.2
1790523160,2026/09/27 15:32:40.480,67.35,1976,78,0x0000000000000000,85.3
1790523170,2026/09/27 15:32:50.539,68.09,1976,78,0x0000000000000000,84.9
1790523180,2026/09/27 15:33:00.594,64.96,1976,78,0x0000000000000000,84.9
1790523190,2026/09/27 15:33:10.646,62.85,1976,78,0x0000000000000000,84.9
1790523200,2026/09/27 15:33:20.704,67.57,1976,78,0x0000000000000000,85.1
1790523210,2026/09/27 15:33:30.758,67.55,1976,78,0x0000000000000000,85.4
1790523220,2026/09/27 15:33:40.811,67.54,1976,78,0x0000000000000000,85.3
1790523230,2026/09/27 15:33:50.865,66.76,1976,78,0x0000000000000000,85.1
1790523240,2026/09/27 15:34:00.920,68.01,1976,79,0x0000000000000000,85.5
1790523250,2026/09/27 15:34:10.979,65.40,1976,79,0x0000000000000000,85.4
1790523261,2026/09/27 15:34:21.037,64.84,1976,77,0x0000000000000000,84.4
1790523271,2026/09/27 15:34:31.095,66.43,1976,79,0x0000000000000000,85.1
1790523281,2026/09/27 15:34:41.157,65.24,1976,79,0x0000000000000000,85.0
1790523291,2026/09/27 15:34:51.213,67.62,1976,78,0x0000000000000000,85.1
1790523301,2026/09/27 15:35:01.267,67.55,1976,77,0x0000000000000000,85.0
1790523311,2026/09/27 15:35:11.321,65.89,1976,79,0x0000000000000000,85.2
1790523321,2026/09/27 15:35:21.377,64.83,1976,78,0x0000000000000000,84.9
1790523331,2026/09/27 15:35:31.432,68.02,1976,76,0x0000000000000000,84.7
1790523341,2026/09/27 15:35:41.486,67.65,1976,79,0x0000000000000000,84.7
1790523351,2026/09/27 15:35:51.542,67.57,1976,79,0x0000000000000000,85.4
1790523361,2026/09/27 15:36:01.594,67.83,1976,78,0x0000000000000000,85.6
1790523371,2026/09/27 15:36:11.649,67.20,1976,79,0x0000000000000000,85.2
1790523381,2026/09/27 15:36:21.708,67.64,1976,79,0x0000000000000000,85.9
1790523391,2026/09/27 15:36:31.761,66.47,1976,77,0x0000000000000000,84.9
1790523401,2026/09/27 15:36:41.819,67.61,1976,79,0x0000000000000000,84.9
1790523411,2026/09/27 15:36:51.876,67.68,1976,79,0x0000000000000000,85.2
1790523421,2026/09/27 15:37:01.931,68.72,1976,78,0x0000000000000000,85.5
1790523431,2026/09/27 15:37:11.986,66.51,1976,78,0x0000000000000000,85.0
1790523442,2026/09/27 15:37:22.041,70.19,1976,79,0x0000000000000000,86.7
1790523452,2026/09/27 15:37:32.094,65.98,1976,77,0x0000000000000000,85.0
1790523462,2026/09/27 15:37:42.149,67.90,1976,78,0x0000000000000000,85.0
1790523472,2026/09/27 15:37:52.202,66.96,1976,79,0x0000000000000000,85.4
1790523482,2026/09/27 15:38:02.260,65.72,1976,78,0x0000000000000000,85.2
1790523492,2026/09/27 15:38:12.312,66.96,1976,79,0x0000000000000000,85.3
1790523502,2026/09/27 15:38:22.361,68.05,1976,79,0x0000000000000000,85.2
1790523512,2026/09/27 15:38:32.420,65.13,1976,78,0x0000000000000000,85.0
1790523522,2026/09/27 15:38:42.475,59.89,1976,78,0x0000000000000000,84.4
1790523532,2026/09/27 15:38:52.531,67.96,1976,79,0x0000000000000000,85.6
1790523542,2026/09/27 15:39:02.588,65.35,1976,79,0x0000000000000000,85.3
1790523552,2026/09/27 15:39:12.644,68.66,1976,79,0x0000000000000000,86.9
1790523562,2026/09/27 15:39:22.698,69.25,1976,79,0x0000000000000000,85.8
1790523572,2026/09/27 15:39:32.750,65.96,1976,79,0x0000000000000000,85.2
1790523582,2026/09/27 15:39:42.808,68.69,1976,79,0x0000000000000000,85.2
1790523592,2026/09/27 15:39:52.863,67.76,1976,78,0x0000000000000000,85.4
1790523602,2026/09/27 15:40:02.917,67.51,1976,78,0x0000000000000000,85.1
1790523612,2026/09/27 15:40:12.974,67.52,1976,78,0x0000000000000000,85.4
1790523623,2026/09/27 15:40:23.034,66.12,1976,78,0x0000000000000000,84.9
1790523633,2026/09/27 15:40:33.090,68.70,1976,78,0x0000000000000000,85.5
1790523643,2026/09/27 15:40:43.146,67.84,1976,78,0x0000000000000000,85.4
1790523653,2026/09/27 15:40:53.202,64.58,1976,78,0x0000000000000000,85.0
1790523663,2026/09/27 15:41:03.256,66.95,1976,78,0x0000000000000000,85.2
1790523673,2026/09/27 15:41:13.308,67.71,1976,79,0x0000000000000000,84.6
1790523683,2026/09/27 15:41:23.365,66.08,1976,77,0x0000000000000000,85.0
1790523693,2026/09/27 15:41:33.416,66.84,1976,79,0x0000000000000000,85.2
1790523703,2026/09/27 15:41:43.470,67.46,1976,79,0x0000000000000000,85.4
1790523713,2026/09/27 15:41:53.532,68.48,1976,78,0x0000000000000000,85.4
1790523723,2026/09/27 15:42:03.589,66.61,1976,79,0x0000000000000000,85.3
1790523733,2026/09/27 15:42:13.646,67.44,1976,78,0x0000000000000000,85.4
1790523743,2026/09/27 15:42:23.698,65.12,1976,77,0x0000000000000000,84.6
1790523753,2026/09/27 15:42:33.752,67.20,1976,79,0x0000000000000000,85.3
1790523763,2026/09/27 15:42:43.814,67.09,1976,79,0x0000000000000000,84.9
1790523773,2026/09/27 15:42:53.869,66.26,1976,78,0x0000000000000000,85.3
1790523783,2026/09/27 15:43:03.927,66.84,1976,78,0x0000000000000000,85.3
1790523793,2026/09/27 15:43:13.980,67.81,1976,78,0x0000000000000000,85.3
1790523804,2026/09/27 15:43:24.033,67.20,1976,78,0x0000000000000000,85.3
1790523814,2026/09/27 15:43:34.090,67.56,1976,77,0x0000000000000000,85.2
1790523824,2026/09/27 15:43:44.148,65.93,1976,77,0x0000000000000000,84.9
1790523834,2026/09/27 15:43:54.201,68.36,1976,78,0x0000000000000000,86.3
1790523844,2026/09/27 15:44:04.256,68.15,1976,79,0x0000000000000000,85.7
1790523854,2026/09/27 15:44:14.313,68.13,1976,79,0x0000000000000000,85.6
1790523864,2026/09/27 15:44:24.370,67.89,1976,79,0x0000000000000000,85.1
1790523874,2026/09/27 15:44:34.424,67.65,1976,78,0x0000000000000000,83.8
1790523884,2026/09/27 15:44:44.482,66.43,1976,79,0x0000000000000000,85.4
1790523894,2026/09/27 15:44:54.547,67.26,1976,79,0x0000000000000000,85.4
1790523904,2026/09/27 15:45:04.602,67.51,1976,79,0x0000000000000000,85.6
1790523914,2026/09/27 15:45:14.656,67.83,1976,79,0x0000000000000000,85.6
1790523924,2026/09/27 15:45:24.709,67.26,1976,79,0x0000000000000000,85.8
1790523934,2026/09/27 15:45:34.763,66.09,1976,77,0x0000000000000000,85.3
1790523944,2026/09/27 15:45:44.815,66.50,1976,79,0x0000000000000000,85.6
1790523954,2026/09/27 15:45:54.870,67.41,1976,79,0x0000000000000000,85.9
1790523964,2026/09/27 15:46:04.926,67.82,1976,77,0x0000000000000000,84.9
1790523974,2026/09/27 15:46:14.981,66.44,1976,79,0x0000000000000000,85.1
1790523985,2026/09/27 15:46:25.037,67.32,1976,78,0x0000000000000000,85.2
1790523995,2026/09/27 15:46:35.091,66.01,1976,79,0x0000000000000000,85.3
1790524005,2026/09/27 15:46:45.152,65.32,1976,77,0x0000000000000000,85.3
1790524015,2026/09/27 15:46:55.209,70.95,1976,79,0x0000000000000000,86.2
1790524025,2026/09/27 15:47:05.266,57.55,1976,70,0x0000000000000000,83.6
1790524035,2026/09/27 15:47:15.321,64.90,1976,77,0x0000000000000000,85.3
1790524045,2026/09/27 15:47:25.379,70.69,1976,79,0x0000000000000000,86.1
1790524055,2026/09/27 15:47:35.437,68.06,1976,79,0x0000000000000000,85.2
1790524065,2026/09/27 15:47:45.498,65.42,1976,79,0x0000000000000000,85.4
1790524075,2026/09/27 15:47:55.553,66.96,1976,77,0x0000000000000000,85.4
1790524085,2026/09/27 15:48:05.611,66.16,1976,79,0x0000000000000000,85.4
1790524095,2026/09/27 15:48:15.667,67.85,1976,79,0x0000000000000000,85.8
1790524105,2026/09/27 15:48:25.723,67.08,1976,79,0x0000000000000000,85.6
1790524115,2026/09/27 15:48:35.778,68.44,1976,79,0x0000000000000000,85.9
1790524125,2026/09/27 15:48:45.833,68.41,1976,79,0x0000000000000000,85.6
1790524135,2026/09/27 15:48:55.894,66.82,1976,79,0x0000000000000000,85.6
1790524145,2026/09/27 15:49:05.958,68.67,1976,79,0x0000000000000000,86.0
1790524156,2026/09/27 15:49:16.011,67.14,1976,79,0x0000000000000000,85.9
1790524166,2026/09/27 15:49:26.066,65.96,1976,78,0x0000000000000000,85.2
1790524176,2026/09/27 15:49:36.118,65.46,1976,78,0x0000000000000000,85.3
1790524186,2026/09/27 15:49:46.175,69.83,1976,79,0x0000000000000000,85.9
1790524196,2026/09/27 15:49:56.235,66.52,1976,78,0x0000000000000000,85.3
1790524206,2026/09/27 15:50:06.291,68.55,1976,78,0x0000000000000000,85.8
1790524216,2026/09/27 15:50:16.344,67.49,1976,79,0x0000000000000000,85.6
1790524226,2026/09/27 15:50:26.404,64.71,1976,79,0x0000000000000000,85.4
1790524236,2026/09/27 15:50:36.460,68.06,1976,79,0x0000000000000000,85.2
1790524246,2026/09/27 15:50:46.513,66.53,1976,79,0x0000000000000000,85.5
1790524256,2026/09/27 15:50:56.572,67.18,1976,79,0x0000000000000000,85.4
1790524266,2026/09/27 15:51:06.630,68.92,1976,79,0x0000000000000000,85.9
1790524276,2026/09/27 15:51:16.679,66.60,1976,76,0x0000000000000000,85.1
1790524286,2026/09/27 15:51:26.734,68.42,1976,78,0x0000000000000000,86.0
1790524296,2026/09/27 15:51:36.788,67.06,1976,79,0x0000000000000000,85.4
1790524306,2026/09/27 15:51:46.846,68.05,1976,79,0x0000000000000000,85.6
1790524316,2026/09/27 15:51:56.909,68.35,1976,79,0x0000000000000000,85.5
1790524326,2026/09/27 15:52:06.966,66.07,1976,79,0x0000000000000000,85.9
1790524337,2026/09/27 15:52:17.019,68.61,1976,79,0x0000000000000000,86.3
1790524347,2026/09/27 15:52:27.076,67.69,1976,78,0x0000000000000000,85.7
1790524357,2026/09/27 15:52:37.132,68.56,1976,79,0x0000000000000000,86.2
1790524367,2026/09/27 15:52:47.185,68.73,1976,79,0x0000000000000000,86.3
1790524377,2026/09/27 15:52:57.241,67.44,1976,78,0x0000000000000000,85.9
1790524387,2026/09/27 15:53:07.299,65.62,1976,78,0x0000000000000000,85.4
1790524397,2026/09/27 15:53:17.353,69.15,1976,79,0x0000000000000000,85.9
1790524407,2026/09/27 15:53:27.407,68.61,1976,78,0x0000000000000000,85.9
1790524417,2026/09/27 15:53:37.463,67.76,1976,79,0x0000000000000000,85.1
1790524427,2026/09/27 15:53:47.518,68.52,1976,79,0x0000000000000000,85.5
1790524437,2026/09/27 15:53:57.571,68.67,1976,78,0x0000000000000000,85.6
1790524447,2026/09/27 15:54:07.624,68.12,1976,79,0x0000000000000000,85.5
1790524457,2026/09/27 15:54:17.679,68.70,1976,79,0x0000000000000000,86.0
1790524467,2026/09/27 15:54:27.740,66.08,1976,79,0x0000000000000000,85.5
1790524477,2026/09/27 15:54:37.794,67.10,1976,78,0x0000000000000000,85.3
1790524487,2026/09/27 15:54:47.852,67.31,1976,78,0x0000000000000000,85.4
1790524497,2026/09/27 15:54:57.908,68.82,1976,79,0x0000000000000000,85.4
1790524507,2026/09/27 15:55:07.963,66.12,1976,79,0x0000000000000000,85.7
1790524518,2026/09/27 15:55:18.019,70.96,1976,79,0x0000000000000000,85.9
1790524528,2026/09/27 15:55:28.073,67.29,1976,79,0x0000000000000000,85.7
1790524538,2026/09/27 15:55:38.127,65.71,1976,79,0x0000000000000000,85.9
1790524548,2026/09/27 15:55:48.186,69.83,1976,79,0x0000000000000000,85.9
1790524558,2026/09/27 15:55:58.245,66.28,1976,77,0x0000000000000000,85.4
1790524568,2026/09/27 15:56:08.301,67.83,1976,79,0x0000000000000000,85.8
1790524578,2026/09/27 15:56:18.358,66.14,1976,77,0x0000000000000000,85.6
1790524588,2026/09/27 15:56:28.413,66.46,1976,79,0x0000000000000000,85.9
1790524598,2026/09/27 15:56:38.472,65.76,1976,79,0x0000000000000000,85.7
1790524608,2026/09/27 15:56:48.526,69.53,1976,79,0x0000000000000000,86.0
1790524618,2026/09/27 15:56:58.587,58.47,1976,71,0x0000000000000000,84.3
1790524628,2026/09/27 15:57:08.645,67.61,1976,79,0x0000000000000000,86.2
1790524638,2026/09/27 15:57:18.705,66.96,1976,78,0x0000000000000000,85.7
1790524648,2026/09/27 15:57:28.759,64.82,1976,78,0x0000000000000000,85.5
1790524658,2026/09/27 15:57:38.815,68.89,1976,79,0x0000000000000000,86.0
1790524668,2026/09/27 15:57:48.879,68.37,1976,79,0x0000000000000000,85.3
1790524678,2026/09/27 15:57:58.941,66.04,1976,79,0x0000000000000000,85.2
1790524689,2026/09/27 15:58:09.003,68.01,1976,79,0x0000000000000000,85.9
1790524699,2026/09/27 15:58:19.056,67.62,1976,79,0x0000000000000000,85.7
1790524709,2026/09/27 15:58:29.108,66.45,1976,79,0x0000000000000000,85.2
1790524719,2026/09/27 15:58:39.162,66.80,1976,78,0x0000000000000000,85.5
1790524729,2026/09/27 15:58:49.217,68.44,1976,78,0x0000000000000000,88.0
1790524739,2026/09/27 15:58:59.273,67.74,1976,79,0x0000000000000000,85.6
1790524749,2026/09/27 15:59:09.331,66.59,1976,78,0x0000000000000000,85.8
1790524759,2026/09/27 15:59:19.384,67.81,1976,79,0x0000000000000000,85.6
1790524769,2026/09/27 15:59:29.441,68.10,1976,79,0x0000000000000000,85.9
1790524779,2026/09/27 15:59:39.501,65.01,1976,77,0x0000000000000000,85.6
1790524789,2026/09/27 15:59:49.555,65.44,1976,78,0x0000000000000000,85.4
1790524799,2026/09/27 15:59:59.609,67.43,1976,79,0x0000000000000000,85.8
1790524809,2026/09/27 16:00:09.662,67.02,1976,78,0x0000000000000000,85.3
1790524819,2026/09/27 16:00:19.720,68.27,1976,79,0x0000000000000000,85.6
1790524829,2026/09/27 16:00:29.775,67.45,1976,79,0x0000000000000000,85.9
1790524839,2026/09/27 16:00:39.833,66.99,1976,79,0x0000000000000000,85.7
1790524849,2026/09/27 16:00:49.885,66.57,1976,78,0x0000000000000000,85.6
1790524859,2026/09/27 16:00:59.939,67.68,1976,79,0x0000000000000000,85.7
1790524870,2026/09/27 16:01:09.996,66.96,1976,78,0x0000000000000000,86.4
1790524880,2026/09/27 16:01:20.061,65.01,1976,79,0x0000000000000000,85.4
1790524890,2026/09/27 16:01:30.119,60.70,1976,74,0x0000000000000000,84.3
1790524900,2026/09/27 16:01:40.177,66.16,1976,79,0x0000000000000000,85.3
1790524910,2026/09/27 16:01:50.233,67.54,1976,79,0x0000000000000000,85.6
1790524920,2026/09/27 16:02:00.292,66.28,1976,77,0x0000000000000000,85.2
1790524930,2026/09/27 16:02:10.347,68.25,1976,78,0x0000000000000000,86.1
1790524940,2026/09/27 16:02:20.405,65.96,1976,79,0x0000000000000000,86.0
1790524950,2026/09/27 16:02:30.459,67.20,1976,78,0x0000000000000000,86.0
1790524960,2026/09/27 16:02:40.513,64.77,1976,78,0x0000000000000000,85.4
1790524970,2026/09/27 16:02:50.565,68.49,1976,79,0x0000000000000000,86.5
1790524980,2026/09/27 16:03:00.618,64.91,1976,78,0x0000000000000000,85.6
1790524990,2026/09/27 16:03:10.671,65.99,1976,79,0x0000000000000000,85.3
1790525000,2026/09/27 16:03:20.725,68.86,1976,79,0x0000000000000000,85.6
1790525010,2026/09/27 16:03:30.780,67.57,1976,79,0x0000000000000000,85.9
1790525020,2026/09/27 16:03:40.837,67.38,1976,78,0x0000000000000000,85.3
1790525030,2026/09/27 16:03:50.893,67.57,1976,78,0x0000000000000000,85.3
1790525040,2026/09/27 16:04:00.949,66.96,1976,78,0x0000000000000000,86.0
1790525051,2026/09/27 16:04:11.004,68.10,1976,78,0x0000000000000000,87.8
1790525061,2026/09/27 16:04:21.058,68.01,1976,79,0x0000000000000000,85.4
1790525071,2026/09/27 16:04:31.114,64.24,1976,78,0x0000000000000000,85.6
1790525081,2026/09/27 16:04:41.172,69.47,1976,79,0x0000000000000000,86.1
1790525091,2026/09/27 16:04:51.225,65.54,1976,79,0x0000000000000000,85.7
1790525101,2026/09/27 16:05:01.280,68.38,1976,78,0x0000000000000000,86.0
1790525111,2026/09/27 16:05:11.336,66.09,1976,78,0x0000000000000000,85.6
1790525121,2026/09/27 16:05:21.392,66.43,1976,78,0x0000000000000000,86.0
1790525131,2026/09/27 16:05:31.448,65.25,1976,77,0x0000000000000000,84.7
1790525141,2026/09/27 16:05:41.505,68.10,1976,79,0x0000000000000000,85.8
1790525151,2026/09/27 16:05:51.557,67.32,1976,77,0x0000000000000000,85.6
1790525161,2026/09/27 16:06:01.612,68.17,1976,78,0x0000000000000000,85.3
1790525171,2026/09/27 16:06:11.667,67.68,1976,79,0x0000000000000000,86.0
1790525181,2026/09/27 16:06:21.724,66.97,1976,79,0x0000000000000000,85.8
1790525191,2026/09/27 16:06:31.783,66.59,1976,79,0x0000000000000000,85.6
1790525201,2026/09/27 16:06:41.844,68.02,1976,78,0x0000000000000000,85.6
1790525211,2026/09/27 16:06:51.899,61.85,1976,78,0x0000000000000000,84.9
1790525221,2026/09/27 16:07:01.955,66.96,1976,78,0x0000000000000000,85.8
1790525232,2026/09/27 16:07:12.012,67.74,1976,77,0x0000000000000000,83.6
1790525242,2026/09/27 16:07:22.071,64.79,1976,78,0x0000000000000000,85.5
1790525252,2026/09/27 16:07:32.129,64.89,1976,77,0x0000000000000000,85.8
1790525262,2026/09/27 16:07:42.183,66.11,1976,78,0x0000000000000000,85.3
1790525272,2026/09/27 16:07:52.241,66.40,1976,78,0x0000000000000000,85.4
1790525282,2026/09/27 16:08:02.296,68.04,1976,79,0x0000000000000000,85.9
1790525292,2026/09/27 16:08:12.353,66.70,1976,78,0x0000000000000000,85.7
1790525302,2026/09/27 16:08:22.410,68.04,1976,78,0x0000000000000000,86.0
1790525312,2026/09/27 16:08:32.474,69.05,1976,79,0x0000000000000000,86.4
1790525322,2026/09/27 16:08:42.536,66.46,1976,77,0x0000000000000000,85.9
1790525332,2026/09/27 16:08:52.589,67.32,1976,78,0x0000000000000000,86.6
1790525342,2026/09/27 16:09:02.643,67.32,1976,79,0x0000000000000000,86.7
1790525352,2026/09/27 16:09:12.696,65.44,1976,79,0x0000000000000000,85.9
1790525362,2026/09/27 16:09:22.750,68.09,1976,79,0x0000000000000000,86.2
1790525372,2026/09/27 16:09:32.802,68.13,1976,79,0x0000000000000000,86.0
1790525382,2026/09/27 16:09:42.859,67.85,1976,79,0x0000000000000000,86.1
1790525392,2026/09/27 16:09:52.915,68.30,1976,79,0x0000000000000000,86.3
1790525402,2026/09/27 16:10:02.969,67.94,1976,78,0x0000000000000000,86.0
1790525413,2026/09/27 16:10:13.027,68.22,1976,79,0x0000000000000000,86.2
1790525423,2026/09/27 16:10:23.085,65.69,1976,78,0x0000000000000000,85.2
1790525433,2026/09/27 16:10:33.138,70.86,1976,80,0x0000000000000000,86.4
1790525443,2026/09/27 16:10:43.194,67.67,1976,79,0x0000000000000000,86.1
1790525453,2026/09/27 16:10:53.249,69.95,1976,80,0x0000000000000000,88.1
1790525463,2026/09/27 16:11:03.302,66.93,1976,79,0x0000000000000000,86.4
1790525473,2026/09/27 16:11:13.355,67.47,1976,78,0x0000000000000000,86.1
1790525483,2026/09/27 16:11:23.410,69.21,1976,80,0x0000000000000000,86.4
1790525493,2026/09/27 16:11:33.462,66.49,1976,79,0x0000000000000000,85.8
1790525503,2026/09/27 16:11:43.520,64.37,1976,77,0x0000000000000000,85.1
1790525513,2026/09/27 16:11:53.570,66.78,1976,78,0x0000000000000000,86.0
1790525523,2026/09/27 16:12:03.624,69.05,1976,79,0x0000000000000000,86.5
1790525533,2026/09/27 16:12:13.680,67.83,1976,79,0x0000000000000000,86.2
1790525543,2026/09/27 16:12:23.733,68.20,1976,79,0x0000000000000000,86.7
1790525553,2026/09/27 16:12:33.789,62.58,1976,78,0x0000000000000000,85.2
1790525563,2026/09/27 16:12:43.845,64.42,1976,78,0x0000000000000000,85.6
1790525573,2026/09/27 16:12:53.900,68.10,1976,77,0x0000000000000000,85.6
1790525583,2026/09/27 16:13:03.957,67.03,1976,79,0x0000000000000000,85.9
1790525594,2026/09/27 16:13:14.012,64.69,1976,78,0x0000000000000000,85.8
1790525604,2026/09/27 16:13:24.064,68.60,1976,78,0x0000000000000000,86.1
1790525614,2026/09/27 16:13:34.119,68.21,1976,78,0x0000000000000000,86.5
1790525624,2026/09/27 16:13:44.188,68.69,1976,79,0x0000000000000000,84.4
1790525634,2026/09/27 16:13:54.248,69.15,1976,78,0x0000000000000000,86.8
1790525644,2026/09/27 16:14:04.302,65.20,1976,77,0x0000000000000000,85.7
1790525654,2026/09/27 16:14:14.360,68.46,1976,79,0x0000000000000000,86.4
1790525664,2026/09/27 16:14:24.417,66.18,1976,79,0x0000000000000000,86.4
1790525674,2026/09/27 16:14:34.475,67.34,1976,78,0x0000000000000000,86.2
1790525684,2026/09/27 16:14:44.530,69.94,1976,79,0x0000000000000000,86.3
1790525694,2026/09/27 16:14:54.587,66.07,1976,77,0x0000000000000000,85.8
1790525704,2026/09/27 16:15:04.644,68.04,1976,78,0x0000000000000000,86.1
1790525714,2026/09/27 16:15:14.697,65.75,1976,79,0x0000000000000000,86.0
1790525724,2026/09/27 16:15:24.753,67.41,1976,78,0x0000000000000000,85.7
1790525734,2026/09/27 16:15:34.811,67.30,1976,79,0x0000000000000000,86.1
1790525744,2026/09/27 16:15:44.861,71.46,1976,79,0x0000000000000000,87.3
1790525754,2026/09/27 16:15:54.916,64.57,1976,79,0x0000000000000000,85.7
1790525764,2026/09/27 16:16:04.970,66.62,1976,78,0x0000000000000000,85.8
1790525775,2026/09/27 16:16:15.025,66.83,1976,77,0x0000000000000000,85.3
1790525785,2026/09/27 16:16:25.081,67.69,1976,78,0x0000000000000000,86.4
1790525795,2026/09/27 16:16:35.138,67.11,1976,79,0x0000000000000000,85.8
1790525805,2026/09/27 16:16:45.194,60.73,1976,77,0x0000000000000000,84.8
1790525815,2026/09/27 16:16:55.252,67.44,1976,78,0x0000000000000000,85.4
1790525825,2026/09/27 16:17:05.308,70.04,1976,79,0x0000000000000000,86.5
1790525835,2026/09/27 16:17:15.365,64.83,1976,78,0x0000000000000000,85.5
1790525845,2026/09/27 16:17:25.421,67.79,1976,78,0x0000000000000000,85.9
1790525855,2026/09/27 16:17:35.473,69.54,1976,79,0x0000000000000000,86.1
1790525865,2026/09/27 16:17:45.529,64.61,1976,78,0x0000000000000000,85.6
1790525875,2026/09/27 16:17:55.585,65.40,1976,77,0x0000000000000000,85.2
1790525885,2026/09/27 16:18:05.641,69.82,1976,79,0x0000000000000000,85.9
1790525895,2026/09/27 16:18:15.692,66.42,1976,78,0x0000000000000000,86.0
1790525905,2026/09/27 16:18:25.748,68.34,1976,78,0x0000000000000000,85.6
1790525915,2026/09/27 16:18:35.802,67.24,1976,78,0x0000000000000000,85.5
1790525925,2026/09/27 16:18:45.860,67.69,1976,78,0x0000000000000000,86.0
1790525935,2026/09/27 16:18:55.918,65.18,1976,77,0x0000000000000000,85.3
1790525945,2026/09/27 16:19:05.970,68.21,1976,79,0x0000000000000000,86.2
1790525956,2026/09/27 16:19:16.029,65.41,1976,78,0x0000000000000000,85.5
1790525966,2026/09/27 16:19:26.084,65.03,1976,78,0x0000000000000000,85.6
1790525976,2026/09/27 16:19:36.141,70.00,1976,79,0x0000000000000000,86.2
1790525986,2026/09/27 16:19:46.201,65.41,1976,79,0x0000000000000000,85.7
1790525996,2026/09/27 16:19:56.253,68.14,1976,78,0x0000000000000000,86.8
1790526006,2026/09/27 16:20:06.308,66.36,1976,77,0x0000000000000000,85.6
1790526016,2026/09/27 16:20:16.369,68.13,1976,78,0x0000000000000000,86.1
1790526026,2026/09/27 16:20:26.423,69.74,1976,79,0x0000000000000000,86.6
1790526036,2026/09/27 16:20:36.477,66.01,1976,79,0x0000000000000000,86.1
1790526046,2026/09/27 16:20:46.532,65.54,1976,79,0x0000000000000000,86.4
1790526056,2026/09/27 16:20:56.587,68.45,1976,79,0x0000000000000000,87.1
1790526066,2026/09/27 16:21:06.644,65.92,1976,77,0x0000000000000000,86.1
1790526076,2026/09/27 16:21:16.701,66.47,1976,79,0x0000000000000000,86.4
1790526086,2026/09/27 16:21:26.760,70.20,1976,80,0x0000000000000000,86.6
1790526096,2026/09/27 16:21:36.814,68.74,1976,79,0x0000000000000000,86.8
1790526106,2026/09/27 16:21:46.868,67.26,1976,78,0x0000000000000000,86.2
1790526116,2026/09/27 16:21:56.925,67.37,1976,79,0x0000000000000000,86.3
1790526126,2026/09/27 16:22:06.982,67.42,1976,79,0x0000000000000000,85.9
1790526137,2026/09/27 16:22:17.035,67.56,1976,78,0x0000000000000000,86.3
1790526147,2026/09/27 16:22:27.088,67.73,1976,78,0x0000000000000000,86.2
1790526157,2026/09/27 16:22:37.143,68.30,1976,78,0x0000000000000000,88.0
1790526167,2026/09/27 16:22:47.194,67.86,1976,78,0x0000000000000000,86.3
1790526177,2026/09/27 16:22:57.247,66.36,1976,78,0x0000000000000000,86.4
1790526187,2026/09/27 16:23:07.303,69.37,1976,79,0x0000000000000000,85.8
1790526197,2026/09/27 16:23:17.353,66.71,1976,78,0x0000000000000000,86.0
1790526207,2026/09/27 16:23:27.411,68.27,1976,79,0x0000000000000000,86.5
1790526217,2026/09/27 16:23:37.469,67.37,1976,79,0x0000000000000000,86.5
1790526227,2026/09/27 16:23:47.521,66.98,1976,79,0x0000000000000000,86.0
1790526237,2026/09/27 16:23:57.577,68.30,1976,78,0x0000000000000000,86.6
1790526247,2026/09/27 16:24:07.629,60.18,1976,79,0x0000000000000000,85.3
1790526257,2026/09/27 16:24:17.683,66.01,1976,77,0x0000000000000000,85.9
1790526267,2026/09/27 16:24:27.736,65.69,1976,76,0x0000000000000000,85.6
1790526277,2026/09/27 16:24:37.789,69.50,1976,79,0x0000000000000000,85.8
1790526287,2026/09/27 16:24:47.847,67.48,1976,78,0x0000000000000000,86.1
1790526297,2026/09/27 16:24:57.905,66.53,1976,78,0x0000000000000000,85.8
1790526307,2026/09/27 16:25:07.966,67.87,1976,77,0x0000000000000000,85.9
1790526318,2026/09/27 16:25:18.022,68.41,1976,79,0x0000000000000000,86.2
1790526328,2026/09/27 16:25:28.073,66.18,1976,78,0x0000000000000000,85.9
1790526338,2026/09/27 16:25:38.129,67.90,1976,77,0x0000000000000000,86.3
1790526348,2026/09/27 16:25:48.182,67.87,1976,78,0x0000000000000000,86.2
1790526358,2026/09/27 16:25:58.236,65.04,1976,78,0x0000000000000000,86.1
1790526368,2026/09/27 16:26:08.302,67.36,1976,77,0x0000000000000000,85.8
1790526378,2026/09/27 16:26:18.356,67.87,1976,78,0x0000000000000000,86.5
1790526388,2026/09/27 16:26:28.415,61.41,1976,78,0x0000000000000000,85.6
1790526398,2026/09/27 16:26:38.471,66.33,1976,78,0x0000000000000000,86.0
1790526408,2026/09/27 16:26:48.524,67.26,1976,78,0x0000000000000000,86.1
1790526418,2026/09/27 16:26:58.578,69.46,1976,79,0x0000000000000000,86.6
1790526428,2026/09/27 16:27:08.637,65.95,1976,79,0x0000000000000000,86.5
1790526438,2026/09/27 16:27:18.691,68.00,1976,78,0x0000000000000000,86.1
1790526448,2026/09/27 16:27:28.744,69.40,1976,79,0x0000000000000000,86.4
1790526458,2026/09/27 16:27:38.793,66.71,1976,77,0x0000000000000000,85.9
1790526468,2026/09/27 16:27:48.852,67.57,1976,79,0x0000000000000000,87.3
1790526478,2026/09/27 16:27:58.909,68.79,1976,79,0x0000000000000000,86.5
1790526488,2026/09/27 16:28:08.970,63.80,1976,78,0x0000000000000000,85.8
1790526499,2026/09/27 16:28:19.029,68.40,1976,79,0x0000000000000000,86.8
1790526509,2026/09/27 16:28:29.086,69.03,1976,79,0x0000000000000000,86.5
1790526519,2026/09/27 16:28:39.146,67.64,1976,79,0x0000000000000000,86.7
1790526529,2026/09/27 16:28:49.204,65.25,1976,77,0x0000000000000000,86.3
1790526539,2026/09/27 16:28:59.257,67.25,1976,78,0x0000000000000000,86.5
1790526549,2026/09/27 16:29:09.313,67.79,1976,79,0x0000000000000000,86.4
1790526559,2026/09/27 16:29:19.370,69.68,1976,79,0x0000000000000000,87.1
1790526569,2026/09/27 16:29:29.424,67.30,1976,79,0x0000000000000000,86.6
1790526579,2026/09/27 16:29:39.482,64.87,1976,78,0x0000000000000000,85.8
1790526589,2026/09/27 16:29:49.538,67.52,1976,79,0x0000000000000000,86.3
1790526599,2026/09/27 16:29:59.595,68.71,1976,79,0x0000000000000000,86.6
1790526609,2026/09/27 16:30:09.656,67.77,1976,79,0x0000000000000000,86.0
1790526619,2026/09/27 16:30:19.714,69.11,1976,79,0x0000000000000000,86.3
1790526629,2026/09/27 16:30:29.768,65.61,1976,77,0x0000000000000000,86.0
1790526639,2026/09/27 16:30:39.826,68.15,1976,78,0x0000000000000000,86.5
1790526649,2026/09/27 16:30:49.884,67.75,1976,78,0x0000000000000000,86.1
1790526659,2026/09/27 16:30:59.942,67.31,1976,78,0x0000000000000000,86.2
1790526670,2026/09/27 16:31:09.993,64.28,1976,78,0x0000000000000000,85.8
1790526680,2026/09/27 16:31:20.050,67.66,1976,79,0x0000000000000000,86.3
1790526690,2026/09/27 16:31:30.108,68.52,1976,78,0x0000000000000000,86.2
1790526700,2026/09/27 16:31:40.162,68.51,1976,79,0x0000000000000000,86.2
1790526710,2026/09/27 16:31:50.216,67.45,1976,79,0x0000000000000000,86.0
1790526720,2026/09/27 16:32:00.274,67.19,1976,79,0x0000000000000000,85.9
1790526730,2026/09/27 16:32:10.344,64.93,1976,78,0x0000000000000000,86.4
1790526740,2026/09/27 16:32:20.405,58.87,1976,78,0x0000000000000000,85.0
1790526750,2026/09/27 16:32:30.460,68.11,1976,78,0x0000000000000000,86.2
1790526760,2026/09/27 16:32:40.516,68.00,1976,79,0x0000000000000000,86.6
1790526770,2026/09/27 16:32:50.568,65.47,1976,78,0x0000000000000000,86.1
1790526780,2026/09/27 16:33:00.624,67.88,1976,78,0x0000000000000000,86.0
1790526790,2026/09/27 16:33:10.680,65.85,1976,79,0x0000000000000000,86.2
1790526800,2026/09/27 16:33:20.734,65.98,1976,78,0x0000000000000000,86.5
1790526810,2026/09/27 16:33:30.785,67.80,1976,78,0x0000000000000000,86.4
1790526820,2026/09/27 16:33:40.842,69.80,1976,79,0x0000000000000000,86.6
1790526830,2026/09/27 16:33:50.893,63.88,1976,78,0x0000000000000000,85.8
1790526840,2026/09/27 16:34:00.947,68.17,1976,78,0x0000000000000000,87.2
1790526851,2026/09/27 16:34:11.001,67.64,1976,78,0x0000000000000000,86.2
1790526861,2026/09/27 16:34:21.055,67.28,1976,78,0x0000000000000000,86.4
1790526871,2026/09/27 16:34:31.122,67.56,1976,79,0x0000000000000000,86.5
1790526881,2026/09/27 16:34:41.175,67.66,1976,77,0x0000000000000000,85.9
1790526891,2026/09/27 16:34:51.228,67.85,1976,79,0x0000000000000000,86.0
1790526901,2026/09/27 16:35:01.288,68.43,1976,78,0x0000000000000000,87.6
1790526911,2026/09/27 16:35:11.346,70.18,1976,79,0x0000000000000000,86.2
1790526921,2026/09/27 16:35:21.401,65.04,1976,78,0x0000000000000000,86.5
1790526931,2026/09/27 16:35:31.455,68.51,1976,79,0x0000000000000000,86.6
1790526941,2026/09/27 16:35:41.505,66.15,1976,78,0x0000000000000000,86.1
1790526951,2026/09/27 16:35:51.562,65.51,1976,77,0x0000000000000000,85.7
1790526961,2026/09/27 16:36:01.619,68.72,1976,79,0x0000000000000000,86.3
1790526971,2026/09/27 16:36:11.672,66.47,1976,76,0x0000000000000000,86.1
1790526981,2026/09/27 16:36:21.728,67.90,1976,78,0x0000000000000000,86.1
1790526991,2026/09/27 16:36:31.783,69.53,1976,79,0x0000000000000000,86.7
1790527001,2026/09/27 16:36:41.841,61.33,1976,77,0x0000000000000000,85.5
1790527011,2026/09/27 16:36:51.897,65.21,1976,77,0x0000000000000000,86.0
1790527021,2026/09/27 16:37:01.955,68.59,1976,78,0x0000000000000000,86.3
1790527032,2026/09/27 16:37:12.012,67.02,1976,79,0x0000000000000000,86.5
1790527042,2026/09/27 16:37:22.065,66.61,1976,78,0x0000000000000000,86.2
1790527052,2026/09/27 16:37:32.121,67.81,1976,78,0x0000000000000000,86.4
1790527062,2026/09/27 16:37:42.176,65.76,1976,78,0x0000000000000000,86.0
1790527072,2026/09/27 16:37:52.230,68.26,1976,78,0x0000000000000000,86.5
1790527082,2026/09/27 16:38:02.283,67.82,1976,78,0x0000000000000000,86.1
1790527092,2026/09/27 16:38:12.336,68.01,1976,79,0x0000000000000000,85.9
1790527102,2026/09/27 16:38:22.397,67.08,1976,78,0x0000000000000000,86.6
1790527112,2026/09/27 16:38:32.451,67.99,1976,78,0x0000000000000000,86.2
1790527122,2026/09/27 16:38:42.505,68.00,1976,78,0x0000000000000000,86.2
1790527132,2026/09/27 16:38:52.562,68.25,1976,78,0x0000000000000000,86.3
1790527142,2026/09/27 16:39:02.614,67.09,1976,78,0x0000000000000000,86.1
1790527152,2026/09/27 16:39:12.668,68.32,1976,79,0x0000000000000000,86.4
1790527162,2026/09/27 16:39:22.722,68.07,1976,79,0x0000000000000000,86.3
1790527172,2026/09/27 16:39:32.775,66.19,1976,78,0x0000000000000000,86.8
1790527182,2026/09/27 16:39:42.827,67.87,1976,78,0x0000000000000000,86.4
1790527192,2026/09/27 16:39:52.885,68.99,1976,78,0x0000000000000000,86.5
1790527202,2026/09/27 16:40:02.943,65.63,1976,78,0x0000000000000000,86.2
1790527213,2026/09/27 16:40:12.997,67.49,1976,78,0x0000000000000000,86.5
1790527223,2026/09/27 16:40:23.052,68.54,1976,79,0x0000000000000000,86.9
1790527233,2026/09/27 16:40:33.109,67.72,1976,79,0x0000000000000000,86.4
1790527243,2026/09/27 16:40:43.160,66.73,1976,78,0x0000000000000000,86.5
1790527253,2026/09/27 16:40:53.211,67.43,1976,77,0x0000000000000000,86.0
1790527263,2026/09/27 16:41:03.264,67.37,1976,79,0x0000000000000000,86.6
1790527273,2026/09/27 16:41:13.318,67.92,1976,78,0x0000000000000000,86.1
1790527283,2026/09/27 16:41:23.374,67.92,1976,77,0x0000000000000000,86.2
1790527293,2026/09/27 16:41:33.431,64.52,1976,78,0x0000000000000000,86.3
1790527303,2026/09/27 16:41:43.485,64.71,1976,79,0x0000000000000000,86.3
1790527313,2026/09/27 16:41:53.543,64.52,1976,78,0x0000000000000000,85.9
1790527323,2026/09/27 16:42:03.600,65.14,1976,77,0x0000000000000000,86.0
1790527333,2026/09/27 16:42:13.660,67.34,1976,77,0x0000000000000000,85.9
1790527343,2026/09/27 16:42:23.714,66.15,1976,79,0x0000000000000000,86.4
1790527353,2026/09/27 16:42:33.768,67.84,1976,78,0x0000000000000000,86.6
1790527363,2026/09/27 16:42:43.824,69.88,1976,79,0x0000000000000000,86.7
1790527373,2026/09/27 16:42:53.882,66.56,1976,79,0x0000000000000000,86.5
1790527383,2026/09/27 16:43:03.936,68.02,1976,78,0x0000000000000000,86.8
1790527394,2026/09/27 16:43:13.990,66.73,1976,78,0x0000000000000000,86.4
1790527404,2026/09/27 16:43:24.050,65.23,1976,77,0x0000000000000000,86.0
1790527414,2026/09/27 16:43:34.102,65.15,1976,78,0x0000000000000000,86.0
1790527424,2026/09/27 16:43:44.154,68.09,1976,77,0x0000000000000000,86.2
1790527434,2026/09/27 16:43:54.213,67.96,1976,78,0x0000000000000000,86.0
1790527444,2026/09/27 16:44:04.269,65.31,1976,78,0x0000000000000000,86.4
1790527454,2026/09/27 16:44:14.326,67.55,1976,77,0x0000000000000000,85.9
1790527464,2026/09/27 16:44:24.379,67.74,1976,78,0x0000000000000000,86.3
1790527474,2026/09/27 16:44:34.442,66.92,1976,78,0x0000000000000000,86.7
1790527484,2026/09/27 16:44:44.505,67.81,1976,77,0x0000000000000000,86.1
1790527494,2026/09/27 16:44:54.558,67.51,1976,78,0x0000000000000000,86.0
1790527504,2026/09/27 16:45:04.615,69.89,1976,78,0x0000000000000000,86.9
1790527514,2026/09/27 16:45:14.668,69.06,1976,78,0x0000000000000000,86.6
1790527524,2026/09/27 16:45:24.730,68.41,1976,78,0x0000000000000000,86.9
1790527534,2026/09/27 16:45:34.785,66.18,1976,79,0x0000000000000000,86.5
1790527544,2026/09/27 16:45:44.846,67.14,1976,77,0x0000000000000000,86.5
1790527554,2026/09/27 16:45:54.902,64.85,1976,76,0x0000000000000000,85.9
1790527564,2026/09/27 16:46:04.959,70.04,1976,78,0x0000000000000000,86.8
1790527575,2026/09/27 16:46:15.015,65.24,1976,77,0x0000000000000000,86.0
1790527585,2026/09/27 16:46:25.077,68.23,1976,78,0x0000000000000000,86.8
1790527595,2026/09/27 16:46:35.136,70.35,1976,78,0x0000000000000000,87.2
1790527605,2026/09/27 16:46:45.193,68.00,1976,78,0x0000000000000000,86.6
1790527615,2026/09/27 16:46:55.249,64.42,1976,78,0x0000000000000000,86.4
1790527625,2026/09/27 16:47:05.304,70.06,1976,78,0x0000000000000000,86.9
1790527635,2026/09/27 16:47:15.359,66.99,1976,78,0x0000000000000000,86.2
1790527645,2026/09/27 16:47:25.412,67.35,1976,78,0x0000000000000000,86.8
1790527655,2026/09/27 16:47:35.467,70.61,1976,79,0x0000000000000000,86.1
1790527665,2026/09/27 16:47:45.521,65.55,1976,77,0x0000000000000000,85.6
1790527675,2026/09/27 16:47:55.576,70.09,1976,79,0x0000000000000000,86.5
1790527685,2026/09/27 16:48:05.633,65.34,1976,78,0x0000000000000000,86.3
1790527695,2026/09/27 16:48:15.691,68.58,1976,79,0x0000000000000000,86.7
1790527705,2026/09/27 16:48:25.743,68.25,1976,78,0x0000000000000000,86.7
1790527715,2026/09/27 16:48:35.797,65.70,1976,78,0x0000000000000000,86.3
1790527725,2026/09/27 16:48:45.855,66.85,1976,78,0x0000000000000000,85.9
1790527735,2026/09/27 16:48:55.924,62.33,1976,79,0x0000000000000000,85.7
1790527745,2026/09/27 16:49:05.978,66.04,1976,78,0x0000000000000000,86.3
1790527756,2026/09/27 16:49:16.034,66.66,1976,78,0x0000000000000000,86.0
1790527766,2026/09/27 16:49:26.093,67.86,1976,77,0x0000000000000000,86.3
1790527776,2026/09/27 16:49:36.148,67.58,1976,78,0x0000000000000000,86.3
1790527786,2026/09/27 16:49:46.201,64.67,1976,78,0x0000000000000000,86.1
1790527796,2026/09/27 16:49:56.259,67.94,1976,78,0x0000000000000000,86.2
1790527806,2026/09/27 16:50:06.319,65.61,1976,78,0x0000000000000000,86.2
1790527816,2026/09/27 16:50:16.373,64.82,1976,78,0x0000000000000000,86.1
1790527826,2026/09/27 16:50:26.426,67.62,1976,78,0x0000000000000000,86.6
1790527836,2026/09/27 16:50:36.482,68.17,1976,78,0x0000000000000000,86.6
1790527846,2026/09/27 16:50:46.540,64.63,1976,77,0x0000000000000000,86.3
1790527856,2026/09/27 16:50:56.594,68.81,1976,78,0x0000000000000000,86.6
1790527866,2026/09/27 16:51:06.651,65.61,1976,78,0x0000000000000000,86.0
1790527876,2026/09/27 16:51:16.705,59.79,1976,77,0x0000000000000000,85.2
1790527886,2026/09/27 16:51:26.761,68.35,1976,78,0x0000000000000000,86.8
1790527896,2026/09/27 16:51:36.816,67.54,1976,78,0x0000000000000000,87.0
1790527906,2026/09/27 16:51:46.873,65.10,1976,77,0x0000000000000000,86.2
1790527916,2026/09/27 16:51:56.927,68.17,1976,78,0x0000000000000000,86.8
1790527926,2026/09/27 16:52:06.982,64.41,1976,78,0x0000000000000000,86.6
1790527937,2026/09/27 16:52:17.038,67.83,1976,78,0x0000000000000000,86.5
1790527947,2026/09/27 16:52:27.086,65.82,1976,78,0x0000000000000000,86.8
1790527957,2026/09/27 16:52:37.144,69.59,1976,79,0x0000000000000000,87.3
1790527967,2026/09/27 16:52:47.198,65.56,1976,78,0x0000000000000000,86.5
1790527977,2026/09/27 16:52:57.256,68.04,1976,79,0x0000000000000000,86.7
1790527987,2026/09/27 16:53:07.312,69.52,1976,79,0x0000000000000000,87.2
1790527997,2026/09/27 16:53:17.359,65.83,1976,78,0x0000000000000000,86.5
1790528007,2026/09/27 16:53:27.411,65.10,1976,78,0x0000000000000000,86.1
1790528017,2026/09/27 16:53:37.464,65.91,1976,79,0x0000000000000000,86.6
1790528027,2026/09/27 16:53:47.525,65.75,1976,78,0x0000000000000000,86.5
1790528037,2026/09/27 16:53:57.578,67.76,1976,78,0x0000000000000000,86.8
1790528047,2026/09/27 16:54:07.630,67.32,1976,77,0x0000000000000000,86.2
1790528057,2026/09/27 16:54:17.684,65.86,1976,78,0x0000000000000000,86.2
1790528067,2026/09/27 16:54:27.732,68.18,1976,78,0x0000000000000000,87.1
1790528077,2026/09/27 16:54:37.784,69.30,1976,78,0x0000000000000000,86.5
1790528087,2026/09/27 16:54:47.839,68.09,1976,79,0x0000000000000000,86.8
1790528097,2026/09/27 16:54:57.900,65.28,1976,77,0x0000000000000000,86.2
1790528107,2026/09/27 16:55:07.951,70.20,1976,79,0x0000000000000000,86.7
1790528118,2026/09/27 16:55:18.011,67.53,1976,78,0x0000000000000000,86.6
1790528128,2026/09/27 16:55:28.067,67.71,1976,79,0x0000000000000000,86.9
1790528138,2026/09/27 16:55:38.127,65.68,1976,78,0x0000000000000000,86.6
1790528148,2026/09/27 16:55:48.187,67.49,1976,79,0x0000000000000000,86.6
1790528158,2026/09/27 16:55:58.249,68.78,1976,79,0x0000000000000000,86.9
1790528168,2026/09/27 16:56:08.307,60.24,1976,75,0x0000000000000000,83.9
1790528178,2026/09/27 16:56:18.361,68.02,1976,78,0x0000000000000000,87.0
1790528188,2026/09/27 16:56:28.420,68.88,1976,79,0x0000000000000000,87.0
1790528198,2026/09/27 16:56:38.478,65.82,1976,78,0x0000000000000000,86.8
1790528208,2026/09/27 16:56:48.531,67.88,1976,78,0x0000000000000000,86.7
1790528218,2026/09/27 16:56:58.587,69.67,1976,79,0x0000000000000000,86.4
1790528228,2026/09/27 16:57:08.640,59.10,1976,78,0x0000000000000000,86.3
1790528238,2026/09/27 16:57:18.701,67.40,1976,78,0x0000000000000000,86.8
1790528248,2026/09/27 16:57:28.755,67.83,1976,78,0x0000000000000000,86.7
1790528258,2026/09/27 16:57:38.817,67.67,1976,79,0x0000000000000000,86.7
1790528268,2026/09/27 16:57:48.876,66.98,1976,78,0x0000000000000000,86.5
1790528278,2026/09/27 16:57:58.930,67.31,1976,77,0x0000000000000000,86.2
1790528288,2026/09/27 16:58:08.983,67.38,1976,78,0x0000000000000000,86.3
1790528299,2026/09/27 16:58:19.041,64.54,1976,78,0x0000000000000000,86.6
1790528309,2026/09/27 16:58:29.096,68.33,1976,78,0x0000000000000000,86.2
1790528319,2026/09/27 16:58:39.158,68.16,1976,78,0x0000000000000000,86.9
1790528329,2026/09/27 16:58:49.213,67.10,1976,77,0x0000000000000000,86.6
1790528339,2026/09/27 16:58:59.266,65.90,1976,77,0x0000000000000000,86.2
1790528349,2026/09/27 16:59:09.320,65.95,1976,78,0x0000000000000000,86.7
1790528359,2026/09/27 16:59:19.383,67.65,1976,79,0x0000000000000000,86.7
1790528369,2026/09/27 16:59:29.440,66.96,1976,79,0x0000000000000000,87.0
1790528379,2026/09/27 16:59:39.494,65.28,1976,78,0x0000000000000000,86.3
1790528389,2026/09/27 16:59:49.545,69.89,1976,79,0x0000000000000000,87.0
1790528399,2026/09/27 16:59:59.599,65.63,1976,78,0x0000000000000000,86.6
1790528409,2026/09/27 17:00:09.654,67.44,1976,78,0x0000000000000000,86.9
1790528419,2026/09/27 17:00:19.709,67.98,1976,78,0x0000000000000000,86.7
1790528429,2026/09/27 17:00:29.769,66.96,1976,78,0x0000000000000000,86.6
1790528439,2026/09/27 17:00:39.829,68.37,1976,79,0x0000000000000000,86.8
1790528449,2026/09/27 17:00:49.889,67.62,1976,77,0x0000000000000000,86.5
1790528459,2026/09/27 17:00:59.946,68.21,1976,78,0x0000000000000000,87.0
1790528470,2026/09/27 17:01:10.000,65.27,1976,77,0x0000000000000000,86.3
1790528480,2026/09/27 17:01:20.055,67.97,1976,78,0x0000000000000000,87.1
1790528490,2026/09/27 17:01:30.109,65.07,1976,76,0x0000000000000000,86.3
1790528500,2026/09/27 17:01:40.160,67.89,1976,78,0x0000000000000000,87.1
1790528510,2026/09/27 17:01:50.216,69.28,1976,78,0x0000000000000000,87.3
1790528520,2026/09/27 17:02:00.274,67.03,1976,78,0x0000000000000000,86.8
1790528530,2026/09/27 17:02:10.331,59.33,1976,79,0x0000000000000000,85.5
1790528540,2026/09/27 17:02:20.382,65.53,1976,78,0x0000000000000000,86.6
1790528550,2026/09/27 17:02:30.439,64.86,1976,79,0x0000000000000000,86.6
1790528560,2026/09/27 17:02:40.498,66.58,1976,77,0x0000000000000000,86.6
1790528570,2026/09/27 17:02:50.552,68.28,1976,78,0x0000000000000000,86.9
1790528580,2026/09/27 17:03:00.606,66.70,1976,78,0x0000000000000000,86.5
1790528590,2026/09/27 17:03:10.664,66.96,1976,78,0x0000000000000000,86.9
1790528600,2026/09/27 17:03:20.720,68.08,1976,78,0x0000000000000000,86.8
1790528610,2026/09/27 17:03:30.774,67.60,1976,79,0x0000000000000000,86.8
1790528620,2026/09/27 17:03:40.829,67.24,1976,78,0x0000000000000000,87.0
1790528630,2026/09/27 17:03:50.883,64.23,1976,78,0x0000000000000000,86.3
1790528640,2026/09/27 17:04:00.936,68.11,1976,79,0x0000000000000000,86.9
1790528651,2026/09/27 17:04:10.993,67.10,1976,78,0x0000000000000000,86.9
1790528661,2026/09/27 17:04:21.046,67.51,1976,77,0x0000000000000000,86.5
1790528671,2026/09/27 17:04:31.101,66.31,1976,78,0x0000000000000000,86.9
1790528681,2026/09/27 17:04:41.155,67.41,1976,76,0x0000000000000000,86.4
1790528691,2026/09/27 17:04:51.210,67.81,1976,78,0x0000000000000000,86.8
1790528701,2026/09/27 17:05:01.268,69.50,1976,79,0x0000000000000000,86.9
1790528711,2026/09/27 17:05:11.325,68.51,1976,79,0x0000000000000000,86.6
1790528721,2026/09/27 17:05:21.380,68.46,1976,78,0x0000000000000000,87.0
1790528731,2026/09/27 17:05:31.444,69.95,1976,79,0x0000000000000000,87.2
1790528741,2026/09/27 17:05:41.499,66.22,1976,78,0x0000000000000000,86.6
1790528751,2026/09/27 17:05:51.554,67.80,1976,79,0x0000000000000000,86.4
1790528761,2026/09/27 17:06:01.611,66.58,1976,79,0x0000000000000000,86.6
1790528771,2026/09/27 17:06:11.666,65.42,1976,78,0x0000000000000000,86.7
1790528781,2026/09/27 17:06:21.719,68.09,1976,78,0x0000000000000000,86.9
1790528791,2026/09/27 17:06:31.773,67.66,1976,78,0x0000000000000000,87.0
1790528801,2026/09/27 17:06:41.830,67.25,1976,78,0x0000000000000000,86.8
1790528811,2026/09/27 17:06:51.883,67.85,1976,79,0x0000000000000000,86.6
1790528821,2026/09/27 17:07:01.939,67.41,1976,77,0x0000000000000000,86.3
1790528832,2026/09/27 17:07:11.994,68.00,1976,79,0x0000000000000000,86.7
1790528842,2026/09/27 17:07:22.053,68.66,1976,79,0x0000000000000000,86.9
1790528852,2026/09/27 17:07:32.104,67.01,1976,78,0x0000000000000000,86.7
1790528862,2026/09/27 17:07:42.157,67.89,1976,78,0x0000000000000000,86.6
1790528872,2026/09/27 17:07:52.210,68.61,1976,79,0x0000000000000000,86.9
1790528882,2026/09/27 17:08:02.268,65.73,1976,79,0x0000000000000000,86.3
1790528892,2026/09/27 17:08:12.328,67.17,1976,78,0x0000000000000000,86.7
1790528902,2026/09/27 17:08:22.383,68.62,1976,79,0x0000000000000000,87.0
1790528912,2026/09/27 17:08:32.440,68.31,1976,78,0x0000000000000000,87.0
1790528922,2026/09/27 17:08:42.501,67.64,1976,79,0x0000000000000000,86.7
1790528932,2026/09/27 17:08:52.556,68.41,1976,79,0x0000000000000000,86.7
1790528942,2026/09/27 17:09:02.612,68.37,1976,79,0x0000000000000000,86.6
1790528952,2026/09/27 17:09:12.668,68.10,1976,78,0x0000000000000000,86.2
1790528962,2026/09/27 17:09:22.726,67.31,1976,79,0x0000000000000000,86.3
1790528972,2026/09/27 17:09:32.783,67.34,1976,78,0x0000000000000000,86.5
1790528982,2026/09/27 17:09:42.837,68.59,1976,79,0x0000000000000000,87.2
1790528992,2026/09/27 17:09:52.893,63.68,1976,77,0x0000000000000000,84.8
1790529002,2026/09/27 17:10:02.951,67.84,1976,78,0x0000000000000000,86.7
1790529013,2026/09/27 17:10:13.005,68.55,1976,79,0x0000000000000000,86.9
1790529023,2026/09/27 17:10:23.060,66.28,1976,78,0x0000000000000000,86.3
1790529033,2026/09/27 17:10:33.112,67.52,1976,78,0x0000000000000000,87.1
1790529043,2026/09/27 17:10:43.169,68.59,1976,79,0x0000000000000000,87.2
1790529053,2026/09/27 17:10:53.218,67.14,1976,77,0x0000000000000000,86.4
1790529063,2026/09/27 17:11:03.274,67.13,1976,78,0x0000000000000000,86.6
1790529073,2026/09/27 17:11:13.328,67.42,1976,78,0x0000000000000000,86.7
1790529083,2026/09/27 17:11:23.385,61.91,1976,77,0x0000000000000000,85.9
1790529093,2026/09/27 17:11:33.439,68.01,1976,78,0x0000000000000000,86.8
1790529103,2026/09/27 17:11:43.492,67.30,1976,77,0x0000000000000000,86.7
1790529113,2026/09/27 17:11:53.547,67.66,1976,78,0x0000000000000000,86.9
1790529123,2026/09/27 17:12:03.603,68.06,1976,78,0x0000000000000000,86.7
1790529133,2026/09/27 17:12:13.661,68.54,1976,79,0x0000000000000000,86.9
1790529143,2026/09/27 17:12:23.721,57.60,1976,78,0x0000000000000000,86.0
1790529153,2026/09/27 17:12:33.776,68.17,1976,79,0x0000000000000000,86.5
1790529163,2026/09/27 17:12:43.836,66.93,1976,78,0x0000000000000000,87.0
1790529173,2026/09/27 17:12:53.889,67.26,1976,78,0x0000000000000000,86.8
1790529183,2026/09/27 17:13:03.947,68.85,1976,79,0x0000000000000000,87.3
1790529194,2026/09/27 17:13:14.008,64.88,1976,76,0x0000000000000000,85.6
1790529204,2026/09/27 17:13:24.073,68.15,1976,78,0x0000000000000000,87.1
1790529214,2026/09/27 17:13:34.130,68.21,1976,78,0x0000000000000000,87.1
1790529224,2026/09/27 17:13:44.184,67.39,1976,78,0x0000000000000000,87.0
1790529234,2026/09/27 17:13:54.238,64.79,1976,77,0x0000000000000000,86.2
1790529244,2026/09/27 17:14:04.297,67.93,1976,79,0x0000000000000000,86.6
1790529254,2026/09/27 17:14:14.357,65.19,1976,78,0x0000000000000000,86.5
1790529264,2026/09/27 17:14:24.412,68.46,1976,78,0x0000000000000000,87.2
1790529274,2026/09/27 17:14:34.468,67.06,1976,79,0x0000000000000000,87.2
1790529284,2026/09/27 17:14:44.524,65.38,1976,77,0x0000000000000000,86.4
1790529294,2026/09/27 17:14:54.581,64.81,1976,78,0x0000000000000000,86.7
1790529304,2026/09/27 17:15:04.645,67.46,1976,78,0x0000000000000000,86.8
1790529314,2026/09/27 17:15:14.701,65.36,1976,79,0x0000000000000000,86.9
1790529324,2026/09/27 17:15:24.755,65.38,1976,77,0x0000000000000000,86.7
1790529334,2026/09/27 17:15:34.808,67.74,1976,78,0x0000000000000000,86.9
1790529344,2026/09/27 17:15:44.864,64.93,1976,77,0x0000000000000000,86.2
1790529354,2026/09/27 17:15:54.920,68.87,1976,79,0x0000000000000000,87.2
1790529364,2026/09/27 17:16:04.973,67.93,1976,77,0x0000000000000000,86.5
1790529375,2026/09/27 17:16:15.030,67.31,1976,78,0x0000000000000000,86.5
1790529385,2026/09/27 17:16:25.085,67.41,1976,79,0x0000000000000000,86.8
1790529395,2026/09/27 17:16:35.144,66.52,1976,78,0x0000000000000000,86.8
1790529405,2026/09/27 17:16:45.195,67.93,1976,78,0x0000000000000000,87.1
1790529415,2026/09/27 17:16:55.247,68.70,1976,78,0x0000000000000000,87.4
1790529425,2026/09/27 17:17:05.300,66.53,1976,77,0x0000000000000000,86.5
1790529435,2026/09/27 17:17:15.356,68.16,1976,79,0x0000000000000000,87.2
1790529445,2026/09/27 17:17:25.417,67.24,1976,78,0x0000000000000000,86.8
1790529455,2026/09/27 17:17:35.473,68.17,1976,78,0x0000000000000000,87.2
1790529465,2026/09/27 17:17:45.527,67.67,1976,78,0x0000000000000000,86.4
1790529475,2026/09/27 17:17:55.580,67.27,1976,78,0x0000000000000000,87.0
1790529485,2026/09/27 17:18:05.638,65.56,1976,78,0x0000000000000000,86.3
1790529495,2026/09/27 17:18:15.697,65.23,1976,78,0x0000000000000000,86.6
1790529505,2026/09/27 17:18:25.753,68.17,1976,79,0x0000000000000000,86.5
1790529515,2026/09/27 17:18:35.809,67.99,1976,78,0x0000000000000000,86.6
1790529525,2026/09/27 17:18:45.865,65.61,1976,78,0x0000000000000000,86.4
1790529535,2026/09/27 17:18:55.920,66.22,1976,78,0x0000000000000000,87.0
1790529545,2026/09/27 17:19:05.976,68.15,1976,78,0x0000000000000000,87.2
1790529556,2026/09/27 17:19:16.030,69.15,1976,79,0x0000000000000000,87.0
1790529566,2026/09/27 17:19:26.089,66.35,1976,78,0x0000000000000000,86.8
1790529576,2026/09/27 17:19:36.145,67.85,1976,78,0x0000000000000000,86.8
1790529586,2026/09/27 17:19:46.202,66.27,1976,78,0x0000000000000000,86.8
1790529596,2026/09/27 17:19:56.260,66.36,1976,78,0x0000000000000000,86.5
1790529606,2026/09/27 17:20:06.315,68.35,1976,79,0x0000000000000000,86.5
1790529616,2026/09/27 17:20:16.372,69.27,1976,79,0x0000000000000000,86.8
1790529626,2026/09/27 17:20:26.427,66.83,1976,78,0x0000000000000000,86.8
1790529636,2026/09/27 17:20:36.482,64.79,1976,78,0x0000000000000000,86.7
1790529646,2026/09/27 17:20:46.545,67.87,1976,79,0x0000000000000000,87.3
1790529656,2026/09/27 17:20:56.602,67.93,1976,78,0x0000000000000000,87.7
1790529666,2026/09/27 17:21:06.658,67.54,1976,79,0x0000000000000000,87.2
1790529676,2026/09/27 17:21:16.713,67.37,1976,78,0x0000000000000000,87.7
1790529686,2026/09/27 17:21:26.767,67.60,1976,79,0x0000000000000000,87.4
1790529696,2026/09/27 17:21:36.825,65.11,1976,78,0x0000000000000000,87.0
1790529706,2026/09/27 17:21:46.892,67.45,1976,78,0x0000000000000000,87.2
1790529716,2026/09/27 17:21:56.948,66.19,1976,78,0x0000000000000000,87.2
1790529727,2026/09/27 17:22:07.002,65.36,1976,78,0x0000000000000000,86.8
1790529737,2026/09/27 17:22:17.058,64.62,1976,78,0x0000000000000000,87.0
1790529747,2026/09/27 17:22:27.110,67.15,1976,78,0x0000000000000000,87.2
1790529757,2026/09/27 17:22:37.161,68.14,1976,78,0x0000000000000000,86.9
1790529767,2026/09/27 17:22:47.218,59.78,1976,78,0x0000000000000000,86.2
1790529777,2026/09/27 17:22:57.276,67.45,1976,78,0x0000000000000000,87.0
1790529787,2026/09/27 17:23:07.328,67.89,1976,78,0x0000000000000000,86.7
1790529797,2026/09/27 17:23:17.383,58.40,1976,77,0x0000000000000000,85.7
1790529807,2026/09/27 17:23:27.447,69.56,1976,79,0x0000000000000000,87.4
1790529817,2026/09/27 17:23:37.504,66.87,1976,78,0x0000000000000000,86.6
1790529827,2026/09/27 17:23:47.558,68.23,1976,78,0x0000000000000000,86.9
1790529837,2026/09/27 17:23:57.612,69.63,1976,79,0x0000000000000000,87.5
1790529847,2026/09/27 17:24:07.662,66.37,1976,78,0x0000000000000000,87.1
1790529857,2026/09/27 17:24:17.722,63.01,1976,71,0x0000000000000000,85.9
1790529867,2026/09/27 17:24:27.777,69.68,1976,79,0x0000000000000000,87.3
1790529877,2026/09/27 17:24:37.833,59.08,1976,78,0x0000000000000000,86.1
1790529887,2026/09/27 17:24:47.889,68.25,1976,78,0x0000000000000000,86.9
1790529897,2026/09/27 17:24:57.941,68.55,1976,77,0x0000000000000000,87.2
1790529908,2026/09/27 17:25:07.997,67.91,1976,78,0x0000000000000000,87.2
1790529918,2026/09/27 17:25:18.050,68.19,1976,78,0x0000000000000000,87.2
1790529928,2026/09/27 17:25:28.105,68.21,1976,78,0x0000000000000000,86.8
1790529938,2026/09/27 17:25:38.163,67.64,1976,78,0x0000000000000000,87.3
1790529948,2026/09/27 17:25:48.217,68.07,1976,78,0x0000000000000000,87.3
1790529958,2026/09/27 17:25:58.272,68.41,1976,79,0x0000000000000000,86.5
1790529968,2026/09/27 17:26:08.326,67.03,1976,78,0x0000000000000000,86.5
1790529978,2026/09/27 17:26:18.380,65.21,1976,77,0x0000000000000000,86.3
1790529988,2026/09/27 17:26:28.432,66.50,1976,77,0x0000000000000000,86.6
1790529998,2026/09/27 17:26:38.487,64.89,1976,77,0x0000000000000000,86.2
1790530008,2026/09/27 17:26:48.549,70.16,1976,79,0x0000000000000000,87.6
1790530018,2026/09/27 17:26:58.610,66.34,1976,78,0x0000000000000000,86.9
1790530028,2026/09/27 17:27:08.669,68.33,1976,78,0x0000000000000000,87.2
1790530038,2026/09/27 17:27:18.722,66.68,1976,78,0x0000000000000000,87.1
1790530048,2026/09/27 17:27:28.776,66.05,1976,78,0x0000000000000000,87.1
1790530058,2026/09/27 17:27:38.829,65.47,1976,77,0x0000000000000000,87.0
1790530068,2026/09/27 17:27:48.884,65.82,1976,79,0x0000000000000000,86.5
1790530078,2026/09/27 17:27:58.942,63.88,1976,78,0x0000000000000000,86.2
1790530089,2026/09/27 17:28:08.994,65.10,1976,78,0x0000000000000000,86.8
1790530099,2026/09/27 17:28:19.054,67.58,1976,78,0x0000000000000000,86.6
1790530109,2026/09/27 17:28:29.110,67.30,1976,78,0x0000000000000000,87.0
1790530119,2026/09/27 17:28:39.169,65.18,1976,77,0x0000000000000000,86.4
1790530129,2026/09/27 17:28:49.223,68.51,1976,78,0x0000000000000000,86.8
1790530139,2026/09/27 17:28:59.279,67.24,1976,79,0x0000000000000000,87.1
1790530149,2026/09/27 17:29:09.335,65.70,1976,78,0x0000000000000000,87.2
1790530159,2026/09/27 17:29:19.389,68.17,1976,77,0x0000000000000000,86.6
1790530169,2026/09/27 17:29:29.444,65.62,1976,78,0x0000000000000000,86.4
1790530179,2026/09/27 17:29:39.499,69.82,1976,79,0x0000000000000000,87.2
1790530189,2026/09/27 17:29:49.555,66.83,1976,78,0x0000000000000000,86.7
1790530199,2026/09/27 17:29:59.611,68.27,1976,79,0x0000000000000000,87.0
1790530209,2026/09/27 17:30:09.671,67.48,1976,78,0x0000000000000000,87.1
1790530219,2026/09/27 17:30:19.721,65.92,1976,79,0x0000000000000000,87.1
1790530229,2026/09/27 17:30:29.773,68.30,1976,79,0x0000000000000000,86.9
1790530239,2026/09/27 17:30:39.829,67.88,1976,79,0x0000000000000000,86.7
1790530249,2026/09/27 17:30:49.889,64.11,1976,77,0x0000000000000000,86.3
1790530259,2026/09/27 17:30:59.942,68.32,1976,78,0x0000000000000000,87.0
1790530270,2026/09/27 17:31:09.996,67.91,1976,78,0x0000000000000000,86.9
1790530280,2026/09/27 17:31:20.054,68.16,1976,78,0x0000000000000000,87.2
1790530290,2026/09/27 17:31:30.111,64.39,1976,78,0x0000000000000000,86.6
1790530300,2026/09/27 17:31:40.168,67.59,1976,78,0x0000000000000000,86.8
1790530310,2026/09/27 17:31:50.227,67.17,1976,78,0x0000000000000000,87.0
1790530320,2026/09/27 17:32:00.281,67.98,1976,78,0x0000000000000000,87.1
1790530330,2026/09/27 17:32:10.334,68.14,1976,77,0x0000000000000000,86.6
1790530340,2026/09/27 17:32:20.393,67.59,1976,78,0x0000000000000000,87.3
1790530350,2026/09/27 17:32:30.450,68.25,1976,79,0x0000000000000000,87.6
1790530360,2026/09/27 17:32:40.506,66.11,1976,78,0x0000000000000000,87.1
1790530370,2026/09/27 17:32:50.562,64.98,1976,77,0x0000000000000000,85.9
1790530380,2026/09/27 17:33:00.623,67.67,1976,79,0x0000000000000000,87.1
1790530390,2026/09/27 17:33:10.677,65.66,1976,77,0x0000000000000000,86.5
1790530400,2026/09/27 17:33:20.732,67.59,1976,78,0x0000000000000000,87.2
1790530410,2026/09/27 17:33:30.790,66.94,1976,79,0x0000000000000000,87.1
1790530420,2026/09/27 17:33:40.853,66.44,1976,78,0x0000000000000000,86.9
1790530430,2026/09/27 17:33:50.907,64.81,1976,77,0x0000000000000000,86.4
1790530440,2026/09/27 17:34:00.971,69.21,1976,79,0x0000000000000000,87.2
1790530451,2026/09/27 17:34:11.031,68.01,1976,78,0x0000000000000000,86.8
1790530461,2026/09/27 17:34:21.093,68.20,1976,78,0x0000000000000000,87.3
1790530471,2026/09/27 17:34:31.151,68.13,1976,77,0x0000000000000000,87.1
1790530481,2026/09/27 17:34:41.209,64.11,1976,78,0x0000000000000000,86.5
1790530491,2026/09/27 17:34:51.263,67.18,1976,78,0x0000000000000000,87.2
1790530501,2026/09/27 17:35:01.315,68.10,1976,77,0x0000000000000000,86.6
1790530511,2026/09/27 17:35:11.370,67.70,1976,78,0x0000000000000000,87.0
1790530521,2026/09/27 17:35:21.429,64.70,1976,77,0x0000000000000000,86.7
1790530531,2026/09/27 17:35:31.487,68.16,1976,77,0x0000000000000000,86.6
1790530541,2026/09/27 17:35:41.543,68.08,1976,78,0x0000000000000000,86.8
1790530551,2026/09/27 17:35:51.596,69.74,1976,79,0x0000000000000000,87.3
1790530561,2026/09/27 17:36:01.664,68.89,1976,78,0x0000000000000000,87.4
1790530571,2026/09/27 17:36:11.719,67.50,1976,78,0x0000000000000000,86.8
1790530581,2026/09/27 17:36:21.776,66.88,1976,79,0x0000000000000000,86.9
1790530591,2026/09/27 17:36:31.828,65.83,1976,78,0x0000000000000000,86.9
1790530601,2026/09/27 17:36:41.888,68.49,1976,79,0x0000000000000000,86.8
1790530611,2026/09/27 17:36:51.947,69.94,1976,78,0x0000000000000000,87.4
1790530622,2026/09/27 17:37:01.998,65.96,1976,79,0x0000000000000000,86.9
1790530632,2026/09/27 17:37:12.057,67.99,1976,78,0x0000000000000000,86.7
1790530642,2026/09/27 17:37:22.110,67.96,1976,78,0x0000000000000000,86.9
1790530652,2026/09/27 17:37:32.161,67.25,1976,78,0x0000000000000000,86.9
1790530662,2026/09/27 17:37:42.218,68.06,1976,78,0x0000000000000000,87.3
1790530672,2026/09/27 17:37:52.271,67.69,1976,78,0x0000000000000000,87.1
1790530682,2026/09/27 17:38:02.329,67.42,1976,78,0x0000000000000000,86.9
1790530692,2026/09/27 17:38:12.385,65.25,1976,78,0x0000000000000000,87.1
1790530702,2026/09/27 17:38:22.438,68.52,1976,77,0x0000000000000000,86.9
1790530712,2026/09/27 17:38:32.490,67.29,1976,78,0x0000000000000000,87.1
1790530722,2026/09/27 17:38:42.545,67.50,1976,77,0x0000000000000000,87.1
1790530732,2026/09/27 17:38:52.597,66.35,1976,78,0x0000000000000000,87.1
1790530742,2026/09/27 17:39:02.653,64.07,1976,78,0x0000000000000000,86.4
1790530752,2026/09/27 17:39:12.709,67.75,1976,79,0x0000000000000000,87.0
1790530762,2026/09/27 17:39:22.764,66.48,1976,78,0x0000000000000000,87.2
1790530772,2026/09/27 17:39:32.815,67.47,1976,78,0x0000000000000000,86.9
1790530782,2026/09/27 17:39:42.866,70.33,1976,79,0x0000000000000000,87.3
1790530792,2026/09/27 17:39:52.924,66.25,1976,79,0x0000000000000000,86.7
1790530802,2026/09/27 17:40:02.979,61.31,1976,71,0x0000000000000000,85.3
1790530813,2026/09/27 17:40:13.034,70.42,1976,79,0x0000000000000000,87.2
1790530823,2026/09/27 17:40:23.095,68.00,1976,78,0x0000000000000000,86.8
1790530833,2026/09/27 17:40:33.154,68.50,1976,78,0x0000000000000000,87.1
1790530843,2026/09/27 17:40:43.206,69.63,1976,78,0x0000000000000000,87.3
1790530853,2026/09/27 17:40:53.257,67.49,1976,78,0x0000000000000000,86.9
1790530863,2026/09/27 17:41:03.310,67.19,1976,78,0x0000000000000000,86.9
1790530873,2026/09/27 17:41:13.363,67.51,1976,77,0x0000000000000000,87.0
1790530883,2026/09/27 17:41:23.419,68.20,1976,78,0x0000000000000000,87.1
1790530893,2026/09/27 17:41:33.476,65.24,1976,76,0x0000000000000000,86.2
1790530903,2026/09/27 17:41:43.533,68.71,1976,77,0x0000000000000000,87.1
1790530913,2026/09/27 17:41:53.590,67.25,1976,78,0x0000000000000000,87.1
1790530923,2026/09/27 17:42:03.645,69.90,1976,78,0x0000000000000000,87.9
1790530933,2026/09/27 17:42:13.703,65.17,1976,78,0x0000000000000000,86.8
1790530943,2026/09/27 17:42:23.758,67.10,1976,78,0x0000000000000000,87.1
1790530953,2026/09/27 17:42:33.816,69.56,1976,79,0x0000000000000000,87.0
1790530963,2026/09/27 17:42:43.873,65.51,1976,78,0x0000000000000000,87.0
1790530973,2026/09/27 17:42:53.928,67.95,1976,78,0x0000000000000000,86.5
1790530983,2026/09/27 17:43:03.981,69.87,1976,79,0x0000000000000000,87.5
1790530994,2026/09/27 17:43:14.042,66.22,1976,77,0x0000000000000000,86.7
1790531004,2026/09/27 17:43:24.098,68.32,1976,78,0x0000000000000000,87.2
1790531014,2026/09/27 17:43:34.150,67.59,1976,77,0x0000000000000000,86.5
1790531024,2026/09/27 17:43:44.203,67.32,1976,78,0x0000000000000000,87.0
1790531034,2026/09/27 17:43:54.270,68.26,1976,78,0x0000000000000000,87.1
1790531044,2026/09/27 17:44:04.329,67.89,1976,77,0x0000000000000000,86.8
1790531054,2026/09/27 17:44:14.386,66.94,1976,78,0x0000000000000000,87.2
1790531064,2026/09/27 17:44:24.437,68.09,1976,78,0x0000000000000000,87.7
1790531074,2026/09/27 17:44:34.489,67.46,1976,76,0x0000000000000000,86.6
1790531084,2026/09/27 17:44:44.545,67.47,1976,78,0x0000000000000000,87.0
1790531094,2026/09/27 17:44:54.608,66.71,1976,77,0x0000000000000000,87.2
1790531104,2026/09/27 17:45:04.665,65.35,1976,78,0x0000000000000000,86.8
1790531114,2026/09/27 17:45:14.722,67.50,1976,79,0x0000000000000000,87.0
1790531124,2026/09/27 17:45:24.782,70.11,1976,79,0x0000000000000000,87.7
1790531134,2026/09/27 17:45:34.839,65.45,1976,77,0x0000000000000000,86.4
1790531144,2026/09/27 17:45:44.895,67.33,1976,78,0x0000000000000000,86.5
1790531154,2026/09/27 17:45:54.955,66.92,1976,77,0x0000000000000000,87.2
1790531165,2026/09/27 17:46:05.014,65.31,1976,78,0x0000000000000000,87.1
1790531175,2026/09/27 17:46:15.079,68.17,1976,79,0x0000000000000000,86.4
1790531185,2026/09/27 17:46:25.138,67.19,1976,77,0x0000000000000000,86.6
1790531195,2026/09/27 17:46:35.198,61.32,1976,78,0x0000000000000000,85.8
1790531205,2026/09/27 17:46:45.255,67.36,1976,79,0x0000000000000000,86.8
1790531215,2026/09/27 17:46:55.314,67.17,1976,77,0x0000000000000000,87.0
1790531225,2026/09/27 17:47:05.366,67.70,1976,78,0x0000000000000000,86.5
1790531235,2026/09/27 17:47:15.422,67.59,1976,79,0x0000000000000000,87.1
1790531245,2026/09/27 17:47:25.479,67.19,1976,78,0x0000000000000000,87.2
1790531255,2026/09/27 17:47:35.534,67.83,1976,78,0x0000000000000000,87.2
1790531265,2026/09/27 17:47:45.593,68.16,1976,79,0x0000000000000000,87.1
1790531275,2026/09/27 17:47:55.643,68.43,1976,78,0x0000000000000000,87.0
1790531285,2026/09/27 17:48:05.697,68.19,1976,78,0x0000000000000000,87.0
1790531295,2026/09/27 17:48:15.757,69.61,1976,78,0x0000000000000000,87.6
1790531305,2026/09/27 17:48:25.812,68.72,1976,78,0x0000000000000000,87.2
1790531315,2026/09/27 17:48:35.866,61.35,1976,78,0x0000000000000000,86.2
1790531325,2026/09/27 17:48:45.919,69.99,1976,79,0x0000000000000000,87.7
1790531335,2026/09/27 17:48:55.983,68.15,1976,78,0x0000000000000000,87.0
1790531346,2026/09/27 17:49:06.039,68.10,1976,78,0x0000000000000000,87.3
1790531356,2026/09/27 17:49:16.095,70.12,1976,79,0x0000000000000000,87.0
1790531366,2026/09/27 17:49:26.154,68.11,1976,78,0x0000000000000000,87.3
1790531376,2026/09/27 17:49:36.208,67.86,1976,79,0x0000000000000000,87.1
1790531386,2026/09/27 17:49:46.265,67.75,1976,76,0x0000000000000000,86.7
1790531396,2026/09/27 17:49:56.323,68.14,1976,78,0x0000000000000000,87.3
1790531406,2026/09/27 17:50:06.386,67.75,1976,79,0x0000000000000000,87.0
1790531416,2026/09/27 17:50:16.442,68.41,1976,78,0x0000000000000000,87.3
1790531426,2026/09/27 17:50:26.495,67.57,1976,78,0x0000000000000000,86.8
1790531436,2026/09/27 17:50:36.548,68.12,1976,79,0x0000000000000000,87.2
1790531446,2026/09/27 17:50:46.602,68.54,1976,78,0x0000000000000000,86.3
1790531456,2026/09/27 17:50:56.661,68.22,1976,78,0x0000000000000000,87.1
1790531466,2026/09/27 17:51:06.723,67.31,1976,77,0x0000000000000000,86.8
1790531476,2026/09/27 17:51:16.779,68.55,1976,78,0x0000000000000000,86.8
1790531486,2026/09/27 17:51:26.835,65.75,1976,77,0x0000000000000000,86.6
1790531496,2026/09/27 17:51:36.890,67.46,1976,79,0x0000000000000000,87.0
1790531506,2026/09/27 17:51:46.946,68.31,1976,78,0x0000000000000000,86.8
1790531517,2026/09/27 17:51:56.999,68.02,1976,78,0x0000000000000000,87.3
1790531527,2026/09/27 17:52:07.055,68.51,1976,78,0x0000000000000000,87.2
1790531537,2026/09/27 17:52:17.120,64.86,1976,78,0x0000000000000000,86.8
1790531547,2026/09/27 17:52:27.190,68.11,1976,78,0x0000000000000000,87.0
1790531557,2026/09/27 17:52:37.244,68.00,1976,78,0x0000000000000000,87.1
1790531567,2026/09/27 17:52:47.299,67.74,1976,78,0x0000000000000000,87.4
1790531577,2026/09/27 17:52:57.354,69.06,1976,78,0x0000000000000000,87.4
1790531587,2026/09/27 17:53:07.410,68.06,1976,79,0x0000000000000000,87.3
1790531597,2026/09/27 17:53:17.465,68.09,1976,78,0x0000000000000000,87.4
1790531607,2026/09/27 17:53:27.517,69.12,1976,78,0x0000000000000000,87.1
1790531617,2026/09/27 17:53:37.568,68.05,1976,78,0x0000000000000000,87.3
1790531627,2026/09/27 17:53:47.617,68.14,1976,77,0x0000000000000000,87.5
1790531637,2026/09/27 17:53:57.672,65.12,1976,78,0x0000000000000000,86.7
1790531647,2026/09/27 17:54:07.732,67.90,1976,79,0x0000000000000000,86.9
1790531657,2026/09/27 17:54:17.794,68.74,1976,78,0x0000000000000000,87.3
1790531667,2026/09/27 17:54:27.851,68.27,1976,78,0x0000000000000000,87.1
1790531677,2026/09/27 17:54:37.904,68.48,1976,79,0x0000000000000000,87.4
1790531687,2026/09/27 17:54:47.961,69.68,1976,78,0x0000000000000000,87.1
1790531698,2026/09/27 17:54:58.016,66.57,1976,78,0x0000000000000000,87.1
1790531708,2026/09/27 17:55:08.074,68.75,1976,79,0x0000000000000000,86.7
1790531718,2026/09/27 17:55:18.132,67.13,1976,78,0x0000000000000000,86.8
1790531728,2026/09/27 17:55:28.190,67.77,1976,78,0x0000000000000000,86.9
1790531738,2026/09/27 17:55:38.244,66.95,1976,77,0x0000000000000000,86.2
1790531748,2026/09/27 17:55:48.300,68.84,1976,77,0x0000000000000000,87.1
1790531758,2026/09/27 17:55:58.354,68.36,1976,79,0x0000000000000000,87.0
1790531768,2026/09/27 17:56:08.414,67.20,1976,77,0x0000000000000000,86.9
1790531778,2026/09/27 17:56:18.469,68.47,1976,78,0x0000000000000000,87.1
1790531788,2026/09/27 17:56:28.524,68.25,1976,78,0x0000000000000000,87.7
1790531798,2026/09/27 17:56:38.578,67.52,1976,78,0x0000000000000000,87.3
1790531808,2026/09/27 17:56:48.634,65.36,1976,78,0x0000000000000000,87.1
1790531818,2026/09/27 17:56:58.689,64.62,1976,78,0x0000000000000000,87.1
1790531828,2026/09/27 17:57:08.742,68.56,1976,78,0x0000000000000000,87.4
1790531838,2026/09/27 17:57:18.802,65.18,1976,78,0x0000000000000000,86.8
1790531848,2026/09/27 17:57:28.854,68.83,1976,79,0x0000000000000000,87.5
1790531858,2026/09/27 17:57:38.907,67.19,1976,78,0x0000000000000000,87.1
1790531868,2026/09/27 17:57:48.960,68.31,1976,78,0x0000000000000000,87.4
1790531879,2026/09/27 17:57:59.012,69.17,1976,79,0x0000000000000000,87.2
1790531889,2026/09/27 17:58:09.069,66.92,1976,78,0x0000000000000000,87.1
1790531899,2026/09/27 17:58:19.123,68.42,1976,78,0x0000000000000000,87.2
1790531909,2026/09/27 17:58:29.175,69.00,1976,79,0x0000000000000000,86.8
1790531919,2026/09/27 17:58:39.236,68.54,1976,77,0x0000000000000000,87.0
1790531929,2026/09/27 17:58:49.291,68.11,1976,77,0x0000000000000000,87.0
1790531939,2026/09/27 17:58:59.350,67.18,1976,77,0x0000000000000000,87.1
1790531949,2026/09/27 17:59:09.404,68.34,1976,78,0x0000000000000000,87.1
1790531959,2026/09/27 17:59:19.461,68.58,1976,78,0x0000000000000000,87.5
1790531969,2026/09/27 17:59:29.517,67.22,1976,77,0x0000000000000000,87.0
1790531979,2026/09/27 17:59:39.575,68.37,1976,77,0x0000000000000000,87.1
1790531989,2026/09/27 17:59:49.632,68.11,1976,77,0x0000000000000000,87.3
1790531999,2026/09/27 17:59:59.688,67.65,1976,78,0x0000000000000000,87.3
1790532009,2026/09/27 18:00:09.744,67.79,1976,78,0x0000000000000000,87.0
1790532019,2026/09/27 18:00:19.800,68.78,1976,79,0x0000000000000000,87.5
1790532029,2026/09/27 18:00:29.854,66.50,1976,78,0x0000000000000000,87.3
1790532039,2026/09/27 18:00:39.911,67.04,1976,78,0x0000000000000000,87.1
1790532049,2026/09/27 18:00:49.972,68.62,1976,79,0x0000000000000000,87.6
1790532060,2026/09/27 18:01:00.029,66.75,1976,78,0x0000000000000000,87.0
1790532070,2026/09/27 18:01:10.086,67.97,1976,78,0x0000000000000000,86.9
1790532080,2026/09/27 18:01:20.137,68.73,1976,79,0x0000000000000000,87.1
1790532090,2026/09/27 18:01:30.191,66.83,1976,78,0x0000000000000000,87.1
1790532100,2026/09/27 18:01:40.248,68.36,1976,78,0x0000000000000000,87.1
1790532110,2026/09/27 18:01:50.310,67.82,1976,78,0x0000000000000000,86.7
1790532120,2026/09/27 18:02:00.365,68.27,1976,78,0x0000000000000000,87.2
1790532130,2026/09/27 18:02:10.423,64.50,1976,77,0x0000000000000000,86.3
1790532140,2026/09/27 18:02:20.478,69.46,1976,79,0x0000000000000000,86.8
1790532150,2026/09/27 18:02:30.539,68.39,1976,78,0x0000000000000000,87.0
1790532160,2026/09/27 18:02:40.598,67.49,1976,78,0x0000000000000000,86.8
1790532170,2026/09/27 18:02:50.653,67.44,1976,78,0x0000000000000000,87.0
1790532180,2026/09/27 18:03:00.710,67.95,1976,78,0x0000000000000000,86.9
1790532190,2026/09/27 18:03:10.768,69.39,1976,79,0x0000000000000000,87.3
1790532200,2026/09/27 18:03:20.822,66.53,1976,78,0x0000000000000000,86.9
1790532210,2026/09/27 18:03:30.879,68.22,1976,78,0x0000000000000000,87.1
1790532220,2026/09/27 18:03:40.935,68.98,1976,79,0x0000000000000000,87.4
1790532231,2026/09/27 18:03:50.997,66.81,1976,78,0x0000000000000000,87.3
1790532241,2026/09/27 18:04:01.049,67.03,1976,78,0x0000000000000000,86.8
1790532251,2026/09/27 18:04:11.105,67.64,1976,79,0x0000000000000000,87.1
1790532261,2026/09/27 18:04:21.154,67.01,1976,78,0x0000000000000000,87.4
1790532271,2026/09/27 18:04:31.212,60.11,1976,78,0x0000000000000000,86.5
1790532281,2026/09/27 18:04:41.266,68.88,1976,79,0x0000000000000000,86.8
1790532291,2026/09/27 18:04:51.325,68.10,1976,78,0x0000000000000000,87.2
1790532301,2026/09/27 18:05:01.380,68.01,1976,78,0x0000000000000000,87.0
1790532311,2026/09/27 18:05:11.435,67.45,1976,78,0x0000000000000000,87.0
1790532321,2026/09/27 18:05:21.497,64.79,1976,78,0x0000000000000000,86.8
1790532331,2026/09/27 18:05:31.556,67.61,1976,78,0x0000000000000000,87.1
1790532341,2026/09/27 18:05:41.612,67.12,1976,79,0x0000000000000000,86.9
1790532351,2026/09/27 18:05:51.662,68.07,1976,78,0x0000000000000000,87.2
1790532361,2026/09/27 18:06:01.715,68.08,1976,78,0x0000000000000000,87.2
1790532371,2026/09/27 18:06:11.766,68.06,1976,78,0x0000000000000000,87.0
1790532381,2026/09/27 18:06:21.831,67.86,1976,78,0x0000000000000000,87.0
1790532391,2026/09/27 18:06:31.884,68.77,1976,78,0x0000000000000000,87.7
1790532401,2026/09/27 18:06:41.938,66.76,1976,78,0x0000000000000000,87.0
1790532412,2026/09/27 18:06:51.994,67.63,1976,78,0x0000000000000000,86.9
1790532422,2026/09/27 18:07:02.051,69.06,1976,79,0x0000000000000000,87.5
1790532432,2026/09/27 18:07:12.111,66.46,1976,78,0x0000000000000000,86.7
1790532442,2026/09/27 18:07:22.165,67.58,1976,78,0x0000000000000000,87.0
1790532452,2026/09/27 18:07:32.219,68.68,1976,79,0x0000000000000000,87.1
1790532462,2026/09/27 18:07:42.273,66.32,1976,78,0x0000000000000000,87.0
1790532472,2026/09/27 18:07:52.326,66.96,1976,78,0x0000000000000000,86.2
1790532482,2026/09/27 18:08:02.383,68.42,1976,78,0x0000000000000000,87.0
1790532492,2026/09/27 18:08:12.439,64.51,1976,78,0x0000000000000000,86.9
1790532502,2026/09/27 18:08:22.496,67.02,1976,78,0x0000000000000000,86.9
1790532512,2026/09/27 18:08:32.549,68.17,1976,78,0x0000000000000000,87.1
1790532522,2026/09/27 18:08:42.603,67.54,1976,78,0x0000000000000000,86.8
1790532532,2026/09/27 18:08:52.657,67.50,1976,77,0x0000000000000000,85.6
1790532542,2026/09/27 18:09:02.716,68.75,1976,77,0x0000000000000000,87.2
1790532552,2026/09/27 18:09:12.774,68.45,1976,78,0x0000000000000000,87.2
1790532562,2026/09/27 18:09:22.827,69.29,1976,79,0x0000000000000000,87.4
1790532572,2026/09/27 18:09:32.880,66.71,1976,77,0x0000000000000000,87.1
1790532582,2026/09/27 18:09:42.937,68.06,1976,77,0x0000000000000000,87.0
1790532592,2026/09/27 18:09:52.988,69.41,1976,79,0x0000000000000000,87.2
1790532603,2026/09/27 18:10:03.041,66.12,1976,77,0x0000000000000000,86.2
1790532613,2026/09/27 18:10:13.098,67.80,1976,78,0x0000000000000000,87.0
1790532623,2026/09/27 18:10:23.159,69.19,1976,79,0x0000000000000000,87.3
1790532633,2026/09/27 18:10:33.218,67.27,1976,78,0x0000000000000000,87.1
1790532643,2026/09/27 18:10:43.273,67.60,1976,78,0x0000000000000000,87.0
1790532653,2026/09/27 18:10:53.332,69.22,1976,79,0x0000000000000000,86.9
1790532663,2026/09/27 18:11:03.384,67.33,1976,77,0x0000000000000000,87.4
1790532673,2026/09/27 18:11:13.439,58.98,1976,78,0x0000000000000000,85.7
1790532683,2026/09/27 18:11:23.492,67.19,1976,77,0x0000000000000000,87.0
1790532693,2026/09/27 18:11:33.548,59.35,1976,78,0x0000000000000000,86.0
1790532703,2026/09/27 18:11:43.604,67.68,1976,77,0x0000000000000000,87.1
1790532713,2026/09/27 18:11:53.658,67.88,1976,78,0x0000000000000000,87.1
1790532723,2026/09/27 18:12:03.713,63.12,1976,77,0x0000000000000000,86.5
1790532733,2026/09/27 18:12:13.766,67.82,1976,78,0x0000000000000000,87.6
1790532743,2026/09/27 18:12:23.821,67.18,1976,77,0x0000000000000000,87.0
1790532753,2026/09/27 18:12:33.878,59.39,1976,78,0x0000000000000000,85.7
1790532763,2026/09/27 18:12:43.932,68.94,1976,79,0x0000000000000000,87.5
1790532774,2026/09/27 18:12:53.987,66.24,1976,78,0x0000000000000000,87.0
1790532784,2026/09/27 18:13:04.040,67.73,1976,78,0x0000000000000000,86.6
1790532794,2026/09/27 18:13:14.092,68.85,1976,79,0x0000000000000000,87.3
1790532804,2026/09/27 18:13:24.153,66.30,1976,78,0x0000000000000000,87.1
1790532814,2026/09/27 18:13:34.206,59.24,1976,78,0x0000000000000000,86.1
1790532824,2026/09/27 18:13:44.261,68.89,1976,79,0x0000000000000000,87.3
1790532834,2026/09/27 18:13:54.316,65.49,1976,76,0x0000000000000000,87.1
1790532844,2026/09/27 18:14:04.373,67.81,1976,78,0x0000000000000000,87.0
1790532854,2026/09/27 18:14:14.425,67.42,1976,77,0x0000000000000000,87.0
1790532864,2026/09/27 18:14:24.486,67.03,1976,78,0x0000000000000000,87.2
1790532874,2026/09/27 18:14:34.541,67.74,1976,78,0x0000000000000000,87.4
1790532884,2026/09/27 18:14:44.595,67.27,1976,78,0x0000000000000000,86.9
1790532894,2026/09/27 18:14:54.649,67.57,1976,78,0x0000000000000000,87.3
1790532904,2026/09/27 18:15:04.705,64.17,1976,76,0x0000000000000000,85.1
1790532914,2026/09/27 18:15:14.760,67.09,1976,77,0x0000000000000000,87.0
1790532924,2026/09/27 18:15:24.815,67.64,1976,78,0x0000000000000000,87.1
1790532934,2026/09/27 18:15:34.872,67.75,1976,78,0x0000000000000000,87.6
1790532944,2026/09/27 18:15:44.926,65.87,1976,78,0x0000000000000000,87.1
1790532954,2026/09/27 18:15:54.980,68.39,1976,78,0x0000000000000000,87.2
1790532965,2026/09/27 18:16:05.036,69.78,1976,79,0x0000000000000000,87.0
1790532975,2026/09/27 18:16:15.090,65.40,1976,78,0x0000000000000000,86.7
1790532985,2026/09/27 18:16:25.146,68.45,1976,78,0x0000000000000000,87.3
1790532995,2026/09/27 18:16:35.204,67.89,1976,79,0x0000000000000000,86.7
1790533005,2026/09/27 18:16:45.259,66.48,1976,78,0x0000000000000000,87.3
1790533015,2026/09/27 18:16:55.312,67.90,1976,78,0x0000000000000000,87.4
1790533025,2026/09/27 18:17:05.374,69.52,1976,79,0x0000000000000000,87.2
1790533035,2026/09/27 18:17:15.431,67.30,1976,78,0x0000000000000000,86.9
1790533045,2026/09/27 18:17:25.486,67.49,1976,78,0x0000000000000000,86.9
1790533055,2026/09/27 18:17:35.541,67.11,1976,78,0x0000000000000000,86.8
1790533065,2026/09/27 18:17:45.595,63.57,1976,77,0x0000000000000000,86.1
1790533075,2026/09/27 18:17:55.646,67.92,1976,78,0x0000000000000000,87.2
1790533085,2026/09/27 18:18:05.699,68.00,1976,77,0x0000000000000000,86.9
1790533095,2026/09/27 18:18:15.753,66.88,1976,78,0x0000000000000000,87.1
1790533105,2026/09/27 18:18:25.805,67.92,1976,78,0x0000000000000000,87.4
1790533115,2026/09/27 18:18:35.857,67.85,1976,77,0x0000000000000000,86.8
1790533125,2026/09/27 18:18:45.912,63.98,1976,75,0x0000000000000000,85.7
1790533135,2026/09/27 18:18:55.970,69.31,1976,78,0x0000000000000000,87.5
1790533146,2026/09/27 18:19:06.026,66.05,1976,78,0x0000000000000000,86.8
1790533156,2026/09/27 18:19:16.088,67.32,1976,78,0x0000000000000000,87.0
1790533166,2026/09/27 18:19:26.155,69.28,1976,79,0x0000000000000000,87.3
1790533176,2026/09/27 18:19:36.211,65.67,1976,78,0x0000000000000000,86.8
1790533186,2026/09/27 18:19:46.266,68.18,1976,78,0x0000000000000000,87.3
1790533196,2026/09/27 18:19:56.329,69.64,1976,79,0x0000000000000000,87.7
1790533206,2026/09/27 18:20:06.376,67.66,1976,78,0x0000000000000000,87.3
1790533216,2026/09/27 18:20:16.439,68.50,1976,78,0x0000000000000000,87.2
1790533226,2026/09/27 18:20:26.500,68.09,1976,78,0x0000000000000000,87.1
1790533236,2026/09/27 18:20:36.555,65.83,1976,78,0x0000000000000000,87.2
1790533246,2026/09/27 18:20:46.612,67.97,1976,78,0x0000000000000000,87.4
1790533256,2026/09/27 18:20:56.668,69.32,1976,79,0x0000000000000000,87.8
1790533266,2026/09/27 18:21:06.730,67.28,1976,78,0x0000000000000000,87.8
1790533276,2026/09/27 18:21:16.789,65.97,1976,78,0x0000000000000000,87.3
1790533286,2026/09/27 18:21:26.845,68.01,1976,77,0x0000000000000000,87.3
1790533296,2026/09/27 18:21:36.904,67.10,1976,78,0x0000000000000000,87.4
1790533306,2026/09/27 18:21:46.962,69.79,1976,78,0x0000000000000000,87.8
1790533317,2026/09/27 18:21:57.024,65.91,1976,78,0x0000000000000000,87.2
1790533327,2026/09/27 18:22:07.079,68.07,1976,78,0x0000000000000000,87.3
1790533337,2026/09/27 18:22:17.135,62.34,1976,77,0x0000000000000000,86.3
1790533347,2026/09/27 18:22:27.191,68.34,1976,78,0x0000000000000000,87.6
1790533357,2026/09/27 18:22:37.247,64.40,1976,78,0x0000000000000000,87.3
1790533367,2026/09/27 18:22:47.304,68.27,1976,78,0x0000000000000000,87.2
1790533377,2026/09/27 18:22:57.358,67.30,1976,79,0x0000000000000000,87.4
1790533387,2026/09/27 18:23:07.418,68.64,1976,78,0x0000000000000000,87.8
1790533397,2026/09/27 18:23:17.477,68.21,1976,78,0x0000000000000000,87.6
1790533407,2026/09/27 18:23:27.530,68.15,1976,78,0x0000000000000000,87.6
1790533417,2026/09/27 18:23:37.583,66.52,1976,79,0x0000000000000000,87.3
1790533427,2026/09/27 18:23:47.640,66.10,1976,78,0x0000000000000000,87.0
1790533437,2026/09/27 18:23:57.695,66.31,1976,78,0x0000000000000000,86.8
1790533447,2026/09/27 18:24:07.751,69.63,1976,79,0x0000000000000000,87.7
1790533457,2026/09/27 18:24:17.811,65.57,1976,78,0x0000000000000000,87.0
1790533467,2026/09/27 18:24:27.868,67.82,1976,78,0x0000000000000000,87.5
1790533477,2026/09/27 18:24:37.922,69.44,1976,79,0x0000000000000000,86.9
1790533487,2026/09/27 18:24:47.977,67.60,1976,78,0x0000000000000000,87.1
1790533498,2026/09/27 18:24:58.034,65.12,1976,76,0x0000000000000000,86.4
1790533508,2026/09/27 18:25:08.085,68.65,1976,78,0x0000000000000000,87.3
1790533518,2026/09/27 18:25:18.145,67.92,1976,78,0x0000000000000000,87.0
1790533528,2026/09/27 18:25:28.199,68.22,1976,78,0x0000000000000000,87.2
1790533538,2026/09/27 18:25:38.252,69.05,1976,79,0x0000000000000000,87.4
1790533548,2026/09/27 18:25:48.307,68.00,1976,78,0x0000000000000000,87.2
1790533558,2026/09/27 18:25:58.364,68.35,1976,78,0x0000000000000000,87.6
1790533568,2026/09/27 18:26:08.421,66.02,1976,78,0x0000000000000000,86.9
1790533578,2026/09/27 18:26:18.477,68.02,1976,78,0x0000000000000000,87.1
1790533588,2026/09/27 18:26:28.531,69.77,1976,79,0x0000000000000000,87.5
1790533598,2026/09/27 18:26:38.588,65.44,1976,77,0x0000000000000000,87.0
1790533608,2026/09/27 18:26:48.642,67.46,1976,78,0x0000000000000000,87.0
1790533618,2026/09/27 18:26:58.693,69.89,1976,79,0x0000000000000000,87.7
1790533628,2026/09/27 18:27:08.748,66.57,1976,78,0x0000000000000000,87.2
1790533638,2026/09/27 18:27:18.805,68.03,1976,78,0x0000000000000000,87.3
1790533648,2026/09/27 18:27:28.860,69.73,1976,79,0x0000000000000000,87.5
1790533658,2026/09/27 18:27:38.915,65.74,1976,78,0x0000000000000000,87.0
1790533668,2026/09/27 18:27:48.970,67.47,1976,78,0x0000000000000000,87.2
1790533679,2026/09/27 18:27:59.025,67.91,1976,77,0x0000000000000000,87.0
1790533689,2026/09/27 18:28:09.078,67.93,1976,78,0x0000000000000000,87.0
1790533699,2026/09/27 18:28:19.135,67.50,1976,78,0x0000000000000000,86.8
1790533709,2026/09/27 18:28:29.192,67.34,1976,77,0x0000000000000000,86.0
1790533719,2026/09/27 18:28:39.248,67.25,1976,78,0x0000000000000000,86.5
1790533729,2026/09/27 18:28:49.304,67.70,1976,78,0x0000000000000000,87.3
1790533739,2026/09/27 18:28:59.357,70.51,1976,78,0x0000000000000000,87.4
1790533749,2026/09/27 18:29:09.411,67.28,1976,78,0x0000000000000000,86.9
1790533759,2026/09/27 18:29:19.467,67.73,1976,78,0x0000000000000000,87.4
1790533769,2026/09/27 18:29:29.524,65.50,1976,77,0x0000000000000000,86.5
1790533779,2026/09/27 18:29:39.579,67.29,1976,78,0x0000000000000000,86.7
1790533789,2026/09/27 18:29:49.636,61.80,1976,77,0x0000000000000000,87.3
1790533799,2026/09/27 18:29:59.690,57.85,1976,75,0x0000000000000000,85.6
1790533809,2026/09/27 18:30:09.744,67.87,1976,78,0x0000000000000000,87.3
1790533819,2026/09/27 18:30:19.796,69.54,1976,78,0x0000000000000000,87.7
1790533829,2026/09/27 18:30:29.847,68.50,1976,78,0x0000000000000000,87.4
1790533839,2026/09/27 18:30:39.901,68.01,1976,78,0x0000000000000000,87.2
1790533849,2026/09/27 18:30:49.956,69.41,1976,78,0x0000000000000000,87.9
1790533860,2026/09/27 18:31:00.011,65.79,1976,77,0x0000000000000000,86.6
1790533870,2026/09/27 18:31:10.066,68.01,1976,78,0x0000000000000000,87.3
1790533880,2026/09/27 18:31:20.121,70.27,1976,78,0x0000000000000000,87.6
1790533890,2026/09/27 18:31:30.176,67.13,1976,78,0x0000000000000000,87.2
1790533900,2026/09/27 18:31:40.229,66.76,1976,78,0x0000000000000000,87.1
1790533910,2026/09/27 18:31:50.284,67.65,1976,77,0x0000000000000000,86.8
1790533920,2026/09/27 18:32:00.339,67.52,1976,78,0x0000000000000000,86.7
1790533930,2026/09/27 18:32:10.392,65.55,1976,74,0x0000000000000000,85.4
1790533940,2026/09/27 18:32:20.446,70.30,1976,78,0x0000000000000000,86.5
1790533950,2026/09/27 18:32:30.504,68.21,1976,78,0x0000000000000000,87.4
1790533960,2026/09/27 18:32:40.558,69.93,1976,79,0x0000000000000000,87.8
1790533970,2026/09/27 18:32:50.613,66.25,1976,77,0x0000000000000000,86.7
1790533980,2026/09/27 18:33:00.671,67.12,1976,78,0x0000000000000000,87.2
1790533990,2026/09/27 18:33:10.727,70.00,1976,79,0x0000000000000000,87.8
1790534000,2026/09/27 18:33:20.785,66.22,1976,78,0x0000000000000000,86.9
1790534010,2026/09/27 18:33:30.842,65.11,1976,78,0x0000000000000000,86.5
1790534020,2026/09/27 18:33:40.898,70.08,1976,79,0x0000000000000000,87.4
1790534030,2026/09/27 18:33:50.958,65.25,1976,78,0x0000000000000000,87.3
1790534041,2026/09/27 18:34:01.013,67.52,1976,78,0x0000000000000000,87.2
1790534051,2026/09/27 18:34:11.066,69.86,1976,79,0x0000000000000000,87.1
1790534061,2026/09/27 18:34:21.119,67.29,1976,78,0x0000000000000000,87.2
1790534071,2026/09/27 18:34:31.173,68.22,1976,78,0x0000000000000000,87.6
1790534081,2026/09/27 18:34:41.228,67.45,1976,77,0x0000000000000000,86.8
1790534091,2026/09/27 18:34:51.283,68.16,1976,78,0x0000000000000000,87.5
1790534101,2026/09/27 18:35:01.341,65.41,1976,77,0x0000000000000000,87.0
1790534111,2026/09/27 18:35:11.395,67.68,1976,77,0x0000000000000000,87.0
1790534121,2026/09/27 18:35:21.451,64.93,1976,78,0x0000000000000000,86.7
1790534131,2026/09/27 18:35:31.508,66.80,1976,78,0x0000000000000000,87.4
1790534141,2026/09/27 18:35:41.570,68.84,1976,79,0x0000000000000000,86.8
1790534151,2026/09/27 18:35:51.632,67.62,1976,78,0x0000000000000000,87.3
1790534161,2026/09/27 18:36:01.688,69.41,1976,79,0x0000000000000000,87.2
1790534171,2026/09/27 18:36:11.743,64.72,1976,78,0x0000000000000000,87.0
1790534181,2026/09/27 18:36:21.800,67.57,1976,78,0x0000000000000000,87.2
1790534191,2026/09/27 18:36:31.856,69.95,1976,79,0x0000000000000000,87.4
1790534201,2026/09/27 18:36:41.914,65.51,1976,78,0x0000000000000000,87.0
1790534211,2026/09/27 18:36:51.971,67.00,1976,78,0x0000000000000000,87.4
1790534222,2026/09/27 18:37:02.029,69.90,1976,79,0x0000000000000000,87.2
1790534232,2026/09/27 18:37:12.085,64.55,1976,78,0x0000000000000000,86.6
1790534242,2026/09/27 18:37:22.140,67.34,1976,78,0x0000000000000000,87.0
1790534252,2026/09/27 18:37:32.194,68.35,1976,78,0x0000000000000000,87.1
1790534262,2026/09/27 18:37:42.250,66.88,1976,78,0x0000000000000000,87.4
1790534272,2026/09/27 18:37:52.309,66.53,1976,78,0x0000000000000000,86.9
1790534282,2026/09/27 18:38:02.359,68.51,1976,78,0x0000000000000000,87.2
1790534292,2026/09/27 18:38:12.414,67.17,1976,78,0x0000000000000000,86.8
1790534302,2026/09/27 18:38:22.470,67.59,1976,78,0x0000000000000000,87.6
1790534312,2026/09/27 18:38:32.524,67.64,1976,77,0x0000000000000000,86.8
1790534322,2026/09/27 18:38:42.583,68.50,1976,78,0x0000000000000000,87.4
1790534332,2026/09/27 18:38:52.634,70.41,1976,79,0x0000000000000000,87.5
1790534342,2026/09/27 18:39:02.689,66.48,1976,78,0x0000000000000000,87.0
1790534352,2026/09/27 18:39:12.750,68.09,1976,78,0x0000000000000000,86.8
1790534362,2026/09/27 18:39:22.810,70.20,1976,78,0x0000000000000000,87.4
1790534372,2026/09/27 18:39:32.870,66.20,1976,78,0x0000000000000000,86.7
1790534382,2026/09/27 18:39:42.929,67.60,1976,78,0x0000000000000000,87.0
1790534392,2026/09/27 18:39:52.985,70.23,1976,79,0x0000000000000000,87.4
1790534403,2026/09/27 18:40:03.043,68.71,1976,78,0x0000000000000000,87.1
1790534413,2026/09/27 18:40:13.099,67.83,1976,78,0x0000000000000000,87.2
1790534423,2026/09/27 18:40:23.154,67.90,1976,78,0x0000000000000000,87.3
1790534433,2026/09/27 18:40:33.206,67.39,1976,78,0x0000000000000000,87.2
1790534443,2026/09/27 18:40:43.261,68.65,1976,79,0x0000000000000000,87.4
1790534453,2026/09/27 18:40:53.322,67.61,1976,78,0x0000000000000000,86.9
1790534463,2026/09/27 18:41:03.379,67.36,1976,78,0x0000000000000000,87.2
1790534473,2026/09/27 18:41:13.435,68.47,1976,79,0x0000000000000000,87.4
1790534483,2026/09/27 18:41:23.494,70.11,1976,78,0x0000000000000000,87.6
1790534493,2026/09/27 18:41:33.548,67.04,1976,79,0x0000000000000000,86.9
1790534503,2026/09/27 18:41:43.603,68.39,1976,79,0x0000000000000000,87.2
1790534513,2026/09/27 18:41:53.663,65.27,1976,77,0x0000000000000000,86.9
1790534523,2026/09/27 18:42:03.722,68.38,1976,78,0x0000000000000000,87.4
1790534533,2026/09/27 18:42:13.777,67.04,1976,78,0x0000000000000000,86.7
1790534543,2026/09/27 18:42:23.832,67.47,1976,78,0x0000000000000000,87.0
1790534553,2026/09/27 18:42:33.883,68.08,1976,78,0x0000000000000000,87.0
1790534563,2026/09/27 18:42:43.935,66.80,1976,77,0x0000000000000000,86.9
1790534574,2026/09/27 18:42:53.989,65.45,1976,78,0x0000000000000000,86.6
1790534584,2026/09/27 18:43:04.047,65.09,1976,77,0x0000000000000000,86.4
1790534594,2026/09/27 18:43:14.100,66.38,1976,78,0x0000000000000000,86.8
1790534604,2026/09/27 18:43:24.153,68.53,1976,78,0x0000000000000000,87.3
1790534614,2026/09/27 18:43:34.207,68.36,1976,79,0x0000000000000000,87.2
1790534624,2026/09/27 18:43:44.261,67.15,1976,78,0x0000000000000000,87.2
1790534634,2026/09/27 18:43:54.313,67.75,1976,78,0x0000000000000000,87.3
1790534644,2026/09/27 18:44:04.364,68.19,1976,79,0x0000000000000000,87.5
1790534654,2026/09/27 18:44:14.416,67.12,1976,78,0x0000000000000000,87.2
1790534664,2026/09/27 18:44:24.477,67.85,1976,78,0x0000000000000000,87.4
1790534674,2026/09/27 18:44:34.533,68.50,1976,79,0x0000000000000000,87.6
1790534684,2026/09/27 18:44:44.594,67.32,1976,77,0x0000000000000000,86.6
1790534694,2026/09/27 18:44:54.649,67.98,1976,78,0x0000000000000000,87.5
1790534704,2026/09/27 18:45:04.704,68.23,1976,78,0x0000000000000000,87.0
1790534714,2026/09/27 18:45:14.757,68.88,1976,78,0x0000000000000000,87.1
1790534724,2026/09/27 18:45:24.812,68.28,1976,78,0x0000000000000000,87.2
1790534734,2026/09/27 18:45:34.870,67.36,1976,77,0x0000000000000000,87.2
1790534744,2026/09/27 18:45:44.925,66.46,1976,78,0x0000000000000000,87.2
1790534754,2026/09/27 18:45:54.980,68.23,1976,78,0x0000000000000000,87.2
1790534765,2026/09/27 18:46:05.038,66.56,1976,78,0x0000000000000000,87.3
1790534775,2026/09/27 18:46:15.091,68.14,1976,78,0x0000000000000000,87.2
1790534785,2026/09/27 18:46:25.145,65.41,1976,77,0x0000000000000000,86.8
1790534795,2026/09/27 18:46:35.204,66.91,1976,78,0x0000000000000000,87.3
1790534805,2026/09/27 18:46:45.263,68.15,1976,78,0x0000000000000000,87.3
1790534815,2026/09/27 18:46:55.318,68.74,1976,79,0x0000000000000000,87.3
1790534825,2026/09/27 18:47:05.378,66.76,1976,78,0x0000000000000000,87.1
1790534835,2026/09/27 18:47:15.434,67.55,1976,78,0x0000000000000000,86.9
1790534845,2026/09/27 18:47:25.493,68.97,1976,79,0x0000000000000000,87.3
1790534855,2026/09/27 18:47:35.554,66.91,1976,78,0x0000000000000000,87.0
1790534865,2026/09/27 18:47:45.610,67.33,1976,78,0x0000000000000000,87.2
1790534875,2026/09/27 18:47:55.669,68.74,1976,79,0x0000000000000000,87.3
1790534885,2026/09/27 18:48:05.726,63.84,1976,78,0x0000000000000000,86.3
1790534895,2026/09/27 18:48:15.781,68.02,1976,78,0x0000000000000000,87.3
1790534905,2026/09/27 18:48:25.838,67.20,1976,78,0x0000000000000000,86.9
1790534915,2026/09/27 18:48:35.892,68.29,1976,78,0x0000000000000000,87.3
1790534925,2026/09/27 18:48:45.948,65.98,1976,78,0x0000000000000000,86.7
1790534936,2026/09/27 18:48:56.002,66.87,1976,77,0x0000000000000000,87.3
1790534946,2026/09/27 18:49:06.057,66.30,1976,78,0x0000000000000000,87.1
1790534956,2026/09/27 18:49:16.115,64.24,1976,78,0x0000000000000000,86.9
1790534966,2026/09/27 18:49:26.170,66.86,1976,76,0x0000000000000000,87.1
1790534976,2026/09/27 18:49:36.229,60.82,1976,78,0x0000000000000000,85.7
1790534986,2026/09/27 18:49:46.282,67.56,1976,79,0x0000000000000000,86.9
1790534996,2026/09/27 18:49:56.338,66.73,1976,78,0x0000000000000000,87.1
1790535006,2026/09/27 18:50:06.392,67.85,1976,78,0x0000000000000000,87.2
1790535016,2026/09/27 18:50:16.448,68.57,1976,79,0x0000000000000000,87.7
1790535026,2026/09/27 18:50:26.507,67.70,1976,78,0x0000000000000000,86.9
1790535036,2026/09/27 18:50:36.561,67.91,1976,78,0x0000000000000000,87.4
1790535046,2026/09/27 18:50:46.616,68.18,1976,79,0x0000000000000000,87.3
1790535056,2026/09/27 18:50:56.676,66.56,1976,76,0x0000000000000000,86.7
1790535066,2026/09/27 18:51:06.731,67.74,1976,78,0x0000000000000000,86.1
1790535076,2026/09/27 18:51:16.796,67.46,1976,78,0x0000000000000000,87.2
1790535086,2026/09/27 18:51:26.849,68.80,1976,78,0x0000000000000000,87.4
1790535096,2026/09/27 18:51:36.903,67.23,1976,78,0x0000000000000000,87.0
1790535106,2026/09/27 18:51:46.961,67.16,1976,78,0x0000000000000000,87.1
1790535117,2026/09/27 18:51:57.019,66.72,1976,78,0x0000000000000000,87.1
1790535127,2026/09/27 18:52:07.079,68.31,1976,78,0x0000000000000000,87.5
1790535137,2026/09/27 18:52:17.134,66.16,1976,76,0x0000000000000000,86.1
1790535147,2026/09/27 18:52:27.189,68.49,1976,78,0x0000000000000000,87.0
1790535157,2026/09/27 18:52:37.246,65.04,1976,79,0x0000000000000000,86.9
1790535167,2026/09/27 18:52:47.302,68.31,1976,78,0x0000000000000000,87.1
1790535177,2026/09/27 18:52:57.361,67.20,1976,78,0x0000000000000000,87.0
1790535187,2026/09/27 18:53:07.418,68.42,1976,78,0x0000000000000000,87.2
1790535197,2026/09/27 18:53:17.473,68.11,1976,78,0x0000000000000000,87.4
1790535207,2026/09/27 18:53:27.528,66.90,1976,78,0x0000000000000000,87.1
1790535217,2026/09/27 18:53:37.581,68.54,1976,78,0x0000000000000000,87.3
1790535227,2026/09/27 18:53:47.632,68.13,1976,78,0x0000000000000000,87.3
1790535237,2026/09/27 18:53:57.685,67.94,1976,78,0x0000000000000000,87.5
1790535247,2026/09/27 18:54:07.743,68.73,1976,78,0x0000000000000000,87.2
1790535257,2026/09/27 18:54:17.798,68.64,1976,79,0x0000000000000000,87.6
1790535267,2026/09/27 18:54:27.854,67.34,1976,78,0x0000000000000000,87.1
1790535277,2026/09/27 18:54:37.911,68.14,1976,79,0x0000000000000000,87.5
1790535287,2026/09/27 18:54:47.964,60.73,1976,78,0x0000000000000000,86.0
1790535298,2026/09/27 18:54:58.019,67.53,1976,79,0x0000000000000000,87.1
1790535308,2026/09/27 18:55:08.081,67.04,1976,78,0x0000000000000000,87.0
1790535318,2026/09/27 18:55:18.136,68.71,1976,79,0x0000000000000000,86.9
1790535328,2026/09/27 18:55:28.200,66.76,1976,78,0x0000000000000000,87.2
1790535338,2026/09/27 18:55:38.256,68.38,1976,78,0x0000000000000000,87.2
1790535348,2026/09/27 18:55:48.320,67.19,1976,77,0x0000000000000000,86.9
1790535358,2026/09/27 18:55:58.375,68.49,1976,78,0x0000000000000000,86.9
1790535368,2026/09/27 18:56:08.430,65.55,1976,77,0x0000000000000000,86.5
1790535378,2026/09/27 18:56:18.485,67.35,1976,77,0x0000000000000000,86.9
1790535388,2026/09/27 18:56:28.552,68.43,1976,78,0x0000000000000000,87.3
1790535398,2026/09/27 18:56:38.607,67.76,1976,78,0x0000000000000000,87.4
1790535408,2026/09/27 18:56:48.666,67.57,1976,78,0x0000000000000000,87.3
1790535418,2026/09/27 18:56:58.722,68.25,1976,78,0x0000000000000000,87.2
1790535428,2026/09/27 18:57:08.777,67.80,1976,78,0x0000000000000000,87.2
1790535438,2026/09/27 18:57:18.834,67.08,1976,78,0x0000000000000000,87.4
1790535448,2026/09/27 18:57:28.892,64.39,1976,76,0x0000000000000000,86.4
1790535458,2026/09/27 18:57:38.947,68.74,1976,79,0x0000000000000000,87.4
1790535469,2026/09/27 18:57:49.004,65.10,1976,78,0x0000000000000000,86.8
1790535479,2026/09/27 18:57:59.060,67.98,1976,78,0x0000000000000000,87.3
1790535489,2026/09/27 18:58:09.115,65.64,1976,79,0x0000000000000000,87.0
1790535499,2026/09/27 18:58:19.172,67.08,1976,77,0x0000000000000000,87.2
1790535509,2026/09/27 18:58:29.226,65.51,1976,79,0x0000000000000000,86.7
1790535519,2026/09/27 18:58:39.284,68.90,1976,79,0x0000000000000000,87.2
1790535529,2026/09/27 18:58:49.340,65.62,1976,78,0x0000000000000000,86.9
1790535539,2026/09/27 18:58:59.396,68.24,1976,78,0x0000000000000000,87.2
1790535549,2026/09/27 18:59:09.453,67.85,1976,78,0x0000000000000000,87.2
1790535559,2026/09/27 18:59:19.512,68.20,1976,78,0x0000000000000000,86.8
1790535569,2026/09/27 18:59:29.569,68.09,1976,78,0x0000000000000000,87.2
1790535579,2026/09/27 18:59:39.625,67.43,1976,77,0x0000000000000000,87.5
1790535589,2026/09/27 18:59:49.673,68.21,1976,78,0x0000000000000000,87.1
1790535599,2026/09/27 18:59:59.726,68.29,1976,78,0x0000000000000000,87.3
1790535609,2026/09/27 19:00:09.780,70.55,1976,79,0x0000000000000000,87.1
1790535619,2026/09/27 19:00:19.829,68.02,1976,78,0x0000000000000000,86.9
1790535629,2026/09/27 19:00:29.894,69.19,1976,78,0x0000000000000000,87.5
1790535639,2026/09/27 19:00:39.950,65.93,1976,78,0x0000000000000000,86.8
1790535650,2026/09/27 19:00:50.007,67.94,1976,77,0x0000000000000000,86.8
1790535660,2026/09/27 19:01:00.068,65.61,1976,79,0x0000000000000000,86.9
1790535670,2026/09/27 19:01:10.125,66.55,1976,77,0x0000000000000000,87.0
1790535680,2026/09/27 19:01:20.180,67.98,1976,78,0x0000000000000000,87.1
1790535690,2026/09/27 19:01:30.234,69.21,1976,78,0x0000000000000000,87.7
1790535700,2026/09/27 19:01:40.285,66.70,1976,78,0x0000000000000000,86.9
1790535710,2026/09/27 19:01:50.339,67.42,1976,78,0x0000000000000000,86.9
1790535720,2026/09/27 19:02:00.395,67.21,1976,77,0x0000000000000000,87.1
1790535730,2026/09/27 19:02:10.454,57.92,1976,78,0x0000000000000000,85.1
1790535740,2026/09/27 19:02:20.515,68.00,1976,78,0x0000000000000000,86.9
1790535750,2026/09/27 19:02:30.575,67.94,1976,78,0x0000000000000000,87.0
1790535760,2026/09/27 19:02:40.631,68.07,1976,78,0x0000000000000000,87.0
1790535770,2026/09/27 19:02:50.685,67.68,1976,78,0x0000000000000000,87.3
1790535780,2026/09/27 19:03:00.740,67.30,1976,77,0x0000000000000000,86.5
1790535790,2026/09/27 19:03:10.797,64.85,1976,78,0x0000000000000000,86.5
1790535800,2026/09/27 19:03:20.856,67.11,1976,78,0x0000000000000000,87.2
1790535810,2026/09/27 19:03:30.910,67.03,1976,78,0x0000000000000000,87.2
1790535820,2026/09/27 19:03:40.966,67.90,1976,78,0x0000000000000000,87.0
1790535831,2026/09/27 19:03:51.021,69.07,1976,79,0x0000000000000000,87.5
1790535841,2026/09/27 19:04:01.078,66.59,1976,78,0x0000000000000000,87.1
1790535851,2026/09/27 19:04:11.131,68.44,1976,78,0x0000000000000000,87.3
1790535861,2026/09/27 19:04:21.195,69.36,1976,79,0x0000000000000000,87.3
1790535871,2026/09/27 19:04:31.249,66.07,1976,78,0x0000000000000000,86.7
1790535881,2026/09/27 19:04:41.305,67.65,1976,78,0x0000000000000000,86.9
1790535891,2026/09/27 19:04:51.365,69.38,1976,79,0x0000000000000000,86.7
1790535901,2026/09/27 19:05:01.420,67.85,1976,78,0x0000000000000000,87.2
1790535911,2026/09/27 19:05:11.474,67.03,1976,78,0x0000000000000000,86.9
1790535921,2026/09/27 19:05:21.532,67.80,1976,77,0x0000000000000000,87.0
1790535931,2026/09/27 19:05:31.586,68.15,1976,78,0x0000000000000000,86.9
1790535941,2026/09/27 19:05:41.642,64.89,1976,78,0x0000000000000000,86.8
1790535951,2026/09/27 19:05:51.697,67.67,1976,77,0x0000000000000000,86.9
1790535961,2026/09/27 19:06:01.751,67.56,1976,78,0x0000000000000000,87.1
1790535971,2026/09/27 19:06:11.807,67.97,1976,78,0x0000000000000000,87.2
1790535981,2026/09/27 19:06:21.862,67.75,1976,78,0x0000000000000000,86.9
1790535991,2026/09/27 19:06:31.920,63.95,1976,77,0x0000000000000000,86.0
1790536001,2026/09/27 19:06:41.979,69.23,1976,79,0x0000000000000000,87.5
1790536012,2026/09/27 19:06:52.035,66.38,1976,78,0x0000000000000000,87.2
1790536022,2026/09/27 19:07:02.092,67.49,1976,78,0x0000000000000000,87.1
1790536032,2026/09/27 19:07:12.145,68.14,1976,79,0x0000000000000000,87.2
1790536042,2026/09/27 19:07:22.200,66.19,1976,78,0x0000000000000000,87.0
1790536052,2026/09/27 19:07:32.257,68.15,1976,77,0x0000000000000000,86.8
1790536062,2026/09/27 19:07:42.316,69.37,1976,79,0x0000000000000000,87.2
1790536072,2026/09/27 19:07:52.370,67.71,1976,78,0x0000000000000000,86.9
1790536082,2026/09/27 19:08:02.420,67.58,1976,78,0x0000000000000000,86.4
1790536092,2026/09/27 19:08:12.482,67.13,1976,79,0x0000000000000000,87.1
1790536102,2026/09/27 19:08:22.541,67.31,1976,78,0x0000000000000000,86.9
1790536112,2026/09/27 19:08:32.598,67.48,1976,78,0x0000000000000000,87.3
1790536122,2026/09/27 19:08:42.653,68.27,1976,78,0x0000000000000000,87.0
1790536132,2026/09/27 19:08:52.707,67.42,1976,78,0x0000000000000000,87.0
1790536142,2026/09/27 19:09:02.761,67.97,1976,78,0x0000000000000000,87.4
1790536152,2026/09/27 19:09:12.810,69.21,1976,79,0x0000000000000000,87.0
1790536162,2026/09/27 19:09:22.862,67.50,1976,78,0x0000000000000000,87.0
1790536172,2026/09/27 19:09:32.917,67.47,1976,78,0x0000000000000000,87.3
1790536182,2026/09/27 19:09:42.970,66.56,1976,78,0x0000000000000000,86.4
1790536193,2026/09/27 19:09:53.027,67.25,1976,78,0x0000000000000000,87.1
1790536203,2026/09/27 19:10:03.083,69.32,1976,79,0x0000000000000000,87.4
1790536213,2026/09/27 19:10:13.147,66.12,1976,77,0x0000000000000000,86.2
1790536223,2026/09/27 19:10:23.207,60.33,1976,77,0x0000000000000000,85.4
1790536233,2026/09/27 19:10:33.262,69.36,1976,79,0x0000000000000000,87.2
1790536243,2026/09/27 19:10:43.324,67.93,1976,78,0x0000000000000000,86.9
1790536253,2026/09/27 19:10:53.380,68.22,1976,78,0x0000000000000000,87.1
1790536263,2026/09/27 19:11:03.437,68.09,1976,79,0x0000000000000000,86.9
1790536273,2026/09/27 19:11:13.497,65.14,1976,78,0x0000000000000000,86.3
1790536283,2026/09/27 19:11:23.553,67.36,1976,78,0x0000000000000000,87.0
1790536293,2026/09/27 19:11:33.608,68.14,1976,78,0x0000000000000000,86.9
1790536303,2026/09/27 19:11:43.665,64.63,1976,78,0x0000000000000000,86.8
1790536313,2026/09/27 19:11:53.726,68.01,1976,78,0x0000000000000000,87.2
1790536323,2026/09/27 19:12:03.779,67.54,1976,77,0x0000000000000000,86.7
1790536333,2026/09/27 19:12:13.836,67.68,1976,79,0x0000000000000000,86.8
1790536343,2026/09/27 19:12:23.896,67.89,1976,78,0x0000000000000000,87.3
1790536353,2026/09/27 19:12:33.951,68.01,1976,78,0x0000000000000000,87.1
1790536364,2026/09/27 19:12:44.008,68.19,1976,78,0x0000000000000000,87.1
1790536374,2026/09/27 19:12:54.067,66.52,1976,78,0x0000000000000000,87.0
1790536384,2026/09/27 19:13:04.126,65.96,1976,78,0x0000000000000000,87.2
1790536394,2026/09/27 19:13:14.178,68.10,1976,78,0x0000000000000000,87.2
1790536404,2026/09/27 19:13:24.230,69.47,1976,79,0x0000000000000000,87.0
1790536414,2026/09/27 19:13:34.290,66.25,1976,78,0x0000000000000000,86.7
1790536424,2026/09/27 19:13:44.347,68.46,1976,78,0x0000000000000000,87.2
1790536434,2026/09/27 19:13:54.406,67.66,1976,78,0x0000000000000000,86.9
1790536444,2026/09/27 19:14:04.462,65.74,1976,78,0x0000000000000000,87.1
1790536454,2026/09/27 19:14:14.519,66.17,1976,77,0x0000000000000000,86.1
1790536464,2026/09/27 19:14:24.575,67.94,1976,78,0x0000000000000000,87.0
1790536474,2026/09/27 19:14:34.628,66.93,1976,78,0x0000000000000000,86.9
1790536484,2026/09/27 19:14:44.681,67.79,1976,78,0x0000000000000000,87.1
1790536494,2026/09/27 19:14:54.733,68.10,1976,78,0x0000000000000000,87.0
1790536504,2026/09/27 19:15:04.786,67.29,1976,78,0x0000000000000000,87.0
1790536514,2026/09/27 19:15:14.936,68.15,1976,78,0x0000000000000000,86.4
1790536525,2026/09/27 19:15:24.996,66.95,1976,78,0x0000000000000000,87.0
1790536535,2026/09/27 19:15:35.051,66.91,1976,78,0x0000000000000000,86.9
1790536545,2026/09/27 19:15:45.107,65.65,1976,79,0x0000000000000000,87.0
1790536555,2026/09/27 19:15:55.164,64.83,1976,77,0x0000000000000000,86.9
1790536565,2026/09/27 19:16:05.223,67.83,1976,79,0x0000000000000000,87.2
1790536575,2026/09/27 19:16:15.283,68.08,1976,79,0x0000000000000000,87.1
1790536585,2026/09/27 19:16:25.341,66.32,1976,78,0x0000000000000000,86.9
1790536595,2026/09/27 19:16:35.394,68.44,1976,78,0x0000000000000000,87.4
1790536605,2026/09/27 19:16:45.446,66.38,1976,78,0x0000000000000000,87.1
1790536615,2026/09/27 19:16:55.501,64.72,1976,78,0x0000000000000000,87.0
1790536625,2026/09/27 19:17:05.556,67.62,1976,78,0x0000000000000000,87.3
1790536635,2026/09/27 19:17:15.614,68.01,1976,78,0x0000000000000000,87.1
1790536645,2026/09/27 19:17:25.670,67.39,1976,78,0x0000000000000000,87.1
1790536655,2026/09/27 19:17:35.722,67.49,1976,78,0x0000000000000000,87.1
1790536665,2026/09/27 19:17:45.777,68.31,1976,78,0x0000000000000000,86.8
1790536675,2026/09/27 19:17:55.832,67.14,1976,78,0x0000000000000000,87.0
1790536685,2026/09/27 19:18:05.890,68.26,1976,78,0x0000000000000000,87.7
1790536695,2026/09/27 19:18:15.946,67.58,1976,77,0x0000000000000000,86.6
1790536706,2026/09/27 19:18:26.006,67.18,1976,78,0x0000000000000000,87.0
1790536716,2026/09/27 19:18:36.063,69.41,1976,79,0x0000000000000000,86.9
1790536726,2026/09/27 19:18:46.119,65.75,1976,78,0x0000000000000000,86.9
1790536736,2026/09/27 19:18:56.176,68.10,1976,78,0x0000000000000000,86.9
1790536746,2026/09/27 19:19:06.232,69.60,1976,79,0x0000000000000000,87.7
1790536756,2026/09/27 19:19:16.289,65.04,1976,78,0x0000000000000000,86.8
1790536766,2026/09/27 19:19:26.345,68.06,1976,78,0x0000000000000000,86.9
1790536776,2026/09/27 19:19:36.398,66.48,1976,77,0x0000000000000000,87.0
1790536786,2026/09/27 19:19:46.452,65.16,1976,78,0x0000000000000000,87.0
1790536796,2026/09/27 19:19:56.513,67.55,1976,78,0x0000000000000000,87.1
1790536806,2026/09/27 19:20:06.569,68.00,1976,77,0x0000000000000000,86.8
1790536816,2026/09/27 19:20:16.624,64.93,1976,78,0x0000000000000000,86.5
1790536826,2026/09/27 19:20:26.679,67.58,1976,79,0x0000000000000000,87.0
1790536836,2026/09/27 19:20:36.738,68.56,1976,78,0x0000000000000000,87.2
1790536846,2026/09/27 19:20:46.793,70.64,1976,77,0x0000000000000000,86.1
1790536856,2026/09/27 19:20:56.854,64.61,1976,78,0x0000000000000000,87.0
1790536866,2026/09/27 19:21:06.928,68.69,1976,80,0x0000000000000000,87.6
1790536877,2026/09/27 19:21:16.989,67.75,1976,79,0x0000000000000000,87.1
1790536887,2026/09/27 19:21:27.041,66.93,1976,78,0x0000000000000000,87.6
1790536897,2026/09/27 19:21:37.095,66.74,1976,77,0x0000000000000000,87.1
1790536907,2026/09/27 19:21:47.148,67.75,1976,78,0x0000000000000000,87.5
1790536917,2026/09/27 19:21:57.201,61.28,1976,79,0x0000000000000000,86.7
1790536927,2026/09/27 19:22:07.259,65.99,1976,77,0x0000000000000000,86.3
1790536937,2026/09/27 19:22:17.312,67.06,1976,78,0x0000000000000000,86.8
1790536947,2026/09/27 19:22:27.367,68.19,1976,79,0x0000000000000000,87.1
1790536957,2026/09/27 19:22:37.431,68.58,1976,79,0x0000000000000000,87.6
1790536967,2026/09/27 19:22:47.486,67.85,1976,78,0x0000000000000000,86.5
1790536977,2026/09/27 19:22:57.546,66.79,1976,78,0x0000000000000000,87.3
1790536987,2026/09/27 19:23:07.601,67.60,1976,78,0x0000000000000000,86.8
1790536997,2026/09/27 19:23:17.652,69.10,1976,78,0x0000000000000000,87.3
1790537007,2026/09/27 19:23:27.707,68.29,1976,78,0x0000000000000000,86.8
1790537017,2026/09/27 19:23:37.758,68.49,1976,79,0x0000000000000000,87.1
1790537027,2026/09/27 19:23:47.809,68.64,1976,78,0x0000000000000000,86.7
1790537037,2026/09/27 19:23:57.865,68.04,1976,78,0x0000000000000000,87.2
1790537047,2026/09/27 19:24:07.918,68.41,1976,78,0x0000000000000000,87.4
1790537057,2026/09/27 19:24:17.974,68.76,1976,78,0x0000000000000000,87.0
1790537068,2026/09/27 19:24:28.029,67.94,1976,78,0x0000000000000000,86.9
1790537078,2026/09/27 19:24:38.086,68.08,1976,78,0x0000000000000000,87.3
1790537088,2026/09/27 19:24:48.147,65.13,1976,77,0x0000000000000000,86.7
1790537098,2026/09/27 19:24:58.200,67.56,1976,78,0x0000000000000000,87.1
1790537108,2026/09/27 19:25:08.255,60.94,1976,79,0x0000000000000000,86.4
1790537118,2026/09/27 19:25:18.314,67.39,1976,78,0x0000000000000000,87.2
1790537128,2026/09/27 19:25:28.368,66.27,1976,78,0x0000000000000000,85.8
1790537138,2026/09/27 19:25:38.424,68.63,1976,79,0x0000000000000000,87.1
1790537148,2026/09/27 19:25:48.482,67.70,1976,78,0x0000000000000000,87.1
1790537158,2026/09/27 19:25:58.539,67.72,1976,78,0x0000000000000000,87.1
1790537168,2026/09/27 19:26:08.594,68.29,1976,79,0x0000000000000000,86.2
1790537178,2026/09/27 19:26:18.653,64.88,1976,78,0x0000000000000000,86.7
1790537188,2026/09/27 19:26:28.709,65.18,1976,77,0x0000000000000000,86.3
1790537198,2026/09/27 19:26:38.761,67.29,1976,77,0x0000000000000000,86.8
1790537208,2026/09/27 19:26:48.818,63.17,1976,78,0x0000000000000000,86.1
1790537218,2026/09/27 19:26:58.870,68.23,1976,78,0x0000000000000000,87.0
1790537228,2026/09/27 19:27:08.922,67.67,1976,77,0x0000000000000000,87.3
1790537238,2026/09/27 19:27:18.977,67.66,1976,78,0x0000000000000000,87.1
1790537249,2026/09/27 19:27:29.036,64.54,1976,77,0x0000000000000000,85.8
1790537259,2026/09/27 19:27:39.094,67.24,1976,78,0x0000000000000000,86.6
1790537269,2026/09/27 19:27:49.151,67.72,1976,78,0x0000000000000000,87.2
1790537279,2026/09/27 19:27:59.203,69.16,1976,79,0x0000000000000000,87.6
1790537289,2026/09/27 19:28:09.258,66.52,1976,79,0x0000000000000000,87.0
1790537299,2026/09/27 19:28:19.318,67.96,1976,78,0x0000000000000000,87.2
1790537309,2026/09/27 19:28:29.371,69.10,1976,79,0x0000000000000000,87.5
1790537319,2026/09/27 19:28:39.426,65.69,1976,78,0x0000000000000000,86.8
1790537329,2026/09/27 19:28:49.483,68.07,1976,79,0x0000000000000000,86.9
1790537339,2026/09/27 19:28:59.542,68.99,1976,79,0x0000000000000000,86.6
1790537349,2026/09/27 19:29:09.602,65.14,1976,78,0x0000000000000000,86.5
1790537359,2026/09/27 19:29:19.657,68.10,1976,78,0x0000000000000000,87.3
1790537369,2026/09/27 19:29:29.711,68.15,1976,79,0x0000000000000000,87.4
1790537379,2026/09/27 19:29:39.771,68.21,1976,78,0x0000000000000000,86.8
1790537389,2026/09/27 19:29:49.827,66.16,1976,78,0x0000000000000000,86.3
1790537399,2026/09/27 19:29:59.889,67.42,1976,78,0x0000000000000000,86.6
1790537409,2026/09/27 19:30:09.947,68.18,1976,79,0x0000000000000000,86.8
1790537420,2026/09/27 19:30:20.014,68.26,1976,78,0x0000000000000000,87.1
1790537430,2026/09/27 19:30:30.069,71.13,1976,79,0x0000000000000000,87.1
1790537440,2026/09/27 19:30:40.119,64.31,1976,78,0x0000000000000000,86.8
1790537450,2026/09/27 19:30:50.175,69.09,1976,79,0x0000000000000000,87.4
1790537460,2026/09/27 19:31:00.233,66.05,1976,78,0x0000000000000000,87.0
1790537470,2026/09/27 19:31:10.285,68.19,1976,78,0x0000000000000000,86.9
1790537480,2026/09/27 19:31:20.343,65.22,1976,79,0x0000000000000000,86.7
1790537490,2026/09/27 19:31:30.403,66.63,1976,78,0x0000000000000000,87.2
1790537500,2026/09/27 19:31:40.459,67.36,1976,78,0x0000000000000000,86.4
1790537510,2026/09/27 19:31:50.512,69.17,1976,78,0x0000000000000000,87.7
1790537520,2026/09/27 19:32:00.564,66.18,1976,78,0x0000000000000000,87.0
1790537530,2026/09/27 19:32:10.616,67.11,1976,78,0x0000000000000000,87.1
1790537540,2026/09/27 19:32:20.667,68.57,1976,79,0x0000000000000000,86.5
1790537550,2026/09/27 19:32:30.722,67.40,1976,78,0x0000000000000000,87.1
1790537560,2026/09/27 19:32:40.778,67.86,1976,78,0x0000000000000000,87.1
1790537570,2026/09/27 19:32:50.834,67.36,1976,78,0x0000000000000000,86.5
1790537580,2026/09/27 19:33:00.890,66.84,1976,79,0x0000000000000000,86.9
1790537590,2026/09/27 19:33:10.946,67.67,1976,78,0x0000000000000000,87.1
1790537601,2026/09/27 19:33:20.999,67.71,1976,78,0x0000000000000000,87.0
1790537611,2026/09/27 19:33:31.053,67.35,1976,78,0x0000000000000000,86.9
1790537621,2026/09/27 19:33:41.109,68.08,1976,79,0x0000000000000000,87.1
1790537631,2026/09/27 19:33:51.163,67.66,1976,79,0x0000000000000000,86.4
1790537641,2026/09/27 19:34:01.217,65.87,1976,77,0x0000000000000000,86.3
1790537651,2026/09/27 19:34:11.269,68.91,1976,79,0x0000000000000000,87.3
1790537661,2026/09/27 19:34:21.327,66.32,1976,78,0x0000000000000000,87.0
1790537671,2026/09/27 19:34:31.380,68.11,1976,78,0x0000000000000000,86.9
1790537681,2026/09/27 19:34:41.436,69.61,1976,79,0x0000000000000000,87.5
1790537691,2026/09/27 19:34:51.493,66.35,1976,78,0x0000000000000000,86.8
1790537701,2026/09/27 19:35:01.545,68.18,1976,78,0x0000000000000000,87.2
1790537711,2026/09/27 19:35:11.598,68.73,1976,79,0x0000000000000000,86.9
1790537721,2026/09/27 19:35:21.652,65.74,1976,78,0x0000000000000000,86.4
1790537731,2026/09/27 19:35:31.711,68.14,1976,78,0x0000000000000000,86.9
1790537741,2026/09/27 19:35:41.770,67.92,1976,77,0x0000000000000000,87.0
1790537751,2026/09/27 19:35:51.829,64.56,1976,78,0x0000000000000000,87.0
1790537761,2026/09/27 19:36:01.912,68.10,1976,78,0x0000000000000000,86.4
1790537772,2026/09/27 19:36:12.013,67.95,1976,78,0x0000000000000000,86.7
1790537782,2026/09/27 19:36:22.069,67.28,1976,79,0x0000000000000000,86.8
1790537792,2026/09/27 19:36:32.126,68.23,1976,78,0x0000000000000000,87.3
1790537802,2026/09/27 19:36:42.178,68.03,1976,78,0x0000000000000000,86.9
1790537812,2026/09/27 19:36:52.233,67.38,1976,78,0x0000000000000000,86.4
1790537822,2026/09/27 19:37:02.294,69.30,1976,79,0x0000000000000000,87.3
1790537832,2026/09/27 19:37:12.351,66.73,1976,78,0x0000000000000000,86.7
1790537842,2026/09/27 19:37:22.404,68.05,1976,78,0x0000000000000000,87.0
1790537852,2026/09/27 19:37:32.459,67.00,1976,79,0x0000000000000000,87.0
1790537862,2026/09/27 19:37:42.509,65.69,1976,78,0x0000000000000000,86.9
1790537872,2026/09/27 19:37:52.567,67.66,1976,78,0x0000000000000000,87.1
1790537882,2026/09/27 19:38:02.622,69.12,1976,79,0x0000000000000000,87.1
1790537892,2026/09/27 19:38:12.680,66.94,1976,78,0x0000000000000000,86.8
1790537902,2026/09/27 19:38:22.732,67.20,1976,78,0x0000000000000000,86.5
1790537912,2026/09/27 19:38:32.788,69.44,1976,79,0x0000000000000000,87.1
1790537922,2026/09/27 19:38:42.847,66.24,1976,78,0x0000000000000000,86.6
1790537932,2026/09/27 19:38:52.901,66.74,1976,78,0x0000000000000000,87.2
1790537942,2026/09/27 19:39:02.958,68.71,1976,78,0x0000000000000000,87.0
1790537953,2026/09/27 19:39:13.017,67.43,1976,78,0x0000000000000000,87.1
1790537963,2026/09/27 19:39:23.072,67.23,1976,78,0x0000000000000000,87.3
1790537973,2026/09/27 19:39:33.127,67.18,1976,79,0x0000000000000000,87.0
1790537983,2026/09/27 19:39:43.183,64.21,1976,78,0x0000000000000000,87.0
1790537993,2026/09/27 19:39:53.236,66.98,1976,78,0x0000000000000000,87.5
1790538003,2026/09/27 19:40:03.290,66.79,1976,78,0x0000000000000000,86.9
1790538013,2026/09/27 19:40:13.349,65.12,1976,77,0x0000000000000000,86.5
1790538023,2026/09/27 19:40:23.405,69.28,1976,79,0x0000000000000000,87.4
1790538033,2026/09/27 19:40:33.462,66.83,1976,79,0x0000000000000000,87.0
1790538043,2026/09/27 19:40:43.517,67.59,1976,78,0x0000000000000000,86.5
1790538053,2026/09/27 19:40:53.573,66.86,1976,78,0x0000000000000000,87.3
1790538063,2026/09/27 19:41:03.625,67.36,1976,78,0x0000000000000000,87.3
1790538073,2026/09/27 19:41:13.680,64.45,1976,77,0x0000000000000000,86.5
1790538083,2026/09/27 19:41:23.739,68.12,1976,79,0x0000000000000000,87.1
1790538093,2026/09/27 19:41:33.796,67.37,1976,78,0x0000000000000000,87.4
1790538103,2026/09/27 19:41:43.850,68.32,1976,79,0x0000000000000000,87.4
1790538113,2026/09/27 19:41:53.905,68.17,1976,77,0x0000000000000000,87.0
1790538123,2026/09/27 19:42:03.958,64.36,1976,78,0x0000000000000000,86.7
1790538134,2026/09/27 19:42:14.010,68.33,1976,78,0x0000000000000000,87.4
1790538144,2026/09/27 19:42:24.066,67.20,1976,79,0x0000000000000000,87.0
1790538154,2026/09/27 19:42:34.122,63.27,1976,78,0x0000000000000000,86.3
1790538164,2026/09/27 19:42:44.175,65.29,1976,78,0x0000000000000000,86.9
1790538174,2026/09/27 19:42:54.230,69.48,1976,78,0x0000000000000000,86.8
1790538184,2026/09/27 19:43:04.286,68.23,1976,78,0x0000000000000000,87.2
1790538194,2026/09/27 19:43:14.343,69.83,1976,79,0x0000000000000000,87.7
1790538204,2026/09/27 19:43:24.398,65.41,1976,78,0x0000000000000000,87.1
1790538214,2026/09/27 19:43:34.451,61.24,1976,77,0x0000000000000000,86.2
1790538224,2026/09/27 19:43:44.503,66.69,1976,79,0x0000000000000000,87.2
1790538234,2026/09/27 19:43:54.571,65.26,1976,78,0x0000000000000000,86.9
1790538244,2026/09/27 19:44:04.627,65.22,1976,77,0x0000000000000000,86.4
1790538254,2026/09/27 19:44:14.682,69.94,1976,79,0x0000000000000000,87.2
1790538264,2026/09/27 19:44:24.738,65.38,1976,77,0x0000000000000000,86.2
1790538274,2026/09/27 19:44:34.790,68.09,1976,78,0x0000000000000000,87.2
1790538284,2026/09/27 19:44:44.844,68.54,1976,77,0x0000000000000000,87.1
1790538294,2026/09/27 19:44:54.901,66.25,1976,78,0x0000000000000000,86.4
1790538304,2026/09/27 19:45:04.958,65.70,1976,78,0x0000000000000000,86.8
1790538315,2026/09/27 19:45:15.015,67.75,1976,77,0x0000000000000000,86.5
1790538325,2026/09/27 19:45:25.070,67.09,1976,79,0x0000000000000000,86.9
1790538335,2026/09/27 19:45:35.125,64.68,1976,77,0x0000000000000000,86.2
1790538345,2026/09/27 19:45:45.176,67.29,1976,76,0x0000000000000000,86.6
1790538355,2026/09/27 19:45:55.230,64.64,1976,78,0x0000000000000000,86.5
1790538365,2026/09/27 19:46:05.283,65.72,1976,78,0x0000000000000000,87.4
1790538375,2026/09/27 19:46:15.336,63.53,1976,78,0x0000000000000000,86.3
1790538385,2026/09/27 19:46:25.394,67.38,1976,78,0x0000000000000000,86.9
1790538395,2026/09/27 19:46:35.447,69.62,1976,79,0x0000000000000000,87.6
1790538405,2026/09/27 19:46:45.501,65.47,1976,78,0x0000000000000000,86.8
1790538415,2026/09/27 19:46:55.552,67.24,1976,78,0x0000000000000000,87.0
1790538425,2026/09/27 19:47:05.607,69.10,1976,79,0x0000000000000000,87.2
1790538435,2026/09/27 19:47:15.663,65.61,1976,78,0x0000000000000000,87.0
1790538445,2026/09/27 19:47:25.716,67.96,1976,78,0x0000000000000000,87.1
1790538455,2026/09/27 19:47:35.773,69.54,1976,79,0x0000000000000000,87.6
1790538465,2026/09/27 19:47:45.831,68.18,1976,78,0x0000000000000000,87.2
1790538475,2026/09/27 19:47:55.883,64.92,1976,77,0x0000000000000000,86.3
1790538485,2026/09/27 19:48:05.940,70.39,1976,78,0x0000000000000000,87.5
1790538496,2026/09/27 19:48:15.995,68.04,1976,78,0x0000000000000000,87.3
1790538506,2026/09/27 19:48:26.049,67.96,1976,78,0x0000000000000000,86.6
1790538516,2026/09/27 19:48:36.113,68.04,1976,78,0x0000000000000000,86.5
1790538526,2026/09/27 19:48:46.171,68.30,1976,78,0x0000000000000000,87.1
1790538536,2026/09/27 19:48:56.225,68.42,1976,78,0x0000000000000000,87.6
1790538546,2026/09/27 19:49:06.274,68.52,1976,77,0x0000000000000000,86.9
1790538556,2026/09/27 19:49:16.337,67.21,1995,78,0x0000000000000000,86.8
1790538566,2026/09/27 19:49:26.399,69.93,1976,79,0x0000000000000000,88.0
1790538576,2026/09/27 19:49:36.465,67.74,1976,79,0x0000000000000000,86.9
1790538586,2026/09/27 19:49:46.518,67.26,1976,78,0x0000000000000000,86.7
1790538596,2026/09/27 19:49:56.578,69.80,1976,79,0x0000000000000000,87.5
1790538606,2026/09/27 19:50:06.637,65.70,1976,78,0x0000000000000000,86.9
1790538616,2026/09/27 19:50:16.694,68.18,1976,78,0x0000000000000000,87.2
1790538626,2026/09/27 19:50:26.749,69.81,1976,78,0x0000000000000000,87.4
1790538636,2026/09/27 19:50:36.802,65.37,1976,78,0x0000000000000000,86.9
1790538646,2026/09/27 19:50:46.859,67.38,1976,78,0x0000000000000000,86.9
1790538656,2026/09/27 19:50:56.913,67.25,1976,77,0x0000000000000000,86.7
1790538666,2026/09/27 19:51:06.976,67.16,1976,78,0x0000000000000000,86.4
1790538677,2026/09/27 19:51:17.034,67.57,1976,78,0x0000000000000000,87.4
1790538687,2026/09/27 19:51:27.087,70.63,1976,78,0x0000000000000000,86.7
1790538697,2026/09/27 19:51:37.136,64.41,1976,77,0x0000000000000000,86.1
1790538707,2026/09/27 19:51:47.193,67.34,1976,78,0x0000000000000000,87.2
1790538717,2026/09/27 19:51:57.250,67.42,1976,77,0x0000000000000000,86.4
1790538727,2026/09/27 19:52:07.309,57.78,1976,78,0x0000000000000000,85.6
1790538737,2026/09/27 19:52:17.363,68.51,1976,79,0x0000000000000000,86.9
1790538747,2026/09/27 19:52:27.416,66.67,1976,77,0x0000000000000000,86.6
1790538757,2026/09/27 19:52:37.474,67.62,1976,78,0x0000000000000000,86.9
1790538767,2026/09/27 19:52:47.536,67.84,1976,78,0x0000000000000000,86.9
1790538777,2026/09/27 19:52:57.590,68.43,1976,78,0x0000000000000000,88.3
1790538787,2026/09/27 19:53:07.646,67.29,1976,78,0x0000000000000000,87.2
1790538797,2026/09/27 19:53:17.701,68.36,1976,78,0x0000000000000000,87.4
1790538807,2026/09/27 19:53:27.757,68.05,1976,78,0x0000000000000000,87.3
1790538817,2026/09/27 19:53:37.807,67.43,1976,78,0x0000000000000000,87.2
1790538827,2026/09/27 19:53:47.860,68.68,1976,78,0x0000000000000000,87.4
1790538837,2026/09/27 19:53:57.918,69.13,1976,79,0x0000000000000000,87.6
1790538847,2026/09/27 19:54:07.974,66.58,1976,78,0x0000000000000000,86.6
1790538858,2026/09/27 19:54:18.028,67.81,1976,78,0x0000000000000000,87.2
1790538868,2026/09/27 19:54:28.082,65.87,1976,79,0x0000000000000000,86.3
1790538878,2026/09/27 19:54:38.144,67.34,1976,78,0x0000000000000000,87.3
1790538888,2026/09/27 19:54:48.200,67.19,1976,78,0x0000000000000000,86.9
1790538898,2026/09/27 19:54:58.254,69.23,1976,79,0x0000000000000000,87.1
1790538908,2026/09/27 19:55:08.308,68.29,1976,78,0x0000000000000000,87.1
1790538918,2026/09/27 19:55:18.369,68.56,1976,78,0x0000000000000000,87.2
1790538928,2026/09/27 19:55:28.434,68.18,1976,77,0x0000000000000000,87.0
1790538938,2026/09/27 19:55:38.490,68.11,1976,78,0x0000000000000000,86.9
1790538948,2026/09/27 19:55:48.541,67.78,1976,78,0x0000000000000000,87.0
1790538958,2026/09/27 19:55:58.594,68.50,1976,78,0x0000000000000000,86.7
1790538968,2026/09/27 19:56:08.653,64.27,1976,78,0x0000000000000000,86.4
1790538978,2026/09/27 19:56:18.710,67.51,1976,78,0x0000000000000000,87.2
1790538988,2026/09/27 19:56:28.765,67.96,1976,78,0x0000000000000000,87.0
1790538998,2026/09/27 19:56:38.821,67.85,1976,78,0x0000000000000000,87.1
1790539008,2026/09/27 19:56:48.870,68.04,1976,78,0x0000000000000000,87.2
1790539018,2026/09/27 19:56:58.924,68.03,1976,79,0x0000000000000000,87.1
1790539028,2026/09/27 19:57:08.978,67.97,1976,78,0x0000000000000000,86.9
1790539039,2026/09/27 19:57:19.035,68.96,1976,79,0x0000000000000000,87.2
1790539049,2026/09/27 19:57:29.093,66.62,1976,79,0x0000000000000000,87.0
1790539059,2026/09/27 19:57:39.150,67.77,1976,78,0x0000000000000000,87.1
1790539069,2026/09/27 19:57:49.205,69.15,1976,79,0x0000000000000000,87.2
1790539079,2026/09/27 19:57:59.246,67.44,1976,78,0x0000000000000000,86.9
1790539089,2026/09/27 19:58:09.300,68.07,1976,78,0x0000000000000000,87.2
1790539099,2026/09/27 19:58:19.352,68.69,1976,79,0x0000000000000000,86.8
1790539109,2026/09/27 19:58:29.411,66.22,1976,78,0x0000000000000000,87.0
1790539119,2026/09/27 19:58:39.466,68.31,1976,78,0x0000000000000000,87.0
1790539129,2026/09/27 19:58:49.520,68.18,1976,78,0x0000000000000000,86.8
1790539139,2026/09/27 19:58:59.581,67.93,1976,78,0x0000000000000000,86.8
1790539149,2026/09/27 19:59:09.635,64.60,1976,78,0x0000000000000000,86.7
1790539159,2026/09/27 19:59:19.694,68.13,1976,78,0x0000000000000000,86.8
1790539169,2026/09/27 19:59:29.751,68.26,1976,78,0x0000000000000000,87.2
1790539179,2026/09/27 19:59:39.806,65.28,1976,76,0x0000000000000000,86.4
1790539189,2026/09/27 19:59:49.861,67.02,1976,77,0x0000000000000000,86.6
1790539199,2026/09/27 19:59:59.919,65.04,1976,78,0x0000000000000000,85.2
1790539209,2026/09/27 20:00:09.979,69.52,1976,79,0x0000000000000000,87.3
1790539220,2026/09/27 20:00:20.035,66.32,1976,78,0x0000000000000000,86.8
1790539230,2026/09/27 20:00:30.093,67.74,1976,78,0x0000000000000000,86.9
1790539240,2026/09/27 20:00:40.147,68.82,1976,79,0x0000000000000000,87.0
1790539250,2026/09/27 20:00:50.204,66.53,1976,78,0x0000000000000000,86.8
1790539260,2026/09/27 20:01:00.257,67.14,1976,78,0x0000000000000000,86.7
1790539270,2026/09/27 20:01:10.313,69.35,1976,79,0x0000000000000000,87.2
1790539280,2026/09/27 20:01:20.372,65.67,1976,78,0x0000000000000000,86.7
1790539290,2026/09/27 20:01:30.436,67.53,1976,78,0x0000000000000000,86.7
1790539300,2026/09/27 20:01:40.495,68.29,1976,78,0x0000000000000000,86.7
1790539310,2026/09/27 20:01:50.550,67.90,1976,78,0x0000000000000000,86.9
1790539320,2026/09/27 20:02:00.606,67.86,1976,79,0x0000000000000000,87.0
1790539330,2026/09/27 20:02:10.660,67.90,1976,78,0x0000000000000000,86.5
1790539340,2026/09/27 20:02:20.716,67.83,1976,78,0x0000000000000000,87.0
1790539350,2026/09/27 20:02:30.769,67.70,1976,78,0x0000000000000000,87.2
1790539360,2026/09/27 20:02:40.823,67.52,1976,77,0x0000000000000000,87.1
1790539370,2026/09/27 20:02:50.881,68.06,1976,78,0x0000000000000000,86.5
1790539380,2026/09/27 20:03:00.941,68.50,1976,78,0x0000000000000000,87.2
1790539391,2026/09/27 20:03:10.995,59.09,1976,78,0x0000000000000000,85.6
1790539401,2026/09/27 20:03:21.050,67.39,1976,78,0x0000000000000000,86.8
1790539411,2026/09/27 20:03:31.106,69.63,1976,79,0x0000000000000000,87.0
1790539421,2026/09/27 20:03:41.162,65.68,1976,78,0x0000000000000000,86.9
1790539431,2026/09/27 20:03:51.212,67.81,1976,78,0x0000000000000000,86.9
1790539441,2026/09/27 20:04:01.267,69.44,1976,79,0x0000000000000000,87.3
1790539451,2026/09/27 20:04:11.324,65.76,1976,78,0x0000000000000000,86.5
1790539461,2026/09/27 20:04:21.377,67.67,1976,78,0x0000000000000000,86.8
1790539471,2026/09/27 20:04:31.435,69.17,1976,79,0x0000000000000000,86.7
1790539481,2026/09/27 20:04:41.496,67.76,1976,77,0x0000000000000000,86.9
1790539491,2026/09/27 20:04:51.560,68.38,1976,78,0x0000000000000000,87.0
1790539501,2026/09/27 20:05:01.617,67.84,1976,78,0x0000000000000000,86.9
1790539511,2026/09/27 20:05:11.675,65.73,1976,78,0x0000000000000000,86.7
1790539521,2026/09/27 20:05:21.731,67.95,1976,78,0x0000000000000000,87.2
1790539531,2026/09/27 20:05:31.787,67.76,1976,77,0x0000000000000000,86.9
1790539541,2026/09/27 20:05:41.845,67.85,1976,78,0x0000000000000000,87.1
1790539551,2026/09/27 20:05:51.905,65.59,1976,77,0x0000000000000000,86.5
1790539561,2026/09/27 20:06:01.961,67.07,1976,76,0x0000000000000000,86.5
1790539572,2026/09/27 20:06:12.018,67.50,1976,78,0x0000000000000000,86.7
1790539582,2026/09/27 20:06:22.077,69.71,1976,79,0x0000000000000000,87.1
1790539592,2026/09/27 20:06:32.133,66.39,1976,78,0x0000000000000000,86.8
1790539602,2026/09/27 20:06:42.189,67.35,1976,78,0x0000000000000000,87.1
1790539612,2026/09/27 20:06:52.246,57.76,1976,76,0x0000000000000000,85.6
1790539622,2026/09/27 20:07:02.303,65.75,1976,78,0x0000000000000000,86.8
1790539632,2026/09/27 20:07:12.360,68.07,1976,78,0x0000000000000000,87.4
1790539642,2026/09/27 20:07:22.413,69.68,1976,79,0x0000000000000000,87.2
1790539652,2026/09/27 20:07:32.470,65.26,1976,78,0x0000000000000000,86.6
1790539662,2026/09/27 20:07:42.534,67.92,1976,78,0x0000000000000000,87.0
1790539672,2026/09/27 20:07:52.589,68.96,1976,78,0x0000000000000000,87.0
1790539682,2026/09/27 20:08:02.647,68.41,1976,78,0x0000000000000000,86.6
1790539692,2026/09/27 20:08:12.702,68.18,1976,78,0x0000000000000000,87.2
1790539702,2026/09/27 20:08:22.755,67.40,1976,79,0x0000000000000000,87.0
1790539712,2026/09/27 20:08:32.811,67.39,1976,78,0x0000000000000000,86.8
1790539722,2026/09/27 20:08:42.863,68.21,1976,78,0x0000000000000000,87.2
1790539732,2026/09/27 20:08:52.917,68.69,1976,78,0x0000000000000000,87.0
1790539742,2026/09/27 20:09:02.971,67.28,1976,78,0x0000000000000000,86.7
1790539753,2026/09/27 20:09:13.025,67.96,1976,78,0x0000000000000000,87.1
1790539763,2026/09/27 20:09:23.075,66.66,1976,79,0x0000000000000000,86.8
1790539773,2026/09/27 20:09:33.132,67.86,1976,78,0x0000000000000000,87.0
1790539783,2026/09/27 20:09:43.188,69.39,1976,79,0x0000000000000000,87.2
1790539793,2026/09/27 20:09:53.247,65.29,1976,78,0x0000000000000000,87.0
1790539803,2026/09/27 20:10:03.298,67.75,1976,78,0x0000000000000000,86.5
1790539813,2026/09/27 20:10:13.357,69.53,1976,79,0x0000000000000000,87.4
1790539823,2026/09/27 20:10:23.416,64.05,1976,77,0x0000000000000000,86.2
1790539833,2026/09/27 20:10:33.472,68.17,1976,79,0x0000000000000000,86.0
1790539843,2026/09/27 20:10:43.532,69.69,1976,79,0x0000000000000000,86.9
1790539853,2026/09/27 20:10:53.591,68.38,1976,79,0x0000000000000000,86.9
1790539863,2026/09/27 20:11:03.651,64.05,1976,78,0x0000000000000000,86.3
1790539873,2026/09/27 20:11:13.706,68.17,1976,78,0x0000000000000000,86.7
1790539883,2026/09/27 20:11:23.758,68.25,1976,78,0x0000000000000000,87.2
1790539893,2026/09/27 20:11:33.813,67.61,1976,78,0x0000000000000000,87.2
1790539903,2026/09/27 20:11:43.867,68.41,1976,79,0x0000000000000000,86.5
1790539913,2026/09/27 20:11:53.925,68.36,1976,78,0x0000000000000000,86.9
1790539923,2026/09/27 20:12:03.980,67.18,1976,78,0x0000000000000000,86.8
1790539934,2026/09/27 20:12:14.036,68.00,1976,78,0x0000000000000000,86.6
1790539944,2026/09/27 20:12:24.091,68.25,1976,79,0x0000000000000000,87.1
1790539954,2026/09/27 20:12:34.149,69.47,1976,79,0x0000000000000000,87.5
1790539964,2026/09/27 20:12:44.206,65.49,1976,78,0x0000000000000000,86.6
1790539974,2026/09/27 20:12:54.263,68.16,1976,78,0x0000000000000000,87.1
1790539984,2026/09/27 20:13:04.318,66.06,1976,78,0x0000000000000000,86.2
1790539994,2026/09/27 20:13:14.370,65.75,1976,78,0x0000000000000000,86.9
1790540004,2026/09/27 20:13:24.422,67.51,1976,78,0x0000000000000000,86.2
1790540014,2026/09/27 20:13:34.476,69.94,1976,79,0x0000000000000000,86.8
1790540024,2026/09/27 20:13:44.533,66.29,1976,78,0x0000000000000000,86.7
1790540034,2026/09/27 20:13:54.592,68.17,1976,78,0x0000000000000000,87.0
1790540044,2026/09/27 20:14:04.653,67.86,1976,77,0x0000000000000000,86.7
1790540054,2026/09/27 20:14:14.711,68.25,1976,78,0x0000000000000000,86.8
1790540064,2026/09/27 20:14:24.765,65.19,1976,77,0x0000000000000000,85.9
1790540074,2026/09/27 20:14:34.819,70.25,1976,78,0x0000000000000000,87.1
1790540084,2026/09/27 20:14:44.874,67.97,1976,79,0x0000000000000000,86.9
1790540094,2026/09/27 20:14:54.932,65.04,1976,78,0x0000000000000000,87.0
1790540105,2026/09/27 20:15:04.990,67.27,1976,77,0x0000000000000000,86.5
1790540115,2026/09/27 20:15:15.052,67.08,1976,78,0x0000000000000000,87.0
1790540125,2026/09/27 20:15:25.108,69.67,1976,78,0x0000000000000000,87.5
1790540135,2026/09/27 20:15:35.163,66.48,1976,78,0x0000000000000000,86.4
1790540145,2026/09/27 20:15:45.217,67.71,1976,78,0x0000000000000000,86.9
1790540155,2026/09/27 20:15:55.270,69.43,1976,78,0x0000000000000000,87.3
1790540165,2026/09/27 20:16:05.321,65.68,1976,78,0x0000000000000000,86.7
1790540175,2026/09/27 20:16:15.374,68.00,1976,78,0x0000000000000000,87.0
1790540185,2026/09/27 20:16:25.428,68.09,1976,79,0x0000000000000000,87.0
1790540195,2026/09/27 20:16:35.480,68.98,1976,78,0x0000000000000000,87.1
1790540205,2026/09/27 20:16:45.547,68.21,1976,78,0x0000000000000000,86.7
1790540215,2026/09/27 20:16:55.602,68.17,1976,79,0x0000000000000000,86.5
1790540225,2026/09/27 20:17:05.655,67.64,1976,78,0x0000000000000000,86.9
1790540235,2026/09/27 20:17:15.710,67.77,1976,79,0x0000000000000000,87.1
1790540245,2026/09/27 20:17:25.763,67.89,1976,77,0x0000000000000000,86.4
1790540255,2026/09/27 20:17:35.820,67.57,1976,78,0x0000000000000000,86.7
1790540265,2026/09/27 20:17:45.873,67.49,1976,78,0x0000000000000000,86.2
1790540275,2026/09/27 20:17:55.928,67.43,1976,77,0x0000000000000000,86.4
1790540285,2026/09/27 20:18:05.984,67.91,1976,78,0x0000000000000000,86.8
1790540296,2026/09/27 20:18:16.040,68.00,1976,78,0x0000000000000000,87.3
1790540306,2026/09/27 20:18:26.096,67.82,1976,77,0x0000000000000000,86.6
1790540316,2026/09/27 20:18:36.151,67.82,1976,78,0x0000000000000000,86.7
1790540326,2026/09/27 20:18:46.206,68.37,1976,79,0x0000000000000000,86.8
1790540336,2026/09/27 20:18:56.255,65.88,1976,77,0x0000000000000000,86.4
1790540346,2026/09/27 20:19:06.314,67.60,1976,78,0x0000000000000000,87.0
1790540356,2026/09/27 20:19:16.369,70.23,1976,79,0x0000000000000000,87.6
1790540366,2026/09/27 20:19:26.426,65.29,1976,78,0x0000000000000000,86.5
1790540376,2026/09/27 20:19:36.482,64.70,1976,77,0x0000000000000000,84.8
1790540386,2026/09/27 20:19:46.637,69.83,1976,78,0x0000000000000000,87.1
1790540396,2026/09/27 20:19:56.693,67.43,1976,78,0x0000000000000000,86.7
1790540406,2026/09/27 20:20:06.746,65.40,1976,77,0x0000000000000000,85.8
1790540416,2026/09/27 20:20:16.804,67.65,1976,77,0x0000000000000000,86.4
1790540426,2026/09/27 20:20:26.863,68.28,1976,78,0x0000000000000000,87.0
1790540436,2026/09/27 20:20:36.916,58.90,1976,79,0x0000000000000000,86.3
1790540446,2026/09/27 20:20:46.967,61.93,1976,76,0x0000000000000000,87.0
1790540457,2026/09/27 20:20:57.020,69.65,1976,77,0x0000000000000000,86.5
1790540467,2026/09/27 20:21:07.090,68.42,1976,79,0x0000000000000000,87.7
1790540477,2026/09/27 20:21:17.143,67.40,1976,78,0x0000000000000000,87.2
1790540487,2026/09/27 20:21:27.198,67.92,1976,78,0x0000000000000000,87.0
1790540497,2026/09/27 20:21:37.254,69.65,1976,79,0x0000000000000000,87.4
1790540507,2026/09/27 20:21:47.309,65.70,1976,78,0x0000000000000000,86.7
1790540517,2026/09/27 20:21:57.409,67.04,1976,78,0x0000000000000000,86.2
1790540527,2026/09/27 20:22:07.485,68.84,1976,79,0x0000000000000000,87.1
1790540537,2026/09/27 20:22:17.543,65.49,1976,78,0x0000000000000000,86.8
1790540547,2026/09/27 20:22:27.603,67.88,1976,78,0x0000000000000000,86.8
1790540557,2026/09/27 20:22:37.655,69.72,1976,78,0x0000000000000000,87.0
1790540567,2026/09/27 20:22:47.708,62.54,1976,78,0x0000000000000000,86.1
1790540577,2026/09/27 20:22:57.761,67.72,1976,78,0x0000000000000000,86.5
1790540587,2026/09/27 20:23:07.817,68.44,1976,79,0x0000000000000000,87.0
1790540597,2026/09/27 20:23:17.879,68.16,1976,78,0x0000000000000000,86.9
1790540607,2026/09/27 20:23:27.936,68.61,1976,78,0x0000000000000000,87.1
1790540618,2026/09/27 20:23:37.991,67.16,1976,78,0x0000000000000000,86.9
1790540628,2026/09/27 20:23:48.045,68.24,1976,79,0x0000000000000000,86.2
1790540638,2026/09/27 20:23:58.108,68.83,1976,79,0x0000000000000000,86.7
1790540648,2026/09/27 20:24:08.165,67.07,1976,79,0x0000000000000000,86.5
1790540658,2026/09/27 20:24:18.220,67.71,1976,78,0x0000000000000000,86.6
1790540668,2026/09/27 20:24:28.274,67.12,1976,78,0x0000000000000000,86.6
1790540678,2026/09/27 20:24:38.329,68.63,1976,78,0x0000000000000000,86.6
1790540688,2026/09/27 20:24:48.384,67.04,1976,78,0x0000000000000000,86.4
1790540698,2026/09/27 20:24:58.440,67.29,1976,77,0x0000000000000000,86.7
1790540708,2026/09/27 20:25:08.496,68.73,1976,78,0x0000000000000000,86.9
1790540718,2026/09/27 20:25:18.554,68.01,1976,78,0x0000000000000000,86.6
1790540728,2026/09/27 20:25:28.610,68.48,1976,79,0x0000000000000000,86.9
1790540738,2026/09/27 20:25:38.669,68.70,1976,78,0x0000000000000000,86.9
1790540748,2026/09/27 20:25:48.727,67.01,1976,79,0x0000000000000000,86.3
1790540758,2026/09/27 20:25:58.781,66.72,1976,78,0x0000000000000000,86.7
1790540768,2026/09/27 20:26:08.836,65.85,1976,77,0x0000000000000000,85.9
1790540778,2026/09/27 20:26:18.888,66.86,1976,79,0x0000000000000000,86.8
1790540788,2026/09/27 20:26:28.947,66.93,1976,78,0x0000000000000000,86.8
1790540799,2026/09/27 20:26:39.001,67.29,1976,78,0x0000000000000000,86.4
1790540809,2026/09/27 20:26:49.057,68.99,1976,79,0x0000000000000000,86.8
1790540819,2026/09/27 20:26:59.106,66.68,1976,78,0x0000000000000000,86.7
1790540829,2026/09/27 20:27:09.172,67.96,1976,78,0x0000000000000000,86.6
1790540839,2026/09/27 20:27:19.226,68.81,1976,79,0x0000000000000000,86.7
1790540849,2026/09/27 20:27:29.281,68.35,1976,78,0x0000000000000000,87.0
1790540859,2026/09/27 20:27:39.339,68.15,1976,79,0x0000000000000000,86.9
1790540869,2026/09/27 20:27:49.397,67.19,1976,78,0x0000000000000000,86.8
1790540879,2026/09/27 20:27:59.457,67.87,1976,78,0x0000000000000000,86.8
1790540889,2026/09/27 20:28:09.514,67.33,1976,78,0x0000000000000000,86.6
1790540899,2026/09/27 20:28:19.570,70.15,1976,79,0x0000000000000000,86.8
1790540909,2026/09/27 20:28:29.625,68.10,1976,78,0x0000000000000000,86.5
1790540919,2026/09/27 20:28:39.683,67.97,1976,78,0x0000000000000000,86.8
1790540929,2026/09/27 20:28:49.738,70.02,1976,78,0x0000000000000000,88.1
1790540939,2026/09/27 20:28:59.798,68.08,1976,78,0x0000000000000000,86.8
1790540949,2026/09/27 20:29:09.853,66.74,1976,79,0x0000000000000000,87.0
1790540959,2026/09/27 20:29:19.905,66.92,1976,77,0x0000000000000000,86.0
1790540969,2026/09/27 20:29:29.970,67.36,1976,78,0x0000000000000000,86.7
1790540980,2026/09/27 20:29:40.029,68.56,1976,79,0x0000000000000000,86.7
1790540990,2026/09/27 20:29:50.090,67.09,1976,77,0x0000000000000000,86.4
1790541000,2026/09/27 20:30:00.143,66.48,1976,78,0x0000000000000000,85.8
1790541010,2026/09/27 20:30:10.200,68.89,1976,79,0x0000000000000000,86.6
1790541020,2026/09/27 20:30:20.252,67.44,1976,77,0x0000000000000000,86.5
1790541030,2026/09/27 20:30:30.312,68.32,1976,78,0x0000000000000000,87.5
1790541040,2026/09/27 20:30:40.368,67.57,1976,79,0x0000000000000000,87.1
1790541050,2026/09/27 20:30:50.422,67.80,1976,78,0x0000000000000000,86.6
1790541060,2026/09/27 20:31:00.478,67.76,1976,78,0x0000000000000000,86.5
1790541070,2026/09/27 20:31:10.540,66.82,1976,77,0x0000000000000000,86.4
1790541080,2026/09/27 20:31:20.595,68.49,1976,78,0x0000000000000000,86.9
1790541090,2026/09/27 20:31:30.651,68.13,1976,78,0x0000000000000000,87.3
1790541100,2026/09/27 20:31:40.706,66.73,1976,78,0x0000000000000000,86.8
1790541110,2026/09/27 20:31:50.770,68.06,1976,78,0x0000000000000000,86.8
1790541120,2026/09/27 20:32:00.823,68.64,1976,79,0x0000000000000000,86.6
1790541130,2026/09/27 20:32:10.879,66.57,1976,78,0x0000000000000000,86.7
1790541140,2026/09/27 20:32:20.934,67.14,1976,78,0x0000000000000000,86.7
1790541151,2026/09/27 20:32:30.991,68.80,1976,79,0x0000000000000000,87.0
1790541161,2026/09/27 20:32:41.054,65.96,1976,78,0x0000000000000000,86.7
1790541171,2026/09/27 20:32:51.110,67.40,1976,78,0x0000000000000000,86.6
1790541181,2026/09/27 20:33:01.163,66.99,1976,79,0x0000000000000000,86.2
1790541191,2026/09/27 20:33:11.219,66.68,1976,78,0x0000000000000000,86.6
1790541201,2026/09/27 20:33:21.273,68.41,1976,79,0x0000000000000000,86.2
1790541211,2026/09/27 20:33:31.333,70.22,1976,79,0x0000000000000000,87.2
1790541221,2026/09/27 20:33:41.386,68.41,1976,79,0x0000000000000000,86.5
1790541231,2026/09/27 20:33:51.447,68.07,1976,78,0x0000000000000000,86.5
1790541241,2026/09/27 20:34:01.500,67.33,1976,78,0x0000000000000000,86.3
1790541251,2026/09/27 20:34:11.553,67.11,1976,78,0x0000000000000000,86.6
1790541261,2026/09/27 20:34:21.608,67.11,1976,78,0x0000000000000000,86.7
1790541271,2026/09/27 20:34:31.661,66.89,1976,77,0x0000000000000000,86.5
1790541281,2026/09/27 20:34:41.713,67.80,1976,78,0x0000000000000000,86.7
1790541291,2026/09/27 20:34:51.766,67.94,1976,77,0x0000000000000000,86.9
1790541301,2026/09/27 20:35:01.818,66.55,1976,78,0x0000000000000000,86.4
1790541311,2026/09/27 20:35:11.871,66.92,1976,78,0x0000000000000000,86.6
1790541321,2026/09/27 20:35:21.926,69.29,1976,79,0x0000000000000000,87.1
1790541332,2026/09/27 20:35:31.986,66.00,1976,78,0x0000000000000000,86.2
1790541342,2026/09/27 20:35:42.044,68.27,1976,78,0x0000000000000000,86.7
1790541352,2026/09/27 20:35:52.097,69.21,1976,79,0x0000000000000000,86.9
1790541362,2026/09/27 20:36:02.152,66.60,1976,78,0x0000000000000000,86.4
1790541372,2026/09/27 20:36:12.208,67.55,1976,78,0x0000000000000000,86.5
1790541382,2026/09/27 20:36:22.263,67.46,1976,79,0x0000000000000000,86.7
1790541392,2026/09/27 20:36:32.313,66.30,1976,79,0x0000000000000000,84.8
1790541402,2026/09/27 20:36:42.369,65.44,1976,78,0x0000000000000000,86.1
1790541412,2026/09/27 20:36:52.428,67.23,1976,79,0x0000000000000000,86.7
1790541422,2026/09/27 20:37:02.483,68.69,1976,78,0x0000000000000000,86.4
1790541432,2026/09/27 20:37:12.541,67.92,1976,78,0x0000000000000000,86.9
1790541442,2026/09/27 20:37:22.597,67.57,1976,77,0x0000000000000000,86.4
1790541452,2026/09/27 20:37:32.653,67.65,1976,78,0x0000000000000000,86.5
1790541462,2026/09/27 20:37:42.711,68.56,1976,78,0x0000000000000000,86.9
1790541472,2026/09/27 20:37:52.867,61.38,1976,70,0x0000000000000000,85.3
1790541482,2026/09/27 20:38:02.946,58.80,1976,69,0x0000000000000000,84.0
1790541493,2026/09/27 20:38:13.001,69.05,1976,79,0x0000000000000000,87.0
1790541503,2026/09/27 20:38:23.060,66.88,1976,78,0x0000000000000000,86.6
1790541513,2026/09/27 20:38:33.114,67.70,1976,78,0x0000000000000000,87.3
1790541523,2026/09/27 20:38:43.171,69.12,1976,79,0x0000000000000000,86.9
1790541533,2026/09/27 20:38:53.227,66.78,1976,78,0x0000000000000000,86.7
1790541543,2026/09/27 20:39:03.281,67.39,1976,78,0x0000000000000000,86.5
1790541553,2026/09/27 20:39:13.337,69.03,1976,79,0x0000000000000000,86.8
1790541563,2026/09/27 20:39:23.392,67.46,1976,78,0x0000000000000000,86.6
1790541573,2026/09/27 20:39:33.456,67.09,1976,78,0x0000000000000000,86.7
1790541583,2026/09/27 20:39:43.514,70.57,1976,78,0x0000000000000000,86.9
1790541593,2026/09/27 20:39:53.571,68.12,1976,77,0x0000000000000000,86.6
1790541603,2026/09/27 20:40:03.624,67.32,1976,78,0x0000000000000000,86.2
1790541613,2026/09/27 20:40:13.677,67.82,1976,77,0x0000000000000000,86.3
1790541623,2026/09/27 20:40:23.730,67.88,1976,78,0x0000000000000000,86.6
1790541633,2026/09/27 20:40:33.788,68.43,1976,78,0x0000000000000000,86.9
1790541643,2026/09/27 20:40:43.837,70.52,1976,79,0x0000000000000000,85.7
1790541653,2026/09/27 20:40:53.889,68.32,1976,78,0x0000000000000000,86.6
1790541663,2026/09/27 20:41:03.946,68.66,1976,79,0x0000000000000000,86.9
1790541674,2026/09/27 20:41:14.003,67.37,1976,78,0x0000000000000000,86.6
1790541684,2026/09/27 20:41:24.058,68.18,1976,78,0x0000000000000000,86.7
1790541694,2026/09/27 20:41:34.114,69.16,1976,79,0x0000000000000000,86.7
1790541704,2026/09/27 20:41:44.171,66.29,1976,78,0x0000000000000000,86.7
1790541714,2026/09/27 20:41:54.227,68.05,1976,78,0x0000000000000000,86.6
1790541724,2026/09/27 20:42:04.282,69.32,1976,79,0x0000000000000000,86.7
1790541734,2026/09/27 20:42:14.340,66.27,1976,77,0x0000000000000000,86.6
1790541744,2026/09/27 20:42:24.393,67.88,1976,78,0x0000000000000000,86.6
1790541754,2026/09/27 20:42:34.449,67.93,1976,78,0x0000000000000000,86.6
1790541764,2026/09/27 20:42:44.507,67.66,1976,78,0x0000000000000000,86.5
1790541774,2026/09/27 20:42:54.562,67.79,1976,78,0x0000000000000000,87.1
1790541784,2026/09/27 20:43:04.615,67.50,1976,78,0x0000000000000000,86.5
1790541794,2026/09/27 20:43:14.670,67.38,1976,77,0x0000000000000000,86.2
1790541804,2026/09/27 20:43:24.724,64.44,1976,77,0x0000000000000000,86.0
1790541814,2026/09/27 20:43:34.780,67.18,1976,78,0x0000000000000000,86.6
1790541824,2026/09/27 20:43:44.840,67.81,1976,78,0x0000000000000000,86.5
1790541834,2026/09/27 20:43:54.896,69.13,1976,79,0x0000000000000000,87.1
1790541844,2026/09/27 20:44:04.946,66.20,1976,78,0x0000000000000000,86.4
1790541855,2026/09/27 20:44:15.007,62.69,1976,75,0x0000000000000000,85.3
1790541865,2026/09/27 20:44:25.069,69.42,1976,79,0x0000000000000000,86.8
1790541875,2026/09/27 20:44:35.124,66.26,1976,78,0x0000000000000000,86.6
1790541885,2026/09/27 20:44:45.179,67.52,1976,78,0x0000000000000000,86.5
1790541895,2026/09/27 20:44:55.232,68.41,1976,79,0x0000000000000000,86.9
1790541905,2026/09/27 20:45:05.290,66.35,1976,78,0x0000000000000000,87.0
1790541915,2026/09/27 20:45:15.351,67.87,1976,78,0x0000000000000000,86.6
1790541925,2026/09/27 20:45:25.409,67.21,1976,79,0x0000000000000000,86.6
1790541935,2026/09/27 20:45:35.468,67.53,1976,78,0x0000000000000000,86.6
1790541945,2026/09/27 20:45:45.525,67.98,1976,78,0x0000000000000000,86.6
1790541955,2026/09/27 20:45:55.583,66.98,1976,78,0x0000000000000000,86.1
1790541965,2026/09/27 20:46:05.638,67.33,1976,78,0x0000000000000000,86.5
1790541975,2026/09/27 20:46:15.695,67.74,1976,78,0x0000000000000000,87.0
1790541985,2026/09/27 20:46:25.753,68.04,1976,78,0x0000000000000000,86.7
1790541995,2026/09/27 20:46:35.810,67.54,1976,79,0x0000000000000000,86.4
1790542005,2026/09/27 20:46:45.869,62.24,1976,70,0x0000000000000000,85.1
1790542015,2026/09/27 20:46:55.926,65.96,1976,78,0x0000000000000000,86.3
1790542025,2026/09/27 20:47:05.984,66.53,1976,78,0x0000000000000000,86.0
1790542036,2026/09/27 20:47:16.044,69.58,1976,79,0x0000000000000000,86.7
1790542046,2026/09/27 20:47:26.102,66.55,1976,78,0x0000000000000000,86.7
1790542056,2026/09/27 20:47:36.157,68.40,1976,79,0x0000000000000000,86.4
1790542066,2026/09/27 20:47:46.217,67.65,1976,79,0x0000000000000000,86.3
1790542076,2026/09/27 20:47:56.275,65.92,1976,78,0x0000000000000000,86.6
1790542086,2026/09/27 20:48:06.332,68.45,1976,78,0x0000000000000000,86.9
1790542096,2026/09/27 20:48:16.387,68.02,1976,79,0x0000000000000000,86.3
1790542106,2026/09/27 20:48:26.445,64.46,1976,78,0x0000000000000000,86.1
1790542116,2026/09/27 20:48:36.499,68.43,1976,79,0x0000000000000000,86.5
1790542126,2026/09/27 20:48:46.550,68.21,1976,77,0x0000000000000000,86.5
1790542136,2026/09/27 20:48:56.611,67.09,1976,78,0x0000000000000000,86.1
1790542146,2026/09/27 20:49:06.666,68.14,1976,78,0x0000000000000000,86.7
1790542156,2026/09/27 20:49:16.719,67.87,1976,78,0x0000000000000000,86.2
1790542166,2026/09/27 20:49:26.770,64.57,1976,79,0x0000000000000000,86.7
1790542176,2026/09/27 20:49:36.823,68.05,1976,78,0x0000000000000000,86.9
1790542186,2026/09/27 20:49:46.879,63.16,1976,79,0x0000000000000000,88.5
1790542196,2026/09/27 20:49:56.937,67.66,1976,78,0x0000000000000000,86.5
1790542207,2026/09/27 20:50:06.993,69.48,1976,78,0x0000000000000000,87.1
1790542217,2026/09/27 20:50:17.048,65.61,1976,78,0x0000000000000000,86.2
1790542227,2026/09/27 20:50:27.106,67.45,1976,78,0x0000000000000000,86.3
1790542237,2026/09/27 20:50:37.161,69.35,1976,79,0x0000000000000000,86.8
1790542247,2026/09/27 20:50:47.218,64.12,1976,78,0x0000000000000000,86.1
1790542257,2026/09/27 20:50:57.272,67.90,1976,78,0x0000000000000000,86.3
1790542267,2026/09/27 20:51:07.325,69.95,1976,79,0x0000000000000000,86.7
1790542277,2026/09/27 20:51:17.383,65.46,1976,78,0x0000000000000000,86.2
1790542287,2026/09/27 20:51:27.440,68.13,1976,78,0x0000000000000000,86.3
1790542297,2026/09/27 20:51:37.497,71.26,1976,79,0x0000000000000000,87.0
1790542307,2026/09/27 20:51:47.556,68.32,1976,78,0x0000000000000000,86.4
1790542317,2026/09/27 20:51:57.615,67.90,1976,78,0x0000000000000000,86.6
1790542327,2026/09/27 20:52:07.669,68.16,1976,78,0x0000000000000000,86.6
1790542337,2026/09/27 20:52:17.728,67.39,1976,78,0x0000000000000000,86.4
1790542347,2026/09/27 20:52:27.783,67.35,1976,78,0x0000000000000000,86.8
1790542357,2026/09/27 20:52:37.835,68.39,1976,78,0x0000000000000000,86.8
1790542367,2026/09/27 20:52:47.887,65.96,1976,78,0x0000000000000000,86.3
1790542377,2026/09/27 20:52:57.943,67.38,1976,78,0x0000000000000000,87.5
1790542388,2026/09/27 20:53:07.998,66.57,1976,78,0x0000000000000000,86.6
1790542398,2026/09/27 20:53:18.053,65.06,1976,78,0x0000000000000000,86.1
1790542408,2026/09/27 20:53:28.108,67.99,1976,78,0x0000000000000000,86.6
1790542418,2026/09/27 20:53:38.164,67.87,1976,78,0x0000000000000000,86.5
1790542428,2026/09/27 20:53:48.221,66.42,1976,79,0x0000000000000000,86.3
1790542438,2026/09/27 20:53:58.276,66.23,1976,78,0x0000000000000000,86.3
1790542448,2026/09/27 20:54:08.335,64.97,1976,78,0x0000000000000000,86.4
1790542458,2026/09/27 20:54:18.389,69.95,1976,79,0x0000000000000000,85.4
1790542468,2026/09/27 20:54:28.448,66.50,1976,78,0x0000000000000000,86.5
1790542478,2026/09/27 20:54:38.503,66.75,1976,78,0x0000000000000000,85.9
1790542488,2026/09/27 20:54:48.561,68.01,1976,78,0x0000000000000000,86.5
1790542498,2026/09/27 20:54:58.618,68.48,1976,78,0x0000000000000000,86.5
1790542508,2026/09/27 20:55:08.670,67.84,1976,78,0x0000000000000000,86.4
1790542518,2026/09/27 20:55:18.724,67.46,1976,77,0x0000000000000000,86.3
1790542528,2026/09/27 20:55:28.781,67.83,1976,78,0x0000000000000000,86.7
1790542538,2026/09/27 20:55:38.836,68.37,1976,78,0x0000000000000000,86.9
1790542548,2026/09/27 20:55:48.889,62.71,1976,79,0x0000000000000000,85.8
1790542558,2026/09/27 20:55:58.946,67.82,1976,78,0x0000000000000000,86.4
1790542569,2026/09/27 20:56:08.998,68.17,1976,78,0x0000000000000000,86.8
1790542579,2026/09/27 20:56:19.050,68.72,1976,78,0x0000000000000000,86.5
1790542589,2026/09/27 20:56:29.100,67.40,1976,78,0x0000000000000000,86.6
1790542599,2026/09/27 20:56:39.153,61.51,1976,79,0x0000000000000000,85.8
1790542609,2026/09/27 20:56:49.212,65.41,1976,78,0x0000000000000000,86.2
1790542619,2026/09/27 20:56:59.266,68.24,1976,78,0x0000000000000000,86.6
1790542629,2026/09/27 20:57:09.320,69.14,1976,78,0x0000000000000000,86.6
1790542639,2026/09/27 20:57:19.376,64.66,1976,78,0x0000000000000000,86.4
1790542649,2026/09/27 20:57:29.430,67.12,1976,77,0x0000000000000000,86.4
1790542659,2026/09/27 20:57:39.486,66.88,1976,78,0x0000000000000000,86.7
1790542669,2026/09/27 20:57:49.541,68.17,1976,79,0x0000000000000000,86.7
1790542679,2026/09/27 20:57:59.597,66.81,1976,79,0x0000000000000000,86.0
1790542689,2026/09/27 20:58:09.658,67.53,1976,76,0x0000000000000000,85.6
1790542699,2026/09/27 20:58:19.716,67.70,1976,78,0x0000000000000000,86.2
1790542709,2026/09/27 20:58:29.771,68.27,1976,78,0x0000000000000000,86.9
1790542719,2026/09/27 20:58:39.825,68.16,1976,78,0x0000000000000000,86.6
1790542729,2026/09/27 20:58:49.881,67.67,1976,78,0x0000000000000000,86.2
1790542739,2026/09/27 20:58:59.938,67.18,1976,78,0x0000000000000000,86.7
1790542750,2026/09/27 20:59:09.994,70.91,1976,78,0x0000000000000000,85.9
1790542760,2026/09/27 20:59:20.053,67.42,1976,78,0x0000000000000000,86.5
1790542770,2026/09/27 20:59:30.109,67.02,1976,78,0x0000000000000000,86.5
1790542780,2026/09/27 20:59:40.162,65.50,1976,78,0x0000000000000000,86.4
1790542790,2026/09/27 20:59:50.218,68.44,1976,78,0x0000000000000000,86.6
1790542800,2026/09/27 21:00:00.278,62.19,1976,79,0x0000000000000000,85.7
1790542810,2026/09/27 21:00:10.330,67.97,1976,78,0x0000000000000000,86.5
1790542820,2026/09/27 21:00:20.382,67.92,1976,78,0x0000000000000000,86.6
1790542830,2026/09/27 21:00:30.439,69.61,1976,78,0x0000000000000000,86.6
1790542840,2026/09/27 21:00:40.496,65.40,1976,78,0x0000000000000000,86.2
1790542850,2026/09/27 21:00:50.554,68.60,1976,78,0x0000000000000000,86.7
1790542860,2026/09/27 21:01:00.604,69.55,1976,78,0x0000000000000000,86.9
1790542870,2026/09/27 21:01:10.662,67.59,1976,78,0x0000000000000000,86.4
1790542880,2026/09/27 21:01:20.716,64.15,1976,78,0x0000000000000000,85.4
1790542890,2026/09/27 21:01:30.771,69.57,1976,78,0x0000000000000000,86.7
1790542900,2026/09/27 21:01:40.828,68.36,1976,78,0x0000000000000000,87.8
1790542910,2026/09/27 21:01:50.883,68.46,1976,78,0x0000000000000000,86.9
1790542920,2026/09/27 21:02:00.936,70.39,1976,78,0x0000000000000000,87.1
1790542931,2026/09/27 21:02:10.989,68.28,1976,78,0x0000000000000000,86.5
1790542941,2026/09/27 21:02:21.049,67.65,1976,79,0x0000000000000000,86.4
1790542951,2026/09/27 21:02:31.105,68.64,1976,78,0x0000000000000000,86.5
1790542961,2026/09/27 21:02:41.155,66.87,1976,78,0x0000000000000000,86.0
1790542971,2026/09/27 21:02:51.216,69.76,1976,79,0x0000000000000000,86.8
1790542981,2026/09/27 21:03:01.273,66.35,1976,77,0x0000000000000000,85.8
1790542991,2026/09/27 21:03:11.329,67.91,1976,78,0x0000000000000000,86.3
1790543001,2026/09/27 21:03:21.383,70.07,1976,79,0x0000000000000000,86.5
1790543011,2026/09/27 21:03:31.437,64.90,1976,78,0x0000000000000000,86.3
1790543021,2026/09/27 21:03:41.492,66.52,1976,78,0x0000000000000000,86.1
1790543031,2026/09/27 21:03:51.544,66.62,1976,77,0x0000000000000000,86.4
1790543041,2026/09/27 21:04:01.598,66.78,1976,78,0x0000000000000000,86.2
1790543051,2026/09/27 21:04:11.655,66.95,1976,78,0x0000000000000000,86.5
1790543061,2026/09/27 21:04:21.710,65.66,1976,78,0x0000000000000000,86.1
1790543071,2026/09/27 21:04:31.764,67.77,1976,78,0x0000000000000000,86.2
1790543081,2026/09/27 21:04:41.823,67.77,1976,78,0x0000000000000000,86.7
1790543091,2026/09/27 21:04:51.874,68.03,1976,77,0x0000000000000000,86.2
1790543101,2026/09/27 21:05:01.931,68.42,1976,78,0x0000000000000000,86.6
1790543111,2026/09/27 21:05:11.983,66.71,1976,78,0x0000000000000000,86.6
1790543122,2026/09/27 21:05:22.039,67.79,1976,77,0x0000000000000000,86.3
1790543132,2026/09/27 21:05:32.093,63.64,1976,78,0x0000000000000000,85.4
1790543142,2026/09/27 21:05:42.152,69.86,1976,78,0x0000000000000000,86.7
1790543152,2026/09/27 21:05:52.213,68.28,1976,78,0x0000000000000000,86.4
1790543162,2026/09/27 21:06:02.271,67.70,1976,78,0x0000000000000000,86.3
1790543172,2026/09/27 21:06:12.326,70.37,1976,78,0x0000000000000000,86.9
1790543182,2026/09/27 21:06:22.383,65.87,1976,78,0x0000000000000000,86.2
1790543192,2026/09/27 21:06:32.441,67.96,1976,78,0x0000000000000000,87.6
1790543202,2026/09/27 21:06:42.500,67.02,1976,77,0x0000000000000000,86.5
1790543212,2026/09/27 21:06:52.553,68.45,1976,78,0x0000000000000000,86.4
1790543222,2026/09/27 21:07:02.607,68.07,1976,78,0x0000000000000000,86.3
1790543232,2026/09/27 21:07:12.660,66.94,1976,79,0x0000000000000000,86.5
1790543242,2026/09/27 21:07:22.715,68.29,1976,78,0x0000000000000000,86.5
1790543252,2026/09/27 21:07:32.772,68.53,1976,79,0x0000000000000000,86.4
1790543262,2026/09/27 21:07:42.825,70.32,1976,78,0x0000000000000000,86.7
1790543272,2026/09/27 21:07:52.877,68.35,1976,78,0x0000000000000000,86.5
1790543282,2026/09/27 21:08:02.935,68.95,1976,79,0x0000000000000000,86.6
1790543293,2026/09/27 21:08:12.998,67.25,1976,78,0x0000000000000000,86.2
1790543303,2026/09/27 21:08:23.050,68.14,1976,78,0x0000000000000000,86.4
1790543313,2026/09/27 21:08:33.107,68.54,1976,79,0x0000000000000000,86.2
1790543323,2026/09/27 21:08:43.167,66.60,1976,78,0x0000000000000000,86.3
1790543333,2026/09/27 21:08:53.223,68.32,1976,77,0x0000000000000000,86.5
1790543343,2026/09/27 21:09:03.279,67.63,1976,78,0x0000000000000000,86.2
1790543353,2026/09/27 21:09:13.334,66.63,1976,77,0x0000000000000000,86.1
1790543363,2026/09/27 21:09:23.389,67.55,1976,77,0x0000000000000000,86.4
1790543373,2026/09/27 21:09:33.445,67.25,1976,77,0x0000000000000000,86.5
1790543383,2026/09/27 21:09:43.499,66.25,1976,78,0x0000000000000000,86.4
1790543393,2026/09/27 21:09:53.553,68.24,1976,78,0x0000000000000000,88.1
1790543403,2026/09/27 21:10:03.615,67.26,1976,78,0x0000000000000000,86.5
1790543413,2026/09/27 21:10:13.672,67.89,1976,78,0x0000000000000000,86.3
1790543423,2026/09/27 21:10:23.727,68.55,1976,79,0x0000000000000000,87.9
1790543433,2026/09/27 21:10:33.783,66.94,1976,78,0x0000000000000000,86.5
1790543443,2026/09/27 21:10:43.836,65.26,1976,77,0x0000000000000000,85.8
1790543453,2026/09/27 21:10:53.891,68.67,1976,79,0x0000000000000000,86.6
1790543463,2026/09/27 21:11:03.951,67.05,1976,79,0x0000000000000000,85.9
1790543474,2026/09/27 21:11:14.007,67.80,1976,78,0x0000000000000000,86.1
1790543484,2026/09/27 21:11:24.062,68.68,1976,79,0x0000000000000000,86.2
1790543494,2026/09/27 21:11:34.119,66.81,1976,78,0x0000000000000000,86.4
1790543504,2026/09/27 21:11:44.174,60.87,1976,78,0x0000000000000000,85.5
1790543514,2026/09/27 21:11:54.228,66.29,1976,77,0x0000000000000000,86.0
1790543524,2026/09/27 21:12:04.283,68.71,1976,78,0x0000000000000000,86.5
1790543534,2026/09/27 21:12:14.334,68.20,1976,78,0x0000000000000000,86.4
1790543544,2026/09/27 21:12:24.388,67.32,1976,77,0x0000000000000000,86.3
1790543554,2026/09/27 21:12:34.446,68.61,1976,78,0x0000000000000000,86.1
1790543564,2026/09/27 21:12:44.504,68.30,1976,78,0x0000000000000000,87.9
1790543574,2026/09/27 21:12:54.561,67.01,1976,77,0x0000000000000000,86.4
1790543584,2026/09/27 21:13:04.621,68.72,1976,78,0x0000000000000000,86.9
1790543594,2026/09/27 21:13:14.679,66.87,1976,78,0x0000000000000000,85.5
1790543604,2026/09/27 21:13:24.736,66.47,1976,78,0x0000000000000000,86.3
1790543614,2026/09/27 21:13:34.791,68.12,1976,78,0x0000000000000000,86.3
1790543624,2026/09/27 21:13:44.848,69.04,1976,79,0x0000000000000000,86.6
1790543634,2026/09/27 21:13:54.903,66.57,1976,78,0x0000000000000000,86.3
1790543644,2026/09/27 21:14:04.961,68.51,1976,79,0x0000000000000000,86.1
1790543655,2026/09/27 21:14:15.020,60.85,1976,79,0x0000000000000000,85.5
1790543665,2026/09/27 21:14:25.076,66.96,1976,78,0x0000000000000000,86.3
1790543675,2026/09/27 21:14:35.133,66.84,1976,78,0x0000000000000000,85.9
1790543685,2026/09/27 21:14:45.189,69.25,1976,77,0x0000000000000000,85.0
1790543695,2026/09/27 21:14:55.243,68.70,1976,78,0x0000000000000000,86.5
1790543705,2026/09/27 21:15:05.301,68.36,1976,78,0x0000000000000000,88.3
1790543715,2026/09/27 21:15:15.357,67.93,1976,78,0x0000000000000000,86.5
1790543725,2026/09/27 21:15:25.421,68.67,1976,77,0x0000000000000000,86.2
1790543735,2026/09/27 21:15:35.485,67.29,1976,78,0x0000000000000000,86.6
1790543745,2026/09/27 21:15:45.538,70.31,1976,78,0x0000000000000000,87.4
1790543755,2026/09/27 21:15:55.591,68.63,1976,78,0x0000000000000000,86.4
1790543765,2026/09/27 21:16:05.646,67.80,1976,78,0x0000000000000000,86.5
1790543775,2026/09/27 21:16:15.697,67.28,1976,77,0x0000000000000000,86.2
1790543785,2026/09/27 21:16:25.761,68.15,1976,78,0x0000000000000000,86.5
1790543795,2026/09/27 21:16:35.814,68.51,1976,79,0x0000000000000000,86.5
1790543805,2026/09/27 21:16:45.870,66.58,1976,78,0x0000000000000000,86.2
1790543815,2026/09/27 21:16:55.923,67.07,1976,78,0x0000000000000000,85.8
1790543825,2026/09/27 21:17:05.979,68.83,1976,79,0x0000000000000000,86.4
1790543836,2026/09/27 21:17:16.030,66.66,1976,78,0x0000000000000000,86.3
1790543846,2026/09/27 21:17:26.088,67.33,1976,78,0x0000000000000000,86.3
1790543856,2026/09/27 21:17:36.143,65.83,1976,77,0x0000000000000000,86.3
1790543866,2026/09/27 21:17:46.197,66.51,1976,78,0x0000000000000000,86.2
1790543876,2026/09/27 21:17:56.254,66.98,1976,78,0x0000000000000000,86.4
1790543886,2026/09/27 21:18:06.312,66.65,1976,76,0x0000000000000000,86.1
1790543896,2026/09/27 21:18:16.367,68.37,1976,78,0x0000000000000000,86.4
1790543906,2026/09/27 21:18:26.422,68.21,1976,78,0x0000000000000000,86.3
1790543916,2026/09/27 21:18:36.476,67.29,1976,78,0x0000000000000000,86.0
1790543926,2026/09/27 21:18:46.532,64.84,1976,78,0x0000000000000000,86.0
1790543936,2026/09/27 21:18:56.589,67.23,1976,78,0x0000000000000000,86.2
1790543946,2026/09/27 21:19:06.644,66.93,1976,76,0x0000000000000000,86.1
1790543956,2026/09/27 21:19:16.699,68.20,1976,78,0x0000000000000000,86.3
1790543966,2026/09/27 21:19:26.756,68.88,1976,79,0x0000000000000000,86.9
1790543976,2026/09/27 21:19:36.809,66.78,1976,78,0x0000000000000000,86.5
1790543986,2026/09/27 21:19:46.868,68.04,1976,78,0x0000000000000000,87.2
1790543996,2026/09/27 21:19:56.924,68.83,1976,79,0x0000000000000000,86.7
1790544006,2026/09/27 21:20:06.978,67.60,1976,78,0x0000000000000000,86.4
1790544017,2026/09/27 21:20:17.035,67.36,1976,78,0x0000000000000000,86.3
1790544027,2026/09/27 21:20:27.089,67.67,1976,79,0x0000000000000000,86.3
1790544037,2026/09/27 21:20:37.153,67.19,1976,78,0x0000000000000000,86.5
1790544047,2026/09/27 21:20:47.205,67.09,1976,79,0x0000000000000000,86.4
1790544057,2026/09/27 21:20:57.291,69.72,1976,79,0x0000000000000000,87.4
1790544067,2026/09/27 21:21:07.357,65.87,1976,79,0x0000000000000000,87.0
1790544077,2026/09/27 21:21:17.412,68.73,1976,78,0x0000000000000000,86.9
1790544087,2026/09/27 21:21:27.465,67.65,1976,79,0x0000000000000000,86.6
1790544097,2026/09/27 21:21:37.524,68.44,1976,78,0x0000000000000000,86.3
1790544107,2026/09/27 21:21:47.580,68.59,1976,78,0x0000000000000000,86.5
1790544117,2026/09/27 21:21:57.632,67.14,1976,77,0x0000000000000000,85.9
1790544127,2026/09/27 21:22:07.684,67.75,1976,78,0x0000000000000000,86.0
1790544137,2026/09/27 21:22:17.735,68.27,1976,78,0x0000000000000000,86.6
1790544147,2026/09/27 21:22:27.789,65.65,1976,78,0x0000000000000000,85.4
1790544157,2026/09/27 21:22:37.842,67.66,1976,78,0x0000000000000000,86.3
1790544167,2026/09/27 21:22:47.894,68.76,1976,79,0x0000000000000000,86.3
1790544177,2026/09/27 21:22:57.946,65.87,1976,78,0x0000000000000000,86.2
1790544188,2026/09/27 21:23:08.007,59.98,1976,78,0x0000000000000000,84.6
1790544198,2026/09/27 21:23:18.066,69.07,1976,79,0x0000000000000000,86.4
1790544208,2026/09/27 21:23:28.128,60.48,1976,78,0x0000000000000000,85.6
1790544218,2026/09/27 21:23:38.181,68.25,1976,78,0x0000000000000000,86.5
1790544228,2026/09/27 21:23:48.237,68.29,1976,78,0x0000000000000000,86.3
1790544238,2026/09/27 21:23:58.290,68.95,1976,79,0x0000000000000000,86.5
1790544248,2026/09/27 21:24:08.342,68.34,1976,78,0x0000000000000000,86.3
1790544258,2026/09/27 21:24:18.396,68.71,1976,78,0x0000000000000000,86.3
1790544268,2026/09/27 21:24:28.450,68.96,1976,79,0x0000000000000000,86.5
1790544278,2026/09/27 21:24:38.505,68.06,1976,78,0x0000000000000000,86.5
1790544288,2026/09/27 21:24:48.560,67.27,1976,78,0x0000000000000000,86.3
1790544298,2026/09/27 21:24:58.617,61.12,1976,79,0x0000000000000000,85.2
1790544308,2026/09/27 21:25:08.674,68.24,1976,78,0x0000000000000000,85.5
1790544318,2026/09/27 21:25:18.729,67.87,1976,78,0x0000000000000000,86.5
1790544328,2026/09/27 21:25:28.787,68.46,1976,78,0x0000000000000000,86.4
1790544338,2026/09/27 21:25:38.842,68.33,1976,78,0x0000000000000000,86.2
1790544348,2026/09/27 21:25:48.895,67.32,1976,78,0x0000000000000000,85.9
1790544358,2026/09/27 21:25:58.949,66.93,1976,77,0x0000000000000000,86.0
1790544369,2026/09/27 21:26:09.004,68.35,1976,78,0x0000000000000000,86.1
1790544379,2026/09/27 21:26:19.065,68.02,1976,78,0x0000000000000000,88.5
1790544389,2026/09/27 21:26:29.119,67.52,1976,78,0x0000000000000000,86.3
1790544399,2026/09/27 21:26:39.171,68.36,1976,78,0x0000000000000000,86.4
1790544409,2026/09/27 21:26:49.224,68.00,1976,78,0x0000000000000000,86.4
1790544419,2026/09/27 21:26:59.277,67.00,1976,77,0x0000000000000000,86.2
1790544429,2026/09/27 21:27:09.332,65.14,1976,78,0x0000000000000000,85.5
1790544439,2026/09/27 21:27:19.389,68.90,1976,79,0x0000000000000000,88.1
1790544449,2026/09/27 21:27:29.447,66.75,1976,78,0x0000000000000000,85.8
1790544459,2026/09/27 21:27:39.497,68.06,1976,78,0x0000000000000000,86.3
1790544469,2026/09/27 21:27:49.553,69.12,1976,79,0x0000000000000000,86.3
1790544479,2026/09/27 21:27:59.613,66.91,1976,78,0x0000000000000000,86.1
1790544489,2026/09/27 21:28:09.671,68.42,1976,78,0x0000000000000000,86.7
1790544499,2026/09/27 21:28:19.725,68.98,1976,79,0x0000000000000000,86.4
1790544509,2026/09/27 21:28:29.777,66.14,1976,77,0x0000000000000000,85.8
1790544519,2026/09/27 21:28:39.831,66.24,1976,78,0x0000000000000000,85.8
1790544529,2026/09/27 21:28:49.887,70.45,1976,79,0x0000000000000000,86.7
1790544539,2026/09/27 21:28:59.944,67.57,1976,78,0x0000000000000000,86.1
1790544550,2026/09/27 21:29:10.001,66.86,1976,78,0x0000000000000000,85.7
1790544560,2026/09/27 21:29:20.059,67.18,1976,77,0x0000000000000000,85.9
1790544570,2026/09/27 21:29:30.114,67.95,1976,78,0x0000000000000000,86.2
1790544580,2026/09/27 21:29:40.170,66.11,1976,78,0x0000000000000000,85.4
1790544590,2026/09/27 21:29:50.224,70.34,1976,79,0x0000000000000000,86.2
1790544600,2026/09/27 21:30:00.275,68.09,1976,78,0x0000000000000000,86.0
1790544610,2026/09/27 21:30:10.330,67.82,1976,78,0x0000000000000000,86.0
1790544620,2026/09/27 21:30:20.387,66.40,1976,78,0x0000000000000000,85.8
1790544630,2026/09/27 21:30:30.442,67.49,1976,78,0x0000000000000000,86.2
1790544640,2026/09/27 21:30:40.495,67.62,1976,79,0x0000000000000000,86.1
1790544650,2026/09/27 21:30:50.552,66.40,1976,78,0x0000000000000000,86.2
1790544660,2026/09/27 21:31:00.610,68.03,1976,78,0x0000000000000000,86.3
1790544670,2026/09/27 21:31:10.662,68.74,1976,79,0x0000000000000000,86.3
1790544680,2026/09/27 21:31:20.719,66.71,1976,76,0x0000000000000000,85.9
1790544690,2026/09/27 21:31:30.771,65.47,1976,78,0x0000000000000000,85.2
1790544700,2026/09/27 21:31:40.822,68.59,1976,79,0x0000000000000000,85.3
1790544710,2026/09/27 21:31:50.879,68.24,1976,78,0x0000000000000000,86.0
1790544720,2026/09/27 21:32:00.936,67.98,1976,78,0x0000000000000000,86.2
1790544731,2026/09/27 21:32:10.992,67.49,1976,77,0x0000000000000000,85.8
1790544741,2026/09/27 21:32:21.049,64.64,1976,78,0x0000000000000000,85.6
1790544751,2026/09/27 21:32:31.105,68.17,1976,78,0x0000000000000000,86.3
1790544761,2026/09/27 21:32:41.156,66.83,1976,77,0x0000000000000000,85.7
1790544771,2026/09/27 21:32:51.212,67.97,1976,77,0x0000000000000000,85.8
1790544781,2026/09/27 21:33:01.269,67.65,1976,78,0x0000000000000000,86.0
1790544791,2026/09/27 21:33:11.324,67.41,1976,77,0x0000000000000000,85.9
1790544801,2026/09/27 21:33:21.385,67.15,1976,78,0x0000000000000000,85.9
1790544811,2026/09/27 21:33:31.439,68.62,1976,79,0x0000000000000000,86.1
1790544821,2026/09/27 21:33:41.494,66.25,1976,78,0x0000000000000000,85.8
1790544831,2026/09/27 21:33:51.546,68.28,1976,78,0x0000000000000000,86.3
1790544841,2026/09/27 21:34:01.598,61.35,1976,79,0x0000000000000000,87.4
1790544851,2026/09/27 21:34:11.656,66.34,1976,78,0x0000000000000000,86.1
1790544861,2026/09/27 21:34:21.711,68.16,1976,78,0x0000000000000000,85.3
1790544871,2026/09/27 21:34:31.769,68.97,1976,79,0x0000000000000000,86.2
1790544881,2026/09/27 21:34:41.827,67.10,1976,78,0x0000000000000000,86.2
1790544891,2026/09/27 21:34:51.882,67.70,1976,78,0x0000000000000000,86.1
1790544901,2026/09/27 21:35:01.937,68.50,1976,78,0x0000000000000000,86.1
1790544912,2026/09/27 21:35:11.996,68.26,1976,78,0x0000000000000000,86.1
1790544922,2026/09/27 21:35:22.051,67.72,1976,78,0x0000000000000000,86.1
1790544932,2026/09/27 21:35:32.105,67.75,1976,77,0x0000000000000000,85.6
1790544942,2026/09/27 21:35:42.158,68.09,1976,78,0x0000000000000000,86.1
1790544952,2026/09/27 21:35:52.210,67.99,1976,78,0x0000000000000000,86.9
1790544962,2026/09/27 21:36:02.268,67.60,1976,78,0x0000000000000000,86.1
1790544972,2026/09/27 21:36:12.326,68.28,1976,78,0x0000000000000000,86.1
1790544982,2026/09/27 21:36:22.380,66.43,1976,77,0x0000000000000000,85.8
1790544992,2026/09/27 21:36:32.436,66.24,1976,78,0x0000000000000000,86.1
1790545002,2026/09/27 21:36:42.495,67.97,1976,78,0x0000000000000000,86.1
1790545012,2026/09/27 21:36:52.554,69.10,1976,79,0x0000000000000000,86.3
1790545022,2026/09/27 21:37:02.613,66.12,1976,78,0x0000000000000000,86.2
1790545032,2026/09/27 21:37:12.667,67.86,1976,78,0x0000000000000000,86.3
1790545042,2026/09/27 21:37:22.722,69.29,1976,79,0x0000000000000000,86.4
1790545052,2026/09/27 21:37:32.777,66.21,1976,78,0x0000000000000000,86.2
1790545062,2026/09/27 21:37:42.832,67.44,1976,78,0x0000000000000000,86.3
1790545072,2026/09/27 21:37:52.889,69.19,1976,79,0x0000000000000000,86.5
1790545082,2026/09/27 21:38:02.943,67.96,1976,78,0x0000000000000000,86.2
1790545093,2026/09/27 21:38:12.997,68.38,1976,78,0x0000000000000000,87.1
1790545103,2026/09/27 21:38:23.053,68.26,1976,78,0x0000000000000000,86.1
1790545113,2026/09/27 21:38:33.107,67.73,1976,78,0x0000000000000000,86.1
1790545123,2026/09/27 21:38:43.163,68.29,1976,78,0x0000000000000000,87.1
1790545133,2026/09/27 21:38:53.222,69.09,1976,78,0x0000000000000000,86.3
1790545143,2026/09/27 21:39:03.281,67.58,1976,78,0x0000000000000000,86.4
1790545153,2026/09/27 21:39:13.337,68.24,1976,79,0x0000000000000000,85.8
1790545163,2026/09/27 21:39:23.392,68.79,1976,78,0x0000000000000000,86.3
1790545173,2026/09/27 21:39:33.453,67.46,1976,77,0x0000000000000000,86.1
1790545183,2026/09/27 21:39:43.504,69.12,1976,79,0x0000000000000000,86.8
1790545193,2026/09/27 21:39:53.558,67.66,1976,78,0x0000000000000000,86.5
1790545203,2026/09/27 21:40:03.616,66.62,1976,78,0x0000000000000000,86.4
1790545213,2026/09/27 21:40:13.676,68.62,1976,78,0x0000000000000000,86.4
1790545223,2026/09/27 21:40:23.730,66.64,1976,78,0x0000000000000000,86.1
1790545233,2026/09/27 21:40:33.786,68.23,1976,78,0x0000000000000000,86.3
1790545243,2026/09/27 21:40:43.843,69.53,1976,79,0x0000000000000000,86.4
1790545253,2026/09/27 21:40:53.901,67.06,1976,78,0x0000000000000000,86.3
1790545263,2026/09/27 21:41:03.960,68.35,1976,79,0x0000000000000000,86.5
1790545274,2026/09/27 21:41:14.014,67.91,1976,78,0x0000000000000000,86.0
1790545284,2026/09/27 21:41:24.071,67.99,1976,78,0x0000000000000000,86.2
1790545294,2026/09/27 21:41:34.126,67.37,1976,78,0x0000000000000000,85.8
1790545304,2026/09/27 21:41:44.180,67.36,1976,77,0x0000000000000000,86.1
1790545314,2026/09/27 21:41:54.236,67.99,1976,78,0x0000000000000000,86.4
1790545324,2026/09/27 21:42:04.292,67.14,1976,78,0x0000000000000000,87.4
1790545334,2026/09/27 21:42:14.346,68.75,1976,78,0x0000000000000000,86.2
1790545344,2026/09/27 21:42:24.402,66.76,1976,78,0x0000000000000000,85.3
1790545354,2026/09/27 21:42:34.464,67.77,1976,79,0x0000000000000000,86.5
1790545364,2026/09/27 21:42:44.517,65.80,1976,78,0x0000000000000000,86.0
1790545374,2026/09/27 21:42:54.576,67.38,1976,78,0x0000000000000000,85.6
1790545384,2026/09/27 21:43:04.635,69.50,1976,79,0x0000000000000000,86.5
1790545394,2026/09/27 21:43:14.694,66.54,1976,78,0x0000000000000000,86.0
1790545404,2026/09/27 21:43:24.750,67.69,1976,78,0x0000000000000000,85.9
1790545414,2026/09/27 21:43:34.807,69.33,1976,79,0x0000000000000000,86.2
1790545424,2026/09/27 21:43:44.861,66.45,1976,78,0x0000000000000000,86.2
1790545434,2026/09/27 21:43:54.918,64.14,1976,77,0x0000000000000000,86.0
1790545444,2026/09/27 21:44:04.971,69.75,1976,79,0x0000000000000000,85.7
1790545455,2026/09/27 21:44:15.021,67.90,1976,78,0x0000000000000000,86.1
1790545465,2026/09/27 21:44:25.075,68.48,1976,78,0x0000000000000000,86.0
1790545475,2026/09/27 21:44:35.135,68.85,1976,79,0x0000000000000000,86.1
1790545485,2026/09/27 21:44:45.187,68.03,1976,78,0x0000000000000000,85.9
1790545495,2026/09/27 21:44:55.242,68.34,1976,78,0x0000000000000000,86.4
1790545505,2026/09/27 21:45:05.293,68.04,1976,78,0x0000000000000000,86.1
1790545515,2026/09/27 21:45:15.347,68.11,1976,78,0x0000000000000000,86.2
1790545525,2026/09/27 21:45:25.399,68.24,1976,78,0x0000000000000000,86.5
1790545535,2026/09/27 21:45:35.451,68.03,1976,77,0x0000000000000000,85.8
1790545545,2026/09/27 21:45:45.510,68.08,1976,78,0x0000000000000000,86.1
1790545555,2026/09/27 21:45:55.566,69.52,1976,79,0x0000000000000000,87.3
1790545565,2026/09/27 21:46:05.621,65.82,1976,78,0x0000000000000000,86.1
1790545575,2026/09/27 21:46:15.675,67.97,1976,78,0x0000000000000000,86.0
1790545585,2026/09/27 21:46:25.728,68.90,1976,79,0x0000000000000000,86.5
1790545595,2026/09/27 21:46:35.781,65.58,1976,78,0x0000000000000000,86.2
1790545605,2026/09/27 21:46:45.838,67.98,1976,78,0x0000000000000000,85.9
1790545615,2026/09/27 21:46:55.892,69.78,1976,79,0x0000000000000000,86.2
1790545625,2026/09/27 21:47:05.948,65.62,1976,78,0x0000000000000000,85.7
1790545636,2026/09/27 21:47:16.005,67.82,1976,78,0x0000000000000000,85.9
1790545646,2026/09/27 21:47:26.060,70.97,1976,79,0x0000000000000000,86.6
1790545656,2026/09/27 21:47:36.117,68.38,1976,78,0x0000000000000000,85.6
1790545666,2026/09/27 21:47:46.170,68.19,1976,78,0x0000000000000000,86.1
1790545676,2026/09/27 21:47:56.223,68.06,1976,78,0x0000000000000000,85.5
1790545686,2026/09/27 21:48:06.279,67.78,1976,78,0x0000000000000000,85.8
1790545696,2026/09/27 21:48:16.336,67.51,1976,78,0x0000000000000000,86.3
1790545706,2026/09/27 21:48:26.387,67.80,1976,77,0x0000000000000000,85.9
1790545716,2026/09/27 21:48:36.443,62.96,1976,77,0x0000000000000000,85.2
1790545726,2026/09/27 21:48:46.499,66.11,1976,78,0x0000000000000000,85.8
1790545736,2026/09/27 21:48:56.553,65.68,1976,78,0x0000000000000000,85.8
1790545746,2026/09/27 21:49:06.611,67.74,1976,78,0x0000000000000000,86.2
1790545756,2026/09/27 21:49:16.677,69.60,1976,79,0x0000000000000000,86.5
1790545766,2026/09/27 21:49:26.730,65.72,1976,78,0x0000000000000000,85.8
1790545776,2026/09/27 21:49:36.787,67.86,1976,78,0x0000000000000000,86.0
1790545786,2026/09/27 21:49:46.850,69.27,1976,79,0x0000000000000000,86.3
1790545796,2026/09/27 21:49:56.905,69.31,1976,78,0x0000000000000000,86.2
1790545806,2026/09/27 21:50:06.959,66.95,1976,78,0x0000000000000000,85.6
1790545817,2026/09/27 21:50:17.013,69.79,1976,79,0x0000000000000000,86.2
1790545827,2026/09/27 21:50:27.069,64.27,1976,78,0x0000000000000000,85.6
1790545837,2026/09/27 21:50:37.128,66.09,1976,78,0x0000000000000000,85.3
1790545847,2026/09/27 21:50:47.184,67.53,1976,77,0x0000000000000000,86.1
1790545857,2026/09/27 21:50:57.240,68.52,1976,78,0x0000000000000000,86.2
1790545867,2026/09/27 21:51:07.297,67.73,1976,79,0x0000000000000000,86.1
1790545877,2026/09/27 21:51:17.351,68.24,1976,77,0x0000000000000000,85.8
1790545887,2026/09/27 21:51:27.406,67.89,1976,78,0x0000000000000000,86.2
1790545897,2026/09/27 21:51:37.469,64.98,1976,77,0x0000000000000000,85.9
1790545907,2026/09/27 21:51:47.520,67.63,1976,77,0x0000000000000000,85.9
1790545917,2026/09/27 21:51:57.580,63.47,1976,78,0x0000000000000000,85.0
1790545927,2026/09/27 21:52:07.637,67.21,1976,78,0x0000000000000000,85.3
1790545937,2026/09/27 21:52:17.693,68.51,1976,78,0x0000000000000000,86.2
1790545947,2026/09/27 21:52:27.746,67.87,1976,78,0x0000000000000000,87.1
1790545957,2026/09/27 21:52:37.802,69.95,1976,79,0x0000000000000000,86.7
1790545967,2026/09/27 21:52:47.859,65.50,1976,78,0x0000000000000000,85.9
1790545977,2026/09/27 21:52:57.913,67.90,1976,78,0x0000000000000000,86.6
1790545987,2026/09/27 21:53:07.970,69.61,1976,79,0x0000000000000000,86.2
1790545998,2026/09/27 21:53:18.030,65.36,1976,78,0x0000000000000000,85.8
1790546008,2026/09/27 21:53:28.086,68.04,1976,78,0x0000000000000000,85.9
1790546018,2026/09/27 21:53:38.137,68.24,1976,78,0x0000000000000000,86.0
1790546028,2026/09/27 21:53:48.191,67.74,1976,79,0x0000000000000000,86.3
1790546038,2026/09/27 21:53:58.247,67.07,1976,78,0x0000000000000000,85.7
1790546048,2026/09/27 21:54:08.312,67.78,1976,77,0x0000000000000000,86.1
1790546058,2026/09/27 21:54:18.366,66.07,1976,78,0x0000000000000000,85.5
1790546068,2026/09/27 21:54:28.416,68.44,1976,78,0x0000000000000000,85.2
1790546078,2026/09/27 21:54:38.473,67.47,1976,77,0x0000000000000000,85.9
1790546088,2026/09/27 21:54:48.526,68.64,1976,78,0x0000000000000000,86.1
1790546098,2026/09/27 21:54:58.580,67.73,1976,78,0x0000000000000000,86.1
1790546108,2026/09/27 21:55:08.638,70.14,1976,78,0x0000000000000000,86.4
1790546118,2026/09/27 21:55:18.694,64.70,1976,78,0x0000000000000000,85.4
1790546128,2026/09/27 21:55:28.751,68.73,1976,79,0x0000000000000000,86.3
1790546138,2026/09/27 21:55:38.809,68.21,1976,78,0x0000000000000000,86.0
1790546148,2026/09/27 21:55:48.874,67.36,1976,78,0x0000000000000000,86.0
1790546158,2026/09/27 21:55:58.931,67.78,1976,78,0x0000000000000000,86.3
1790546169,2026/09/27 21:56:08.988,68.03,1976,77,0x0000000000000000,86.1
1790546179,2026/09/27 21:56:19.047,65.92,1976,78,0x0000000000000000,85.9
1790546189,2026/09/27 21:56:29.106,66.95,1976,77,0x0000000000000000,85.6
1790546199,2026/09/27 21:56:39.159,68.01,1976,78,0x0000000000000000,86.1
1790546209,2026/09/27 21:56:49.212,67.91,1976,78,0x0000000000000000,86.3
1790546219,2026/09/27 21:56:59.263,66.94,1976,77,0x0000000000000000,85.7
1790546229,2026/09/27 21:57:09.321,68.54,1976,77,0x0000000000000000,86.1
1790546239,2026/09/27 21:57:19.379,66.33,1976,78,0x0000000000000000,85.7
1790546249,2026/09/27 21:57:29.435,67.76,1976,79,0x0000000000000000,85.9
1790546259,2026/09/27 21:57:39.494,65.37,1976,78,0x0000000000000000,86.0
1790546269,2026/09/27 21:57:49.548,68.49,1976,78,0x0000000000000000,85.9
1790546279,2026/09/27 21:57:59.606,70.48,1976,79,0x0000000000000000,85.8
1790546289,2026/09/27 21:58:09.664,67.96,1976,78,0x0000000000000000,86.3
1790546299,2026/09/27 21:58:19.721,65.78,1976,79,0x0000000000000000,86.0
1790546309,2026/09/27 21:58:29.776,67.20,1976,78,0x0000000000000000,86.1
1790546319,2026/09/27 21:58:39.830,68.09,1976,79,0x0000000000000000,85.9
1790546329,2026/09/27 21:58:49.891,67.58,1976,79,0x0000000000000000,85.9
1790546339,2026/09/27 21:58:59.951,66.67,1976,78,0x0000000000000000,85.8
1790546350,2026/09/27 21:59:10.006,67.39,1976,78,0x0000000000000000,85.7
1790546360,2026/09/27 21:59:20.061,68.30,1976,79,0x0000000000000000,86.1
1790546370,2026/09/27 21:59:30.128,67.63,1976,78,0x0000000000000000,85.7
1790546380,2026/09/27 21:59:40.186,67.57,1976,78,0x0000000000000000,85.9
1790546390,2026/09/27 21:59:50.236,66.79,1976,77,0x0000000000000000,85.8
1790546400,2026/09/27 22:00:00.288,67.77,1976,78,0x0000000000000000,86.3
1790546410,2026/09/27 22:00:10.342,67.62,1976,78,0x0000000000000000,87.9
1790546420,2026/09/27 22:00:20.397,67.13,1976,77,0x0000000000000000,85.9
1790546430,2026/09/27 22:00:30.453,64.83,1976,78,0x0000000000000000,85.6
1790546440,2026/09/27 22:00:40.507,68.08,1976,78,0x0000000000000000,86.2
1790546450,2026/09/27 22:00:50.562,60.25,1976,78,0x0000000000000000,85.3
1790546460,2026/09/27 22:01:00.617,63.92,1976,78,0x0000000000000000,85.8
1790546470,2026/09/27 22:01:10.673,67.21,1976,79,0x0000000000000000,86.0
1790546480,2026/09/27 22:01:20.732,65.38,1976,77,0x0000000000000000,85.3
1790546490,2026/09/27 22:01:30.788,66.95,1976,78,0x0000000000000000,85.8
1790546500,2026/09/27 22:01:40.846,67.01,1976,79,0x0000000000000000,85.6
1790546510,2026/09/27 22:01:50.898,66.58,1976,78,0x0000000000000000,85.9
1790546520,2026/09/27 22:02:00.953,67.87,1976,78,0x0000000000000000,86.2
1790546531,2026/09/27 22:02:11.008,68.42,1976,79,0x0000000000000000,86.3
1790546541,2026/09/27 22:02:21.062,66.91,1976,77,0x0000000000000000,85.6
1790546551,2026/09/27 22:02:31.118,67.18,1976,78,0x0000000000000000,86.1
1790546561,2026/09/27 22:02:41.172,67.30,1976,77,0x0000000000000000,86.1
1790546571,2026/09/27 22:02:51.230,57.75,1976,78,0x0000000000000000,84.9
1790546581,2026/09/27 22:03:01.288,67.87,1976,78,0x0000000000000000,87.0
1790546591,2026/09/27 22:03:11.348,67.21,1976,77,0x0000000000000000,86.1
1790546601,2026/09/27 22:03:21.400,65.00,1976,78,0x0000000000000000,86.0
1790546611,2026/09/27 22:03:31.454,65.72,1976,78,0x0000000000000000,85.7
1790546621,2026/09/27 22:03:41.508,66.71,1976,78,0x0000000000000000,86.1
1790546631,2026/09/27 22:03:51.565,68.91,1976,78,0x0000000000000000,86.2
1790546641,2026/09/27 22:04:01.623,66.46,1976,78,0x0000000000000000,85.9
1790546651,2026/09/27 22:04:11.677,66.43,1976,78,0x0000000000000000,85.8
1790546661,2026/09/27 22:04:21.733,67.68,1976,78,0x0000000000000000,85.9
1790546671,2026/09/27 22:04:31.788,66.29,1976,77,0x0000000000000000,85.8
1790546681,2026/09/27 22:04:41.846,67.00,1976,78,0x0000000000000000,85.9
1790546691,2026/09/27 22:04:51.902,67.46,1976,78,0x0000000000000000,85.9
1790546701,2026/09/27 22:05:01.958,68.57,1976,79,0x0000000000000000,86.1
1790546712,2026/09/27 22:05:12.009,67.11,1976,78,0x0000000000000000,86.2
1790546722,2026/09/27 22:05:22.060,67.49,1976,78,0x0000000000000000,85.6
1790546732,2026/09/27 22:05:32.116,67.93,1976,79,0x0000000000000000,85.7
1790546742,2026/09/27 22:05:42.168,66.94,1976,78,0x0000000000000000,86.2
1790546752,2026/09/27 22:05:52.224,68.01,1976,78,0x0000000000000000,86.4
1790546762,2026/09/27 22:06:02.280,67.30,1976,77,0x0000000000000000,85.7
1790546772,2026/09/27 22:06:12.332,64.43,1976,77,0x0000000000000000,85.3
1790546782,2026/09/27 22:06:22.388,68.11,1976,78,0x0000000000000000,87.5
1790546792,2026/09/27 22:06:32.447,67.07,1976,77,0x0000000000000000,85.7
1790546802,2026/09/27 22:06:42.503,67.17,1976,78,0x0000000000000000,86.2
1790546812,2026/09/27 22:06:52.560,67.24,1976,78,0x0000000000000000,86.1
1790546822,2026/09/27 22:07:02.617,67.09,1976,79,0x0000000000000000,85.7
1790546832,2026/09/27 22:07:12.674,67.94,1976,78,0x0000000000000000,86.0
1790546842,2026/09/27 22:07:22.730,66.37,1976,78,0x0000000000000000,85.6
1790546852,2026/09/27 22:07:32.787,67.15,1976,78,0x0000000000000000,86.0
1790546862,2026/09/27 22:07:42.837,68.27,1976,78,0x0000000000000000,85.0
1790546872,2026/09/27 22:07:52.896,66.61,1976,78,0x0000000000000000,85.1
1790546882,2026/09/27 22:08:02.956,67.36,1976,78,0x0000000000000000,86.1
1790546893,2026/09/27 22:08:13.013,68.40,1976,78,0x0000000000000000,87.5
1790546903,2026/09/27 22:08:23.071,68.98,1976,79,0x0000000000000000,86.1
1790546913,2026/09/27 22:08:33.125,67.18,1976,78,0x0000000000000000,85.9
1790546923,2026/09/27 22:08:43.179,65.74,1976,77,0x0000000000000000,85.7
1790546933,2026/09/27 22:08:53.234,60.25,1976,77,0x0000000000000000,84.3
1790546943,2026/09/27 22:09:03.291,67.90,1976,78,0x0000000000000000,85.8
1790546953,2026/09/27 22:09:13.346,68.01,1976,78,0x0000000000000000,87.8
1790546963,2026/09/27 22:09:23.402,67.49,1976,78,0x0000000000000000,85.6
1790546973,2026/09/27 22:09:33.461,65.98,1976,77,0x0000000000000000,85.2
1790546983,2026/09/27 22:09:43.515,66.49,1976,78,0x0000000000000000,85.4
1790546993,2026/09/27 22:09:53.566,67.55,1976,77,0x0000000000000000,85.8
1790547003,2026/09/27 22:10:03.617,68.00,1976,78,0x0000000000000000,86.1
1790547013,2026/09/27 22:10:13.675,67.60,1976,78,0x0000000000000000,86.3
1790547023,2026/09/27 22:10:23.733,66.50,1976,78,0x0000000000000000,85.9
1790547033,2026/09/27 22:10:33.792,66.93,1976,78,0x0000000000000000,85.8
1790547043,2026/09/27 22:10:43.850,68.72,1976,79,0x0000000000000000,86.1
1790547053,2026/09/27 22:10:53.907,65.84,1976,78,0x0000000000000000,85.7
1790547063,2026/09/27 22:11:03.967,67.14,1976,78,0x0000000000000000,85.6
1790547074,2026/09/27 22:11:14.021,69.15,1976,79,0x0000000000000000,86.0
1790547084,2026/09/27 22:11:24.080,66.10,1976,78,0x0000000000000000,85.7
1790547094,2026/09/27 22:11:34.135,68.30,1976,78,0x0000000000000000,85.4
1790547104,2026/09/27 22:11:44.188,66.32,1976,79,0x0000000000000000,84.5
1790547114,2026/09/27 22:11:54.243,66.14,1976,78,0x0000000000000000,85.5
1790547124,2026/09/27 22:12:04.297,68.20,1976,78,0x0000000000000000,86.1
1790547134,2026/09/27 22:12:14.348,67.58,1976,79,0x0000000000000000,86.0
1790547144,2026/09/27 22:12:24.403,68.24,1976,78,0x0000000000000000,85.5
1790547154,2026/09/27 22:12:34.458,67.20,1976,78,0x0000000000000000,85.8
1790547164,2026/09/27 22:12:44.516,70.53,1976,79,0x0000000000000000,86.2
1790547174,2026/09/27 22:12:54.568,67.70,1976,78,0x0000000000000000,85.9
1790547184,2026/09/27 22:13:04.624,67.87,1976,78,0x0000000000000000,87.8
1790547194,2026/09/27 22:13:14.679,68.16,1976,79,0x0000000000000000,85.8
1790547204,2026/09/27 22:13:24.738,67.51,1976,78,0x0000000000000000,86.7
1790547214,2026/09/27 22:13:34.793,68.03,1976,79,0x0000000000000000,86.0
1790547224,2026/09/27 22:13:44.849,67.41,1976,78,0x0000000000000000,86.1
1790547234,2026/09/27 22:13:54.906,67.13,1976,78,0x0000000000000000,85.6
1790547244,2026/09/27 22:14:04.964,68.47,1976,79,0x0000000000000000,86.1
1790547255,2026/09/27 22:14:15.014,66.74,1976,79,0x0000000000000000,85.8
1790547265,2026/09/27 22:14:25.073,67.46,1976,78,0x0000000000000000,86.0
1790547275,2026/09/27 22:14:35.126,66.56,1976,77,0x0000000000000000,85.7
1790547285,2026/09/27 22:14:45.179,65.73,1976,78,0x0000000000000000,85.5
1790547295,2026/09/27 22:14:55.232,67.75,1976,78,0x0000000000000000,85.8
1790547305,2026/09/27 22:15:05.287,71.22,1976,79,0x0000000000000000,86.3
1790547315,2026/09/27 22:15:15.342,68.18,1976,78,0x0000000000000000,86.0
1790547325,2026/09/27 22:15:25.399,68.75,1976,78,0x0000000000000000,86.7
1790547335,2026/09/27 22:15:35.456,67.50,1976,78,0x0000000000000000,85.8
1790547345,2026/09/27 22:15:45.514,68.21,1976,78,0x0000000000000000,85.7
1790547355,2026/09/27 22:15:55.570,68.44,1976,78,0x0000000000000000,86.1
1790547365,2026/09/27 22:16:05.625,67.51,1976,79,0x0000000000000000,85.5
1790547375,2026/09/27 22:16:15.684,67.86,1976,78,0x0000000000000000,85.6
1790547385,2026/09/27 22:16:25.741,68.26,1976,78,0x0000000000000000,86.2
1790547395,2026/09/27 22:16:35.799,65.94,1976,78,0x0000000000000000,85.3
1790547405,2026/09/27 22:16:45.857,67.82,1976,78,0x0000000000000000,85.8
1790547415,2026/09/27 22:16:55.911,69.32,1976,79,0x0000000000000000,86.3
1790547425,2026/09/27 22:17:05.967,65.96,1976,78,0x0000000000000000,85.8
1790547436,2026/09/27 22:17:16.022,68.33,1976,78,0x0000000000000000,86.0
1790547446,2026/09/27 22:17:26.076,66.84,1976,79,0x0000000000000000,85.6
1790547456,2026/09/27 22:17:36.136,66.33,1976,78,0x0000000000000000,85.8
1790547466,2026/09/27 22:17:46.192,68.26,1976,78,0x0000000000000000,85.8
1790547476,2026/09/27 22:17:56.253,69.43,1976,79,0x0000000000000000,85.6
1790547486,2026/09/27 22:18:06.312,64.84,1976,78,0x0000000000000000,84.8
1790547496,2026/09/27 22:18:16.369,67.40,1976,78,0x0000000000000000,85.8
1790547506,2026/09/27 22:18:26.422,67.41,1976,78,0x0000000000000000,85.5
1790547516,2026/09/27 22:18:36.478,67.72,1976,78,0x0000000000000000,85.8
1790547526,2026/09/27 22:18:46.533,66.74,1976,78,0x0000000000000000,85.5
1790547536,2026/09/27 22:18:56.590,67.25,1976,78,0x0000000000000000,85.7
1790547546,2026/09/27 22:19:06.646,67.58,1976,78,0x0000000000000000,85.7
1790547556,2026/09/27 22:19:16.702,66.49,1976,78,0x0000000000000000,85.1
1790547566,2026/09/27 22:19:26.760,67.32,1976,78,0x0000000000000000,85.7
1790547576,2026/09/27 22:19:36.813,67.81,1976,78,0x0000000000000000,85.7
1790547586,2026/09/27 22:19:46.869,67.71,1976,79,0x0000000000000000,85.7
1790547596,2026/09/27 22:19:56.927,65.74,1976,78,0x0000000000000000,85.6
1790547606,2026/09/27 22:20:06.979,67.85,1976,78,0x0000000000000000,85.8
1790547617,2026/09/27 22:20:17.032,68.92,1976,77,0x0000000000000000,85.8
1790547627,2026/09/27 22:20:27.084,65.95,1976,78,0x0000000000000000,85.5
1790547637,2026/09/27 22:20:37.138,68.04,1976,78,0x0000000000000000,86.0
1790547647,2026/09/27 22:20:47.193,66.78,1976,79,0x0000000000000000,86.4
1790547657,2026/09/27 22:20:57.243,67.71,1976,78,0x0000000000000000,86.2
1790547667,2026/09/27 22:21:07.298,66.41,1976,79,0x0000000000000000,86.3
1790547677,2026/09/27 22:21:17.353,68.00,1976,79,0x0000000000000000,85.8
1790547687,2026/09/27 22:21:27.409,67.84,1976,79,0x0000000000000000,86.2
1790547697,2026/09/27 22:21:37.466,67.72,1976,78,0x0000000000000000,86.1
1790547707,2026/09/27 22:21:47.525,68.06,1976,79,0x0000000000000000,86.1
1790547717,2026/09/27 22:21:57.588,68.44,1976,78,0x0000000000000000,85.9
1790547727,2026/09/27 22:22:07.642,67.04,1976,78,0x0000000000000000,85.5
1790547737,2026/09/27 22:22:17.694,68.66,1976,78,0x0000000000000000,85.7
1790547747,2026/09/27 22:22:27.746,67.14,1976,78,0x0000000000000000,85.7
1790547757,2026/09/27 22:22:37.799,68.06,1976,78,0x0000000000000000,85.9
1790547767,2026/09/27 22:22:47.850,66.23,1976,78,0x0000000000000000,85.6
1790547777,2026/09/27 22:22:57.902,67.93,1976,78,0x0000000000000000,85.8
1790547787,2026/09/27 22:23:07.959,69.43,1976,79,0x0000000000000000,86.1
1790547798,2026/09/27 22:23:18.011,66.24,1976,78,0x0000000000000000,86.0
1790547808,2026/09/27 22:23:28.069,67.27,1976,78,0x0000000000000000,85.8
1790547818,2026/09/27 22:23:38.125,69.49,1976,79,0x0000000000000000,85.9
1790547828,2026/09/27 22:23:48.179,68.27,1976,77,0x0000000000000000,87.7
1790547838,2026/09/27 22:23:58.238,64.57,1976,78,0x0000000000000000,85.9
1790547848,2026/09/27 22:24:08.296,66.29,1976,77,0x0000000000000000,86.1
1790547858,2026/09/27 22:24:18.348,67.49,1976,78,0x0000000000000000,86.0
1790547868,2026/09/27 22:24:28.403,70.90,1976,79,0x0000000000000000,86.1
1790547878,2026/09/27 22:24:38.464,68.32,1976,78,0x0000000000000000,85.5
1790547888,2026/09/27 22:24:48.517,66.96,1976,78,0x0000000000000000,85.7
1790547898,2026/09/27 22:24:58.573,67.67,1976,78,0x0000000000000000,85.9
1790547908,2026/09/27 22:25:08.628,68.08,1976,78,0x0000000000000000,85.8
1790547918,2026/09/27 22:25:18.685,67.64,1976,78,0x0000000000000000,85.7
1790547928,2026/09/27 22:25:28.740,67.60,1976,78,0x0000000000000000,86.0
1790547938,2026/09/27 22:25:38.797,67.77,1976,78,0x0000000000000000,85.9
1790547948,2026/09/27 22:25:48.852,66.45,1976,78,0x0000000000000000,85.8
1790547958,2026/09/27 22:25:58.905,66.45,1976,78,0x0000000000000000,85.4
1790547968,2026/09/27 22:26:08.964,67.35,1976,78,0x0000000000000000,85.6
1790547979,2026/09/27 22:26:19.018,69.11,1976,79,0x0000000000000000,86.1
1790547989,2026/09/27 22:26:29.075,67.14,1976,77,0x0000000000000000,85.3
1790547999,2026/09/27 22:26:39.128,67.62,1976,78,0x0000000000000000,85.8
1790548009,2026/09/27 22:26:49.182,69.18,1976,79,0x0000000000000000,85.8
1790548019,2026/09/27 22:26:59.237,66.33,1976,78,0x0000000000000000,85.6
1790548029,2026/09/27 22:27:09.300,67.35,1976,78,0x0000000000000000,85.7
1790548039,2026/09/27 22:27:19.353,65.35,1976,79,0x0000000000000000,84.9
1790548049,2026/09/27 22:27:29.411,64.29,1976,78,0x0000000000000000,85.0
1790548059,2026/09/27 22:27:39.468,68.34,1976,78,0x0000000000000000,86.9
1790548069,2026/09/27 22:27:49.526,67.04,1976,78,0x0000000000000000,85.5
1790548079,2026/09/27 22:27:59.585,68.34,1976,78,0x0000000000000000,85.7
1790548089,2026/09/27 22:28:09.644,68.57,1976,78,0x0000000000000000,85.8
1790548099,2026/09/27 22:28:19.697,67.69,1976,78,0x0000000000000000,85.4
1790548109,2026/09/27 22:28:29.756,68.61,1976,78,0x0000000000000000,86.0
1790548119,2026/09/27 22:28:39.808,68.48,1976,77,0x0000000000000000,85.1
1790548129,2026/09/27 22:28:49.857,67.93,1976,77,0x0000000000000000,85.5
1790548139,2026/09/27 22:28:59.912,67.33,1976,78,0x0000000000000000,85.8
1790548149,2026/09/27 22:29:09.968,69.27,1976,79,0x0000000000000000,86.0
1790548160,2026/09/27 22:29:20.034,66.20,1976,78,0x0000000000000000,85.6
1790548170,2026/09/27 22:29:30.088,68.02,1976,78,0x0000000000000000,86.4
1790548180,2026/09/27 22:29:40.143,69.20,1976,79,0x0000000000000000,86.0
1790548190,2026/09/27 22:29:50.209,66.13,1976,78,0x0000000000000000,85.5
1790548200,2026/09/27 22:30:00.264,67.82,1976,78,0x0000000000000000,85.6
1790548210,2026/09/27 22:30:10.318,68.91,1976,79,0x0000000000000000,85.7
1790548220,2026/09/27 22:30:20.377,65.31,1976,78,0x0000000000000000,85.4
1790548230,2026/09/27 22:30:30.435,67.88,1976,78,0x0000000000000000,85.7
1790548240,2026/09/27 22:30:40.495,67.64,1976,78,0x0000000000000000,85.6
1790548250,2026/09/27 22:30:50.553,68.41,1976,78,0x0000000000000000,85.9
1790548260,2026/09/27 22:31:00.610,66.31,1976,78,0x0000000000000000,85.6
1790548270,2026/09/27 22:31:10.664,67.50,1976,77,0x0000000000000000,85.7
1790548280,2026/09/27 22:31:20.722,68.18,1976,78,0x0000000000000000,85.4
1790548290,2026/09/27 22:31:30.782,68.08,1976,78,0x0000000000000000,85.9
1790548300,2026/09/27 22:31:40.844,67.31,1976,78,0x0000000000000000,85.6
1790548310,2026/09/27 22:31:50.903,68.01,1976,78,0x0000000000000000,85.7
1790548320,2026/09/27 22:32:00.960,69.64,1976,79,0x0000000000000000,87.2
1790548331,2026/09/27 22:32:11.014,66.27,1976,78,0x0000000000000000,85.8
1790548341,2026/09/27 22:32:21.069,67.28,1976,78,0x0000000000000000,85.5
1790548351,2026/09/27 22:32:31.130,69.47,1976,79,0x0000000000000000,86.2
1790548361,2026/09/27 22:32:41.184,66.20,1976,78,0x0000000000000000,85.6
1790548371,2026/09/27 22:32:51.237,68.07,1976,78,0x0000000000000000,86.4
1790548381,2026/09/27 22:33:01.293,69.29,1976,79,0x0000000000000000,85.5
1790548391,2026/09/27 22:33:11.346,66.47,1976,78,0x0000000000000000,85.7
1790548401,2026/09/27 22:33:21.403,67.31,1976,78,0x0000000000000000,85.4
1790548411,2026/09/27 22:33:31.457,67.78,1976,77,0x0000000000000000,85.6
1790548421,2026/09/27 22:33:41.518,67.27,1976,78,0x0000000000000000,85.7
1790548431,2026/09/27 22:33:51.577,68.43,1976,78,0x0000000000000000,86.9
1790548441,2026/09/27 22:34:01.634,67.93,1976,78,0x0000000000000000,85.6
1790548451,2026/09/27 22:34:11.694,67.10,1976,78,0x0000000000000000,85.5
1790548461,2026/09/27 22:34:21.751,67.56,1976,78,0x0000000000000000,85.7
1790548471,2026/09/27 22:34:31.803,67.75,1976,77,0x0000000000000000,85.5
1790548481,2026/09/27 22:34:41.864,64.68,1976,78,0x0000000000000000,85.2
1790548491,2026/09/27 22:34:51.920,68.25,1976,78,0x0000000000000000,86.0
1790548501,2026/09/27 22:35:01.976,65.88,1976,78,0x0000000000000000,85.3
1790548512,2026/09/27 22:35:12.034,67.25,1976,77,0x0000000000000000,85.2
1790548522,2026/09/27 22:35:22.092,69.57,1976,78,0x0000000000000000,85.8
1790548532,2026/09/27 22:35:32.146,65.23,1976,77,0x0000000000000000,85.2
1790548542,2026/09/27 22:35:42.199,67.60,1976,78,0x0000000000000000,85.1
1790548552,2026/09/27 22:35:52.254,69.36,1976,78,0x0000000000000000,87.1
1790548562,2026/09/27 22:36:02.312,66.21,1976,78,0x0000000000000000,85.5
1790548572,2026/09/27 22:36:12.370,67.42,1976,77,0x0000000000000000,85.2
1790548582,2026/09/27 22:36:22.424,69.36,1976,79,0x0000000000000000,85.2
1790548592,2026/09/27 22:36:32.484,66.96,1976,78,0x0000000000000000,85.4
1790548602,2026/09/27 22:36:42.543,67.78,1976,78,0x0000000000000000,85.6
1790548612,2026/09/27 22:36:52.598,67.56,1976,77,0x0000000000000000,85.4
1790548622,2026/09/27 22:37:02.653,67.43,1976,78,0x0000000000000000,85.2
1790548632,2026/09/27 22:37:12.712,67.19,1976,78,0x0000000000000000,86.4
1790548642,2026/09/27 22:37:22.767,67.89,1976,78,0x0000000000000000,85.6
1790548652,2026/09/27 22:37:32.826,67.12,1976,78,0x0000000000000000,85.6
1790548662,2026/09/27 22:37:42.877,68.12,1976,78,0x0000000000000000,85.8
1790548672,2026/09/27 22:37:52.930,67.93,1976,77,0x0000000000000000,85.6
1790548683,2026/09/27 22:38:02.988,67.75,1976,78,0x0000000000000000,85.5
1790548693,2026/09/27 22:38:13.047,69.53,1976,79,0x0000000000000000,86.0
1790548703,2026/09/27 22:38:23.100,66.63,1976,78,0x0000000000000000,85.7
1790548713,2026/09/27 22:38:33.154,67.90,1976,78,0x0000000000000000,85.3
1790548723,2026/09/27 22:38:43.209,69.86,1976,79,0x0000000000000000,85.8
1790548733,2026/09/27 22:38:53.265,65.94,1976,78,0x0000000000000000,85.7
1790548743,2026/09/27 22:39:03.323,68.18,1976,78,0x0000000000000000,85.6
1790548753,2026/09/27 22:39:13.383,69.50,1976,79,0x0000000000000000,85.8
1790548763,2026/09/27 22:39:23.440,65.91,1976,78,0x0000000000000000,85.4
1790548773,2026/09/27 22:39:33.495,67.55,1976,78,0x0000000000000000,85.4
1790548783,2026/09/27 22:39:43.548,67.41,1976,78,0x0000000000000000,85.5
1790548793,2026/09/27 22:39:53.605,67.97,1976,78,0x0000000000000000,85.4
1790548803,2026/09/27 22:40:03.660,67.48,1976,78,0x0000000000000000,85.1
1790548813,2026/09/27 22:40:13.715,68.46,1976,77,0x0000000000000000,85.3
1790548823,2026/09/27 22:40:23.772,65.07,1976,78,0x0000000000000000,85.2
1790548833,2026/09/27 22:40:33.826,68.06,1976,78,0x0000000000000000,85.6
1790548843,2026/09/27 22:40:43.882,68.07,1976,78,0x0000000000000000,85.2
1790548853,2026/09/27 22:40:53.940,67.90,1976,78,0x0000000000000000,85.9
1790548864,2026/09/27 22:41:03.994,67.39,1976,78,0x0000000000000000,86.0
1790548874,2026/09/27 22:41:14.052,65.65,1976,78,0x0000000000000000,85.3
1790548884,2026/09/27 22:41:24.112,67.36,1976,78,0x0000000000000000,85.3
1790548894,2026/09/27 22:41:34.171,69.62,1976,79,0x0000000000000000,86.9
1790548904,2026/09/27 22:41:44.229,65.54,1976,78,0x0000000000000000,85.6
1790548914,2026/09/27 22:41:54.289,68.20,1976,78,0x0000000000000000,86.0
1790548924,2026/09/27 22:42:04.344,69.62,1976,79,0x0000000000000000,85.8
1790548934,2026/09/27 22:42:14.400,65.97,1976,78,0x0000000000000000,85.7
1790548944,2026/09/27 22:42:24.458,67.10,1976,78,0x0000000000000000,85.4
1790548954,2026/09/27 22:42:34.513,68.59,1976,79,0x0000000000000000,85.6
1790548964,2026/09/27 22:42:44.570,59.66,1976,78,0x0000000000000000,84.4
1790548974,2026/09/27 22:42:54.624,67.71,1976,78,0x0000000000000000,85.5
1790548984,2026/09/27 22:43:04.680,67.35,1976,78,0x0000000000000000,85.2
1790548994,2026/09/27 22:43:14.734,67.00,1976,78,0x0000000000000000,85.4
1790549004,2026/09/27 22:43:24.789,67.92,1976,78,0x0000000000000000,85.7
1790549014,2026/09/27 22:43:34.850,67.89,1976,77,0x0000000000000000,85.4
1790549024,2026/09/27 22:43:44.907,66.71,1976,78,0x0000000000000000,85.6
1790549034,2026/09/27 22:43:54.964,67.26,1976,78,0x0000000000000000,86.7
1790549045,2026/09/27 22:44:05.020,67.86,1976,78,0x0000000000000000,85.4
1790549055,2026/09/27 22:44:15.076,67.92,1976,78,0x0000000000000000,85.4
1790549065,2026/09/27 22:44:25.133,69.45,1976,79,0x0000000000000000,85.8
1790549075,2026/09/27 22:44:35.188,65.68,1976,78,0x0000000000000000,85.3
1790549085,2026/09/27 22:44:45.244,68.32,1976,78,0x0000000000000000,85.6
1790549095,2026/09/27 22:44:55.299,67.36,1976,78,0x0000000000000000,85.3
1790549105,2026/09/27 22:45:05.352,66.15,1976,78,0x0000000000000000,85.7
1790549115,2026/09/27 22:45:15.407,67.38,1976,78,0x0000000000000000,85.7
1790549125,2026/09/27 22:45:25.466,69.93,1976,79,0x0000000000000000,85.9
1790549135,2026/09/27 22:45:35.524,69.66,1976,76,0x0000000000000000,85.7
1790549145,2026/09/27 22:45:45.580,58.97,1976,75,0x0000000000000000,83.2
1790549155,2026/09/27 22:45:55.636,70.28,1976,78,0x0000000000000000,85.9
1790549165,2026/09/27 22:46:05.688,66.56,1976,78,0x0000000000000000,85.7
1790549175,2026/09/27 22:46:15.747,67.96,1976,78,0x0000000000000000,87.0
1790549185,2026/09/27 22:46:25.801,68.02,1976,77,0x0000000000000000,85.6
1790549195,2026/09/27 22:46:35.856,68.02,1976,78,0x0000000000000000,85.1
1790549205,2026/09/27 22:46:45.917,67.74,1976,78,0x0000000000000000,86.1
1790549215,2026/09/27 22:46:55.970,67.74,1976,77,0x0000000000000000,85.5
1790549226,2026/09/27 22:47:06.025,63.78,1976,78,0x0000000000000000,85.5
1790549236,2026/09/27 22:47:16.086,68.76,1976,78,0x0000000000000000,85.9
1790549246,2026/09/27 22:47:26.139,66.13,1976,77,0x0000000000000000,85.1
1790549256,2026/09/27 22:47:36.193,68.02,1976,77,0x0000000000000000,85.4
1790549266,2026/09/27 22:47:46.254,66.81,1976,77,0x0000000000000000,85.3
1790549276,2026/09/27 22:47:56.310,65.20,1976,78,0x0000000000000000,85.4
1790549286,2026/09/27 22:48:06.371,67.55,1976,78,0x0000000000000000,85.4
1790549296,2026/09/27 22:48:16.427,66.98,1976,78,0x0000000000000000,85.1
1790549306,2026/09/27 22:48:26.478,65.45,1976,78,0x0000000000000000,85.6
1790549316,2026/09/27 22:48:36.535,67.24,1976,78,0x0000000000000000,85.8
1790549326,2026/09/27 22:48:46.590,66.90,1976,77,0x0000000000000000,85.6
1790549336,2026/09/27 22:48:56.649,64.29,1976,78,0x0000000000000000,85.1
1790549346,2026/09/27 22:49:06.708,58.69,1976,69,0x0000000000000000,83.9
1790549356,2026/09/27 22:49:16.759,62.84,1976,78,0x0000000000000000,84.7
1790549366,2026/09/27 22:49:26.810,67.98,1976,78,0x0000000000000000,86.3
1790549376,2026/09/27 22:49:36.865,67.85,1976,78,0x0000000000000000,87.7
1790549386,2026/09/27 22:49:46.920,70.62,1976,78,0x0000000000000000,85.9
1790549396,2026/09/27 22:49:56.975,67.34,1976,78,0x0000000000000000,87.2
1790549407,2026/09/27 22:50:07.031,67.69,1976,78,0x0000000000000000,85.7
1790549417,2026/09/27 22:50:17.086,67.89,1976,77,0x0000000000000000,85.3
1790549427,2026/09/27 22:50:27.141,67.01,1976,78,0x0000000000000000,85.4
1790549437,2026/09/27 22:50:37.197,69.44,1976,79,0x0000000000000000,86.8
1790549447,2026/09/27 22:50:47.254,65.68,1976,78,0x0000000000000000,85.3
1790549457,2026/09/27 22:50:57.316,67.99,1976,78,0x0000000000000000,85.6
1790549467,2026/09/27 22:51:07.372,69.49,1976,79,0x0000000000000000,85.8
1790549477,2026/09/27 22:51:17.430,65.61,1976,78,0x0000000000000000,85.5
1790549487,2026/09/27 22:51:27.485,67.62,1976,78,0x0000000000000000,85.7
1790549497,2026/09/27 22:51:37.544,68.83,1976,79,0x0000000000000000,85.2
1790549507,2026/09/27 22:51:47.596,65.97,1976,78,0x0000000000000000,85.7
1790549517,2026/09/27 22:51:57.652,65.47,1976,78,0x0000000000000000,85.3
1790549527,2026/09/27 22:52:07.706,70.64,1976,78,0x0000000000000000,86.4
1790549537,2026/09/27 22:52:17.765,65.58,1976,79,0x0000000000000000,85.3
1790549547,2026/09/27 22:52:27.820,67.38,1976,78,0x0000000000000000,85.9
1790549557,2026/09/27 22:52:37.873,68.00,1976,77,0x0000000000000000,85.6
1790549567,2026/09/27 22:52:47.929,64.65,1976,78,0x0000000000000000,85.3
1790549577,2026/09/27 22:52:57.986,68.18,1976,78,0x0000000000000000,85.9
1790549588,2026/09/27 22:53:08.048,68.28,1976,77,0x0000000000000000,85.5
1790549598,2026/09/27 22:53:18.102,65.16,1976,78,0x0000000000000000,85.5
1790549608,2026/09/27 22:53:28.157,69.74,1976,78,0x0000000000000000,86.0
1790549618,2026/09/27 22:53:38.209,66.69,1976,77,0x0000000000000000,85.1
1790549628,2026/09/27 22:53:48.269,62.74,1976,78,0x0000000000000000,84.7
1790549638,2026/09/27 22:53:58.322,69.02,1976,79,0x0000000000000000,86.1
1790549648,2026/09/27 22:54:08.372,68.33,1976,78,0x0000000000000000,87.0
1790549658,2026/09/27 22:54:18.433,66.90,1976,78,0x0000000000000000,85.5
1790549668,2026/09/27 22:54:28.490,68.38,1976,78,0x0000000000000000,86.4
1790549678,2026/09/27 22:54:38.548,67.43,1976,77,0x0000000000000000,85.9
1790549688,2026/09/27 22:54:48.602,67.87,1976,78,0x0000000000000000,85.5
1790549698,2026/09/27 22:54:58.658,69.06,1976,79,0x0000000000000000,85.8
1790549708,2026/09/27 22:55:08.714,67.32,1976,78,0x0000000000000000,85.7
1790549718,2026/09/27 22:55:18.766,68.21,1976,78,0x0000000000000000,85.6
1790549728,2026/09/27 22:55:28.819,69.18,1976,79,0x0000000000000000,86.1
1790549738,2026/09/27 22:55:38.881,67.78,1976,78,0x0000000000000000,85.7
1790549748,2026/09/27 22:55:48.936,67.79,1976,78,0x0000000000000000,85.4
1790549759,2026/09/27 22:55:58.988,65.55,1976,77,0x0000000000000000,84.7
1790549769,2026/09/27 22:56:09.044,67.80,1976,78,0x0000000000000000,85.7
1790549779,2026/09/27 22:56:19.102,67.95,1976,78,0x0000000000000000,85.6
1790549789,2026/09/27 22:56:29.156,69.09,1976,79,0x0000000000000000,85.6
1790549799,2026/09/27 22:56:39.215,67.87,1976,78,0x0000000000000000,85.7
1790549809,2026/09/27 22:56:49.269,68.05,1976,78,0x0000000000000000,85.5
1790549819,2026/09/27 22:56:59.321,67.50,1976,78,0x0000000000000000,85.4
1790549829,2026/09/27 22:57:09.376,67.21,1976,78,0x0000000000000000,85.7
1790549839,2026/09/27 22:57:19.433,67.99,1976,78,0x0000000000000000,85.8
1790549849,2026/09/27 22:57:29.485,70.75,1976,79,0x0000000000000000,85.9
1790549859,2026/09/27 22:57:39.542,68.65,1976,78,0x0000000000000000,85.6
1790549869,2026/09/27 22:57:49.598,67.62,1976,78,0x0000000000000000,86.5
1790549879,2026/09/27 22:57:59.655,67.33,1976,77,0x0000000000000000,85.6
1790549889,2026/09/27 22:58:09.712,67.99,1976,78,0x0000000000000000,85.6
1790549899,2026/09/27 22:58:19.762,61.51,1976,77,0x0000000000000000,87.2
1790549909,2026/09/27 22:58:29.819,66.22,1976,78,0x0000000000000000,85.6
1790549919,2026/09/27 22:58:39.872,68.44,1976,78,0x0000000000000000,85.7
1790549929,2026/09/27 22:58:49.930,69.26,1976,79,0x0000000000000000,85.6
1790549939,2026/09/27 22:58:59.979,65.92,1976,78,0x0000000000000000,85.1
1790549950,2026/09/27 22:59:10.035,68.16,1976,78,0x0000000000000000,85.7
1790549960,2026/09/27 22:59:20.087,69.33,1976,79,0x0000000000000000,85.7
1790549970,2026/09/27 22:59:30.143,66.54,1976,78,0x0000000000000000,85.6
1790549980,2026/09/27 22:59:40.199,68.24,1976,78,0x0000000000000000,85.6
1790549990,2026/09/27 22:59:50.258,67.38,1976,78,0x0000000000000000,85.6
1790550000,2026/09/27 23:00:00.315,63.97,1976,78,0x0000000000000000,84.8
1790550010,2026/09/27 23:00:10.374,68.20,1976,78,0x0000000000000000,86.7
1790550020,2026/09/27 23:00:20.427,67.69,1976,78,0x0000000000000000,85.5
1790550030,2026/09/27 23:00:30.483,67.72,1976,78,0x0000000000000000,85.7
1790550040,2026/09/27 23:00:40.538,68.28,1976,78,0x0000000000000000,85.4
1790550050,2026/09/27 23:00:50.593,67.53,1976,78,0x0000000000000000,85.6
1790550060,2026/09/27 23:01:00.645,67.82,1976,78,0x0000000000000000,85.4
1790550070,2026/09/27 23:01:10.702,67.29,1976,78,0x0000000000000000,85.9
1790550080,2026/09/27 23:01:20.757,64.28,1976,78,0x0000000000000000,85.1
1790550090,2026/09/27 23:01:30.813,67.56,1976,78,0x0000000000000000,85.0
1790550100,2026/09/27 23:01:40.867,69.42,1976,79,0x0000000000000000,85.8
1790550110,2026/09/27 23:01:50.921,66.12,1976,78,0x0000000000000000,85.3
1790550120,2026/09/27 23:02:00.978,68.15,1976,78,0x0000000000000000,85.3
1790550131,2026/09/27 23:02:11.034,69.02,1976,79,0x0000000000000000,85.6
1790550141,2026/09/27 23:02:21.089,66.38,1976,78,0x0000000000000000,85.5
1790550151,2026/09/27 23:02:31.145,67.47,1976,78,0x0000000000000000,85.4
1790550161,2026/09/27 23:02:41.213,65.66,1976,79,0x0000000000000000,85.1
1790550171,2026/09/27 23:02:51.266,67.97,1976,78,0x0000000000000000,85.3
1790550181,2026/09/27 23:03:01.323,66.34,1976,78,0x0000000000000000,85.1
1790550191,2026/09/27 23:03:11.389,67.60,1976,78,0x0000000000000000,85.4
1790550201,2026/09/27 23:03:21.446,67.94,1976,78,0x0000000000000000,85.4
1790550211,2026/09/27 23:03:31.500,67.83,1976,78,0x0000000000000000,86.8
1790550221,2026/09/27 23:03:41.554,67.71,1976,78,0x0000000000000000,85.4
1790550231,2026/09/27 23:03:51.611,67.80,1976,78,0x0000000000000000,85.4
1790550241,2026/09/27 23:04:01.664,67.72,1976,78,0x0000000000000000,85.9
1790550251,2026/09/27 23:04:11.716,67.89,1976,78,0x0000000000000000,85.5
1790550261,2026/09/27 23:04:21.771,67.37,1976,78,0x0000000000000000,85.5
1790550271,2026/09/27 23:04:31.827,70.05,1976,79,0x0000000000000000,85.8
1790550281,2026/09/27 23:04:41.886,65.86,1976,78,0x0000000000000000,85.1
1790550291,2026/09/27 23:04:51.943,67.83,1976,78,0x0000000000000000,85.5
1790550302,2026/09/27 23:05:02.004,66.07,1976,78,0x0000000000000000,85.2
1790550312,2026/09/27 23:05:12.058,66.14,1976,78,0x0000000000000000,85.7
1790550322,2026/09/27 23:05:22.113,68.54,1976,78,0x0000000000000000,85.6
1790550332,2026/09/27 23:05:32.169,69.75,1976,79,0x0000000000000000,85.4
1790550342,2026/09/27 23:05:42.222,66.55,1976,77,0x0000000000000000,85.1
1790550352,2026/09/27 23:05:52.280,67.80,1976,78,0x0000000000000000,85.4
1790550362,2026/09/27 23:06:02.338,67.68,1976,78,0x0000000000000000,85.3
1790550372,2026/09/27 23:06:12.398,64.94,1976,78,0x0000000000000000,85.3
1790550382,2026/09/27 23:06:22.454,60.16,1976,78,0x0000000000000000,83.9
1790550392,2026/09/27 23:06:32.507,67.84,1976,77,0x0000000000000000,85.1
1790550402,2026/09/27 23:06:42.561,67.57,1976,78,0x0000000000000000,85.3
1790550412,2026/09/27 23:06:52.618,68.11,1976,78,0x0000000000000000,87.0
1790550422,2026/09/27 23:07:02.673,68.31,1976,77,0x0000000000000000,85.5
1790550432,2026/09/27 23:07:12.731,67.67,1976,78,0x0000000000000000,85.3
1790550442,2026/09/27 23:07:22.783,68.47,1976,78,0x0000000000000000,85.5
1790550452,2026/09/27 23:07:32.836,65.19,1976,78,0x0000000000000000,85.1
1790550462,2026/09/27 23:07:42.887,68.11,1976,78,0x0000000000000000,85.4
1790550472,2026/09/27 23:07:52.943,69.65,1976,79,0x0000000000000000,85.8
1790550483,2026/09/27 23:08:03.005,66.31,1976,78,0x0000000000000000,85.4
1790550493,2026/09/27 23:08:13.063,67.42,1976,78,0x0000000000000000,85.4
1790550503,2026/09/27 23:08:23.128,69.54,1976,79,0x0000000000000000,85.8
1790550513,2026/09/27 23:08:33.181,65.43,1976,78,0x0000000000000000,85.6
1790550523,2026/09/27 23:08:43.236,67.58,1976,78,0x0000000000000000,85.3
1790550533,2026/09/27 23:08:53.291,61.29,1976,78,0x0000000000000000,85.0
1790550543,2026/09/27 23:09:03.345,67.04,1976,78,0x0000000000000000,85.3
1790550553,2026/09/27 23:09:13.406,67.80,1976,78,0x0000000000000000,87.1
1790550563,2026/09/27 23:09:23.463,68.20,1976,78,0x0000000000000000,85.3
1790550573,2026/09/27 23:09:33.518,67.17,1976,78,0x0000000000000000,85.5
1790550583,2026/09/27 23:09:43.573,68.12,1976,78,0x0000000000000000,85.7
1790550593,2026/09/27 23:09:53.630,68.25,1976,77,0x0000000000000000,85.7
1790550603,2026/09/27 23:10:03.685,67.40,1976,78,0x0000000000000000,85.6
1790550613,2026/09/27 23:10:13.746,67.23,1976,78,0x0000000000000000,85.6
1790550623,2026/09/27 23:10:23.801,68.19,1976,77,0x0000000000000000,85.2
1790550633,2026/09/27 23:10:33.858,67.88,1976,78,0x0000000000000000,85.5
1790550643,2026/09/27 23:10:43.913,69.77,1976,79,0x0000000000000000,85.8
1790550653,2026/09/27 23:10:53.970,66.50,1976,77,0x0000000000000000,85.4
1790550664,2026/09/27 23:11:04.024,68.17,1976,78,0x0000000000000000,86.4
1790550674,2026/09/27 23:11:14.077,69.84,1976,79,0x0000000000000000,85.9
1790550684,2026/09/27 23:11:24.133,66.64,1976,78,0x0000000000000000,85.7
1790550694,2026/09/27 23:11:34.192,67.36,1976,78,0x0000000000000000,85.9
1790550704,2026/09/27 23:11:44.247,69.99,1976,79,0x0000000000000000,85.6
1790550714,2026/09/27 23:11:54.305,67.36,1976,78,0x0000000000000000,84.9
1790550724,2026/09/27 23:12:04.371,67.32,1976,78,0x0000000000000000,85.1
1790550734,2026/09/27 23:12:14.425,67.97,1976,77,0x0000000000000000,85.4
1790550744,2026/09/27 23:12:24.484,67.76,1976,78,0x0000000000000000,85.8
1790550754,2026/09/27 23:12:34.538,66.55,1976,78,0x0000000000000000,85.2
1790550764,2026/09/27 23:12:44.592,67.85,1976,78,0x0000000000000000,85.4
1790550774,2026/09/27 23:12:54.648,67.07,1976,78,0x0000000000000000,85.5
1790550784,2026/09/27 23:13:04.711,66.97,1976,78,0x0000000000000000,85.6
1790550794,2026/09/27 23:13:14.764,67.65,1976,78,0x0000000000000000,85.3
1790550804,2026/09/27 23:13:24.819,67.36,1976,78,0x0000000000000000,85.2
1790550814,2026/09/27 23:13:34.875,69.16,1976,79,0x0000000000000000,85.8
1790550824,2026/09/27 23:13:44.930,65.44,1976,78,0x0000000000000000,85.5
1790550835,2026/09/27 23:13:54.986,68.06,1976,78,0x0000000000000000,85.6
1790550845,2026/09/27 23:14:05.043,69.39,1976,78,0x0000000000000000,86.0
1790550855,2026/09/27 23:14:15.095,66.40,1976,79,0x0000000000000000,85.5
1790550865,2026/09/27 23:14:25.149,67.99,1976,78,0x0000000000000000,85.8
1790550875,2026/09/27 23:14:35.202,69.60,1976,79,0x0000000000000000,83.9
1790550885,2026/09/27 23:14:45.254,65.38,1976,78,0x0000000000000000,85.4
1790550895,2026/09/27 23:14:55.310,68.06,1976,78,0x0000000000000000,85.1
1790550905,2026/09/27 23:15:05.366,70.93,1976,79,0x0000000000000000,85.9
1790550915,2026/09/27 23:15:15.420,67.44,1976,78,0x0000000000000000,85.6
1790550925,2026/09/27 23:15:25.478,67.62,1976,78,0x0000000000000000,86.2
1790550935,2026/09/27 23:15:35.532,67.62,1976,78,0x0000000000000000,85.3
1790550945,2026/09/27 23:15:45.588,66.79,1976,78,0x0000000000000000,85.5
1790550955,2026/09/27 23:15:55.642,67.76,1976,77,0x0000000000000000,85.8
1790550965,2026/09/27 23:16:05.695,61.72,1976,79,0x0000000000000000,84.3
1790550975,2026/09/27 23:16:15.749,67.00,1976,78,0x0000000000000000,85.3
1790550985,2026/09/27 23:16:25.800,65.73,1976,77,0x0000000000000000,85.1
1790550995,2026/09/27 23:16:35.853,69.66,1976,78,0x0000000000000000,85.8
1790551005,2026/09/27 23:16:45.907,67.77,1976,78,0x0000000000000000,86.0
1790551015,2026/09/27 23:16:55.965,69.69,1976,79,0x0000000000000000,85.9
1790551026,2026/09/27 23:17:06.021,65.59,1976,78,0x0000000000000000,85.4
1790551036,2026/09/27 23:17:16.072,68.01,1976,78,0x0000000000000000,85.5
1790551046,2026/09/27 23:17:26.123,69.49,1976,79,0x0000000000000000,85.7
1790551056,2026/09/27 23:17:36.174,65.88,1976,78,0x0000000000000000,85.5
1790551066,2026/09/27 23:17:46.231,65.05,1976,77,0x0000000000000000,84.8
1790551076,2026/09/27 23:17:56.290,70.02,1976,79,0x0000000000000000,85.7
1790551086,2026/09/27 23:18:06.351,65.66,1976,78,0x0000000000000000,85.1
1790551096,2026/09/27 23:18:16.408,67.37,1976,78,0x0000000000000000,85.4
1790551106,2026/09/27 23:18:26.462,67.59,1976,77,0x0000000000000000,85.4
1790551116,2026/09/27 23:18:36.515,64.60,1976,78,0x0000000000000000,85.4
1790551126,2026/09/27 23:18:46.568,68.13,1976,78,0x0000000000000000,85.6
1790551136,2026/09/27 23:18:56.618,67.79,1976,77,0x0000000000000000,85.2
1790551146,2026/09/27 23:19:06.675,67.24,1976,78,0x0000000000000000,85.6
1790551156,2026/09/27 23:19:16.729,67.04,1976,78,0x0000000000000000,85.7
1790551166,2026/09/27 23:19:26.784,67.66,1976,77,0x0000000000000000,85.7
1790551176,2026/09/27 23:19:36.842,65.78,1976,78,0x0000000000000000,86.1
1790551186,2026/09/27 23:19:46.897,68.09,1976,78,0x0000000000000000,87.1
1790551196,2026/09/27 23:19:56.961,65.13,1976,78,0x0000000000000000,85.4
1790551207,2026/09/27 23:20:07.022,67.76,1976,78,0x0000000000000000,85.6
1790551217,2026/09/27 23:20:17.076,69.29,1976,79,0x0000000000000000,85.9
1790551227,2026/09/27 23:20:27.135,65.61,1976,78,0x0000000000000000,85.4
1790551237,2026/09/27 23:20:37.193,66.85,1976,78,0x0000000000000000,85.4
1790551247,2026/09/27 23:20:47.246,65.83,1976,78,0x0000000000000000,85.8
1790551257,2026/09/27 23:20:57.321,66.91,1976,79,0x0000000000000000,86.9
1790551267,2026/09/27 23:21:07.382,66.49,1976,78,0x0000000000000000,85.9
1790551277,2026/09/27 23:21:17.457,67.33,1976,78,0x0000000000000000,85.7
1790551287,2026/09/27 23:21:27.517,62.25,1976,78,0x0000000000000000,84.7
1790551297,2026/09/27 23:21:37.571,67.43,1976,79,0x0000000000000000,85.6
1790551307,2026/09/27 23:21:47.632,70.88,1976,78,0x0000000000000000,86.3
1790551317,2026/09/27 23:21:57.691,58.38,1976,78,0x0000000000000000,84.2
1790551327,2026/09/27 23:22:07.751,68.13,1976,78,0x0000000000000000,85.0
1790551337,2026/09/27 23:22:17.808,67.81,1976,77,0x0000000000000000,84.9
1790551347,2026/09/27 23:22:27.872,67.14,1976,78,0x0000000000000000,85.7
1790551357,2026/09/27 23:22:37.925,60.21,1976,78,0x0000000000000000,85.3
1790551367,2026/09/27 23:22:47.976,60.81,1976,78,0x0000000000000000,84.1
1790551378,2026/09/27 23:22:58.029,60.85,1976,78,0x0000000000000000,84.3
1790551388,2026/09/27 23:23:08.081,70.24,1976,79,0x0000000000000000,86.1
1790551398,2026/09/27 23:23:18.130,65.75,1976,78,0x0000000000000000,85.4
1790551408,2026/09/27 23:23:28.183,67.46,1976,78,0x0000000000000000,85.5
1790551418,2026/09/27 23:23:38.240,69.97,1976,79,0x0000000000000000,85.8
1790551428,2026/09/27 23:23:48.290,65.79,1976,78,0x0000000000000000,85.5
1790551438,2026/09/27 23:23:58.344,67.71,1976,78,0x0000000000000000,85.7
1790551448,2026/09/27 23:24:08.395,68.95,1976,79,0x0000000000000000,85.4
1790551458,2026/09/27 23:24:18.454,68.22,1976,77,0x0000000000000000,85.1
1790551468,2026/09/27 23:24:28.510,69.08,1976,79,0x0000000000000000,85.9
1790551478,2026/09/27 23:24:38.564,67.36,1976,78,0x0000000000000000,85.4
1790551488,2026/09/27 23:24:48.620,67.32,1976,78,0x0000000000000000,85.3
1790551498,2026/09/27 23:24:58.674,69.22,1976,79,0x0000000000000000,85.7
1790551508,2026/09/27 23:25:08.726,64.59,1976,77,0x0000000000000000,84.9
1790551518,2026/09/27 23:25:18.780,67.51,1976,78,0x0000000000000000,85.5
1790551528,2026/09/27 23:25:28.836,69.65,1976,79,0x0000000000000000,85.5
1790551538,2026/09/27 23:25:38.891,67.21,1976,78,0x0000000000000000,85.5
1790551548,2026/09/27 23:25:48.947,67.43,1976,78,0x0000000000000000,86.0
1790551559,2026/09/27 23:25:59.003,67.60,1976,78,0x0000000000000000,85.3
1790551569,2026/09/27 23:26:09.058,67.68,1976,78,0x0000000000000000,85.5
1790551579,2026/09/27 23:26:19.111,67.67,1976,78,0x0000000000000000,85.2
1790551589,2026/09/27 23:26:29.161,67.87,1976,78,0x0000000000000000,85.2
1790551599,2026/09/27 23:26:39.215,67.53,1976,78,0x0000000000000000,85.6
1790551609,2026/09/27 23:26:49.267,67.78,1976,78,0x0000000000000000,84.7
1790551619,2026/09/27 23:26:59.321,67.51,1976,78,0x0000000000000000,85.2
1790551629,2026/09/27 23:27:09.377,59.96,1976,76,0x0000000000000000,83.9
1790551639,2026/09/27 23:27:19.432,67.80,1976,78,0x0000000000000000,85.5
1790551649,2026/09/27 23:27:29.486,65.65,1976,78,0x0000000000000000,84.9
1790551659,2026/09/27 23:27:39.540,67.76,1976,78,0x0000000000000000,84.8
1790551669,2026/09/27 23:27:49.602,68.56,1976,79,0x0000000000000000,85.0
1790551679,2026/09/27 23:27:59.658,66.61,1976,77,0x0000000000000000,85.0
1790551689,2026/09/27 23:28:09.714,68.18,1976,78,0x0000000000000000,85.2
1790551699,2026/09/27 23:28:19.773,68.44,1976,79,0x0000000000000000,85.0
1790551709,2026/09/27 23:28:29.826,66.20,1976,77,0x0000000000000000,84.7
1790551719,2026/09/27 23:28:39.882,68.70,1976,78,0x0000000000000000,86.6
1790551729,2026/09/27 23:28:49.937,69.69,1976,79,0x0000000000000000,85.3
1790551739,2026/09/27 23:28:59.986,66.70,1976,77,0x0000000000000000,84.9
1790551750,2026/09/27 23:29:10.040,68.64,1976,78,0x0000000000000000,85.5
1790551760,2026/09/27 23:29:20.091,67.28,1976,77,0x0000000000000000,85.3
1790551770,2026/09/27 23:29:30.152,67.37,1976,78,0x0000000000000000,85.1
1790551780,2026/09/27 23:29:40.208,66.43,1976,78,0x0000000000000000,85.0
1790551790,2026/09/27 23:29:50.262,67.69,1976,76,0x0000000000000000,85.1
1790551800,2026/09/27 23:30:00.319,64.32,1976,78,0x0000000000000000,85.1
1790551810,2026/09/27 23:30:10.376,68.02,1976,78,0x0000000000000000,85.6
1790551820,2026/09/27 23:30:20.431,67.84,1976,77,0x0000000000000000,85.3
1790551830,2026/09/27 23:30:30.488,67.29,1976,78,0x0000000000000000,85.4
1790551840,2026/09/27 23:30:40.559,66.09,1976,78,0x0000000000000000,84.8
1790551850,2026/09/27 23:30:50.618,65.66,1976,78,0x0000000000000000,85.2
1790551860,2026/09/27 23:31:00.674,67.55,1976,78,0x0000000000000000,85.2
1790551870,2026/09/27 23:31:10.727,69.19,1976,79,0x0000000000000000,85.6
1790551880,2026/09/27 23:31:20.782,65.67,1976,78,0x0000000000000000,85.0
1790551890,2026/09/27 23:31:30.836,67.06,1976,77,0x0000000000000000,84.9
1790551900,2026/09/27 23:31:40.890,69.28,1976,79,0x0000000000000000,85.4
1790551910,2026/09/27 23:31:50.947,65.35,1976,78,0x0000000000000000,85.1
1790551921,2026/09/27 23:32:01.003,66.85,1976,78,0x0000000000000000,84.8
1790551931,2026/09/27 23:32:11.062,68.05,1976,77,0x0000000000000000,85.3
1790551941,2026/09/27 23:32:21.120,67.32,1976,78,0x0000000000000000,85.3
1790551951,2026/09/27 23:32:31.174,67.53,1976,78,0x0000000000000000,85.5
1790551961,2026/09/27 23:32:41.227,67.35,1976,77,0x0000000000000000,85.1
1790551971,2026/09/27 23:32:51.283,67.68,1976,78,0x0000000000000000,85.1
1790551981,2026/09/27 23:33:01.338,68.29,1976,78,0x0000000000000000,85.6
1790551991,2026/09/27 23:33:11.394,68.10,1976,77,0x0000000000000000,85.4
1790552001,2026/09/27 23:33:21.451,67.67,1976,78,0x0000000000000000,85.1
1790552011,2026/09/27 23:33:31.511,67.93,1976,78,0x0000000000000000,86.4
1790552021,2026/09/27 23:33:41.569,65.72,1976,78,0x0000000000000000,85.3
1790552031,2026/09/27 23:33:51.626,67.86,1976,78,0x0000000000000000,85.5
1790552041,2026/09/27 23:34:01.677,69.12,1976,79,0x0000000000000000,85.7
1790552051,2026/09/27 23:34:11.732,65.54,1976,78,0x0000000000000000,85.2
1790552061,2026/09/27 23:34:21.787,67.58,1976,78,0x0000000000000000,85.2
1790552071,2026/09/27 23:34:31.845,69.36,1976,79,0x0000000000000000,85.9
1790552081,2026/09/27 23:34:41.904,65.67,1976,78,0x0000000000000000,85.4
1790552091,2026/09/27 23:34:51.960,67.62,1976,78,0x0000000000000000,86.7
1790552102,2026/09/27 23:35:02.016,69.44,1976,79,0x0000000000000000,85.6
1790552112,2026/09/27 23:35:12.077,67.04,1976,78,0x0000000000000000,85.5
1790552122,2026/09/27 23:35:22.135,67.47,1976,78,0x0000000000000000,85.2
1790552132,2026/09/27 23:35:32.192,67.73,1976,78,0x0000000000000000,85.5
1790552142,2026/09/27 23:35:42.247,67.75,1976,78,0x0000000000000000,85.4
1790552152,2026/09/27 23:35:52.305,66.88,1976,77,0x0000000000000000,85.2
1790552162,2026/09/27 23:36:02.359,68.06,1976,78,0x0000000000000000,85.3
1790552172,2026/09/27 23:36:12.414,64.51,1976,78,0x0000000000000000,84.8
1790552182,2026/09/27 23:36:22.471,68.57,1976,78,0x0000000000000000,86.7
1790552192,2026/09/27 23:36:32.529,67.75,1976,77,0x0000000000000000,85.2
1790552202,2026/09/27 23:36:42.592,67.61,1976,78,0x0000000000000000,85.2
1790552212,2026/09/27 23:36:52.647,69.82,1976,79,0x0000000000000000,85.8
1790552222,2026/09/27 23:37:02.703,66.10,1976,78,0x0000000000000000,85.1
1790552232,2026/09/27 23:37:12.759,68.08,1976,78,0x0000000000000000,86.1
1790552242,2026/09/27 23:37:22.815,69.73,1976,79,0x0000000000000000,85.6
1790552252,2026/09/27 23:37:32.869,65.15,1976,78,0x0000000000000000,85.3
1790552262,2026/09/27 23:37:42.929,68.03,1976,78,0x0000000000000000,85.4
1790552272,2026/09/27 23:37:52.982,69.67,1976,79,0x0000000000000000,85.8
1790552283,2026/09/27 23:38:03.036,65.64,1976,78,0x0000000000000000,85.3
1790552293,2026/09/27 23:38:13.090,68.09,1976,78,0x0000000000000000,86.9
1790552303,2026/09/27 23:38:23.147,69.02,1976,78,0x0000000000000000,85.6
1790552313,2026/09/27 23:38:33.213,67.62,1976,78,0x0000000000000000,85.7
1790552323,2026/09/27 23:38:43.268,68.02,1976,79,0x0000000000000000,85.7
1790552333,2026/09/27 23:38:53.321,69.46,1976,78,0x0000000000000000,85.5
1790552343,2026/09/27 23:39:03.377,67.58,1976,78,0x0000000000000000,85.0
1790552353,2026/09/27 23:39:13.434,68.00,1976,79,0x0000000000000000,85.6
1790552363,2026/09/27 23:39:23.491,71.26,1976,78,0x0000000000000000,86.0
1790552373,2026/09/27 23:39:33.548,67.95,1976,78,0x0000000000000000,85.3
1790552383,2026/09/27 23:39:43.602,69.19,1976,78,0x0000000000000000,86.0
1790552393,2026/09/27 23:39:53.657,67.50,1976,79,0x0000000000000000,85.7
1790552403,2026/09/27 23:40:03.711,68.42,1976,78,0x0000000000000000,86.5
1790552413,2026/09/27 23:40:13.764,68.73,1976,79,0x0000000000000000,85.8
1790552423,2026/09/27 23:40:23.814,67.33,1976,78,0x0000000000000000,85.4
1790552433,2026/09/27 23:40:33.870,67.69,1976,78,0x0000000000000000,85.4
1790552443,2026/09/27 23:40:43.923,69.08,1976,79,0x0000000000000000,85.6
1790552453,2026/09/27 23:40:53.981,67.06,1976,78,0x0000000000000000,85.4
1790552464,2026/09/27 23:41:04.036,68.08,1976,78,0x0000000000000000,86.0
1790552474,2026/09/27 23:41:14.092,69.77,1976,79,0x0000000000000000,85.8
1790552484,2026/09/27 23:41:24.151,66.49,1976,78,0x0000000000000000,85.5
1790552494,2026/09/27 23:41:34.206,68.21,1976,78,0x0000000000000000,85.7
1790552504,2026/09/27 23:41:44.262,68.07,1976,77,0x0000000000000000,85.3
1790552514,2026/09/27 23:41:54.319,68.16,1976,78,0x0000000000000000,85.6
1790552524,2026/09/27 23:42:04.375,67.01,1976,78,0x0000000000000000,85.4
1790552534,2026/09/27 23:42:14.432,70.47,1976,78,0x0000000000000000,85.6
1790552544,2026/09/27 23:42:24.489,67.83,1976,78,0x0000000000000000,85.6
1790552554,2026/09/27 23:42:34.544,68.21,1976,78,0x0000000000000000,85.8
1790552564,2026/09/27 23:42:44.599,68.47,1976,78,0x0000000000000000,85.0
1790552574,2026/09/27 23:42:54.662,68.35,1976,78,0x0000000000000000,85.8
1790552584,2026/09/27 23:43:04.716,68.19,1976,79,0x0000000000000000,85.7
1790552594,2026/09/27 23:43:14.768,65.02,1976,78,0x0000000000000000,85.0
1790552604,2026/09/27 23:43:24.824,67.63,1976,78,0x0000000000000000,85.3
1790552614,2026/09/27 23:43:34.884,70.40,1976,79,0x0000000000000000,85.3
1790552624,2026/09/27 23:43:44.941,66.14,1976,78,0x0000000000000000,85.2
1790552635,2026/09/27 23:43:54.996,68.53,1976,78,0x0000000000000000,86.7
1790552645,2026/09/27 23:44:05.052,67.31,1976,78,0x0000000000000000,85.4
1790552655,2026/09/27 23:44:15.105,64.41,1976,78,0x0000000000000000,85.1
1790552665,2026/09/27 23:44:25.163,68.18,1976,78,0x0000000000000000,85.4
1790552675,2026/09/27 23:44:35.216,71.15,1976,78,0x0000000000000000,85.9
1790552685,2026/09/27 23:44:45.273,68.18,1976,78,0x0000000000000000,85.6
1790552695,2026/09/27 23:44:55.335,67.18,1976,78,0x0000000000000000,85.4
1790552705,2026/09/27 23:45:05.392,67.90,1976,77,0x0000000000000000,85.2
1790552715,2026/09/27 23:45:15.445,66.98,1976,78,0x0000000000000000,85.5
1790552725,2026/09/27 23:45:25.501,66.08,1976,78,0x0000000000000000,85.3
1790552735,2026/09/27 23:45:35.557,68.20,1976,77,0x0000000000000000,85.4
1790552745,2026/09/27 23:45:45.612,67.30,1976,78,0x0000000000000000,85.6
1790552755,2026/09/27 23:45:55.667,67.40,1976,78,0x0000000000000000,85.5
1790552765,2026/09/27 23:46:05.723,65.88,1976,78,0x0000000000000000,85.3
1790552775,2026/09/27 23:46:15.780,67.49,1976,78,0x0000000000000000,85.5
1790552785,2026/09/27 23:46:25.833,68.70,1976,79,0x0000000000000000,85.4
1790552795,2026/09/27 23:46:35.895,65.73,1976,78,0x0000000000000000,85.3
1790552805,2026/09/27 23:46:45.951,68.18,1976,78,0x0000000000000000,85.6
1790552816,2026/09/27 23:46:56.008,69.68,1976,78,0x0000000000000000,86.1
1790552826,2026/09/27 23:47:06.061,65.35,1976,78,0x0000000000000000,85.1
1790552836,2026/09/27 23:47:16.112,67.38,1976,77,0x0000000000000000,85.5
1790552846,2026/09/27 23:47:26.168,70.34,1976,78,0x0000000000000000,85.8
1790552856,2026/09/27 23:47:36.228,67.29,1976,78,0x0000000000000000,85.3
1790552866,2026/09/27 23:47:46.285,68.50,1976,78,0x0000000000000000,85.8
1790552876,2026/09/27 23:47:56.337,67.88,1976,77,0x0000000000000000,85.4
1790552886,2026/09/27 23:48:06.392,67.11,1976,78,0x0000000000000000,85.4
1790552896,2026/09/27 23:48:16.448,67.68,1976,78,0x0000000000000000,86.5
1790552906,2026/09/27 23:48:26.503,67.85,1976,77,0x0000000000000000,85.5
1790552916,2026/09/27 23:48:36.561,67.91,1976,78,0x0000000000000000,85.6
1790552926,2026/09/27 23:48:46.617,68.40,1976,78,0x0000000000000000,85.9
1790552936,2026/09/27 23:48:56.679,65.72,1976,78,0x0000000000000000,85.3
1790552946,2026/09/27 23:49:06.739,66.50,1976,78,0x0000000000000000,84.9
1790552956,2026/09/27 23:49:16.800,70.15,1976,78,0x0000000000000000,85.8
1790552966,2026/09/27 23:49:26.859,58.87,1976,78,0x0000000000000000,84.2
1790552976,2026/09/27 23:49:36.913,68.30,1976,78,0x0000000000000000,85.4
1790552986,2026/09/27 23:49:46.967,70.40,1976,79,0x0000000000000000,85.7
1790552997,2026/09/27 23:49:57.023,65.71,1976,78,0x0000000000000000,85.2
1790553007,2026/09/27 23:50:07.078,68.58,1976,78,0x0000000000000000,85.6
1790553017,2026/09/27 23:50:17.133,70.16,1976,79,0x0000000000000000,85.4
1790553027,2026/09/27 23:50:27.198,67.47,1976,78,0x0000000000000000,85.4
1790553037,2026/09/27 23:50:37.250,65.56,1976,79,0x0000000000000000,85.1
1790553047,2026/09/27 23:50:47.308,68.50,1976,78,0x0000000000000000,85.5
1790553057,2026/09/27 23:50:57.362,67.93,1976,78,0x0000000000000000,86.7
1790553067,2026/09/27 23:51:07.419,68.40,1976,79,0x0000000000000000,85.5
1790553077,2026/09/27 23:51:17.476,67.34,1976,78,0x0000000000000000,85.5
1790553087,2026/09/27 23:51:27.528,68.14,1976,78,0x0000000000000000,85.5
1790553097,2026/09/27 23:51:37.583,68.67,1976,79,0x0000000000000000,85.6
1790553107,2026/09/27 23:51:47.631,67.33,1976,78,0x0000000000000000,85.5
1790553117,2026/09/27 23:51:57.684,67.58,1976,78,0x0000000000000000,85.0
1790553127,2026/09/27 23:52:07.736,67.21,1976,77,0x0000000000000000,85.3
1790553137,2026/09/27 23:52:17.794,69.14,1976,78,0x0000000000000000,85.5
1790553147,2026/09/27 23:52:27.852,68.03,1976,78,0x0000000000000000,86.8
1790553157,2026/09/27 23:52:37.904,67.14,1976,78,0x0000000000000000,85.4
1790553167,2026/09/27 23:52:47.958,66.07,1976,78,0x0000000000000000,85.2
1790553178,2026/09/27 23:52:58.016,67.30,1976,78,0x0000000000000000,85.5
1790553188,2026/09/27 23:53:08.074,66.67,1976,78,0x0000000000000000,85.5
1790553198,2026/09/27 23:53:18.130,69.00,1976,78,0x0000000000000000,86.2
1790553208,2026/09/27 23:53:28.185,68.31,1976,78,0x0000000000000000,85.7
1790553218,2026/09/27 23:53:38.241,67.86,1976,78,0x0000000000000000,85.6
1790553228,2026/09/27 23:53:48.295,68.23,1976,78,0x0000000000000000,85.4
1790553238,2026/09/27 23:53:58.354,68.83,1976,79,0x0000000000000000,85.6
1790553248,2026/09/27 23:54:08.411,67.57,1976,78,0x0000000000000000,85.4
1790553258,2026/09/27 23:54:18.468,68.24,1976,78,0x0000000000000000,85.5
1790553268,2026/09/27 23:54:28.521,67.29,1976,78,0x0000000000000000,85.2
1790553278,2026/09/27 23:54:38.577,68.36,1976,77,0x0000000000000000,85.5
1790553288,2026/09/27 23:54:48.631,68.97,1976,78,0x0000000000000000,85.7
1790553298,2026/09/27 23:54:58.687,67.87,1976,78,0x0000000000000000,86.7
1790553308,2026/09/27 23:55:08.744,67.27,1976,78,0x0000000000000000,85.5
1790553318,2026/09/27 23:55:18.800,59.10,1976,77,0x0000000000000000,83.5
1790553328,2026/09/27 23:55:28.862,68.85,1976,79,0x0000000000000000,85.7
1790553338,2026/09/27 23:55:38.919,67.31,1976,78,0x0000000000000000,85.3
1790553348,2026/09/27 23:55:48.975,67.56,1976,78,0x0000000000000000,85.3
1790553359,2026/09/27 23:55:59.035,69.10,1976,79,0x0000000000000000,85.8
1790553369,2026/09/27 23:56:09.084,67.43,1976,78,0x0000000000000000,85.4
1790553379,2026/09/27 23:56:19.139,67.53,1976,77,0x0000000000000000,85.6
1790553389,2026/09/27 23:56:29.194,65.44,1976,77,0x0000000000000000,84.4
1790553399,2026/09/27 23:56:39.256,68.41,1976,77,0x0000000000000000,85.2
1790553409,2026/09/27 23:56:49.314,68.23,1976,78,0x0000000000000000,85.4
1790553419,2026/09/27 23:56:59.370,67.13,1976,78,0x0000000000000000,85.1
1790553429,2026/09/27 23:57:09.426,68.34,1976,78,0x0000000000000000,85.4
1790553439,2026/09/27 23:57:19.478,66.63,1976,78,0x0000000000000000,85.2
1790553449,2026/09/27 23:57:29.535,69.67,1976,79,0x0000000000000000,85.5
1790553459,2026/09/27 23:57:39.595,67.89,1976,78,0x0000000000000000,85.4
1790553469,2026/09/27 23:57:49.653,66.23,1976,78,0x0000000000000000,84.9
1790553479,2026/09/27 23:57:59.708,67.39,1976,77,0x0000000000000000,85.2
1790553489,2026/09/27 23:58:09.759,67.94,1976,78,0x0000000000000000,85.3
1790553499,2026/09/27 23:58:19.813,61.06,1976,78,0x0000000000000000,84.6
1790553509,2026/09/27 23:58:29.866,66.83,1976,78,0x0000000000000000,85.2
1790553519,2026/09/27 23:58:39.922,68.71,1976,77,0x0000000000000000,85.0
1790553529,2026/09/27 23:58:49.976,65.06,1976,76,0x0000000000000000,84.3
1790553540,2026/09/27 23:59:00.037,66.89,1976,78,0x0000000000000000,85.4
1790553550,2026/09/27 23:59:10.091,67.95,1976,78,0x0000000000000000,86.3
1790553560,2026/09/27 23:59:20.147,68.84,1976,79,0x0000000000000000,85.4
1790553570,2026/09/27 23:59:30.203,66.65,1976,77,0x0000000000000000,85.0
1790553580,2026/09/27 23:59:40.260,68.12,1976,78,0x0000000000000000,84.9
1790553590,2026/09/27 23:59:50.314,67.38,1976,78,0x0000000000000000,85.2
1790553600,2026/09/28 00:00:00.366,68.60,1976,78,0x0000000000000000,85.5
1790553610,2026/09/28 00:00:10.420,68.64,1976,78,0x0000000000000000,85.6
1790553620,2026/09/28 00:00:20.473,68.37,1976,78,0x0000000000000000,84.7
1790553630,2026/09/28 00:00:30.533,65.26,1976,78,0x0000000000000000,85.3
1790553640,2026/09/28 00:00:40.584,68.49,1976,78,0x0000000000000000,85.5
1790553650,2026/09/28 00:00:50.628,67.30,1976,77,0x0000000000000000,84.7
1790553660,2026/09/28 00:01:00.682,65.27,1976,78,0x0000000000000000,85.1
1790553670,2026/09/28 00:01:10.737,66.40,1976,77,0x0000000000000000,84.9
1790553680,2026/09/28 00:01:20.794,70.64,1976,77,0x0000000000000000,85.5
1790553690,2026/09/28 00:01:30.847,67.28,1976,77,0x0000000000000000,85.2
1790553700,2026/09/28 00:01:40.897,68.68,1976,78,0x0000000000000000,85.5
1790553710,2026/09/28 00:01:50.951,66.40,1976,77,0x0000000000000000,85.1
1790553721,2026/09/28 00:02:01.002,67.12,1976,77,0x0000000000000000,85.3
1790553731,2026/09/28 00:02:11.059,68.73,1976,78,0x0000000000000000,85.7
1790553741,2026/09/28 00:02:21.115,67.01,1976,77,0x0000000000000000,85.2
1790553751,2026/09/28 00:02:31.170,67.13,1976,78,0x0000000000000000,85.4
1790553761,2026/09/28 00:02:41.226,60.52,1976,75,0x0000000000000000,84.3
1790553771,2026/09/28 00:02:51.278,66.25,1976,77,0x0000000000000000,84.9
1790553781,2026/09/28 00:03:01.331,67.33,1976,78,0x0000000000000000,85.5
1790553791,2026/09/28 00:03:11.386,67.84,1976,77,0x0000000000000000,85.4
1790553801,2026/09/28 00:03:21.441,68.28,1976,78,0x0000000000000000,85.1
1790553811,2026/09/28 00:03:31.497,66.74,1976,77,0x0000000000000000,85.1
1790553821,2026/09/28 00:03:41.549,70.86,1976,79,0x0000000000000000,85.9
1790553831,2026/09/28 00:03:51.601,68.10,1976,78,0x0000000000000000,85.4
1790553841,2026/09/28 00:04:01.660,68.27,1976,78,0x0000000000000000,87.0
1790553851,2026/09/28 00:04:11.717,67.01,1976,78,0x0000000000000000,85.3
1790553861,2026/09/28 00:04:21.773,67.90,1976,78,0x0000000000000000,85.3
1790553871,2026/09/28 00:04:31.829,69.00,1976,79,0x0000000000000000,87.2
1790553881,2026/09/28 00:04:41.887,66.39,1976,78,0x0000000000000000,85.5
1790553891,2026/09/28 00:04:51.942,67.86,1976,78,0x0000000000000000,85.4
1790553902,2026/09/28 00:05:01.994,66.34,1976,78,0x0000000000000000,84.9
1790553912,2026/09/28 00:05:12.050,66.79,1976,78,0x0000000000000000,85.4
1790553922,2026/09/28 00:05:22.101,67.65,1976,78,0x0000000000000000,85.2
1790553932,2026/09/28 00:05:32.155,68.70,1976,78,0x0000000000000000,85.5
1790553942,2026/09/28 00:05:42.207,66.33,1976,78,0x0000000000000000,85.2
1790553952,2026/09/28 00:05:52.259,68.32,1976,78,0x0000000000000000,85.5
1790553962,2026/09/28 00:06:02.311,69.37,1976,78,0x0000000000000000,86.7
1790553972,2026/09/28 00:06:12.369,68.78,1976,78,0x0000000000000000,85.6
1790553982,2026/09/28 00:06:22.434,67.69,1976,77,0x0000000000000000,85.2
1790553992,2026/09/28 00:06:32.489,67.50,1976,77,0x0000000000000000,85.2
1790554002,2026/09/28 00:06:42.544,67.74,1976,78,0x0000000000000000,85.5
1790554012,2026/09/28 00:06:52.601,68.38,1976,78,0x0000000000000000,85.8
1790554022,2026/09/28 00:07:02.655,67.91,1976,78,0x0000000000000000,85.1
1790554032,2026/09/28 00:07:12.708,67.89,1976,78,0x0000000000000000,85.8
1790554042,2026/09/28 00:07:22.766,67.48,1976,78,0x0000000000000000,85.3
1790554052,2026/09/28 00:07:32.823,67.42,1976,77,0x0000000000000000,85.5
1790554062,2026/09/28 00:07:42.879,68.06,1976,78,0x0000000000000000,85.4
1790554072,2026/09/28 00:07:52.933,68.86,1976,79,0x0000000000000000,85.5
1790554082,2026/09/28 00:08:02.983,66.63,1976,78,0x0000000000000000,85.4
1790554093,2026/09/28 00:08:13.044,67.97,1976,78,0x0000000000000000,85.2
1790554103,2026/09/28 00:08:23.102,68.97,1976,79,0x0000000000000000,85.6
1790554113,2026/09/28 00:08:33.152,66.07,1976,78,0x0000000000000000,85.3
1790554123,2026/09/28 00:08:43.209,68.24,1976,78,0x0000000000000000,86.2
1790554133,2026/09/28 00:08:53.265,69.42,1976,79,0x0000000000000000,85.2
1790554143,2026/09/28 00:09:03.323,66.51,1976,78,0x0000000000000000,85.5
1790554153,2026/09/28 00:09:13.378,67.80,1976,78,0x0000000000000000,85.5
1790554163,2026/09/28 00:09:23.434,67.50,1976,77,0x0000000000000000,85.5
1790554173,2026/09/28 00:09:33.490,66.01,1976,78,0x0000000000000000,85.3
1790554183,2026/09/28 00:09:43.544,67.73,1976,78,0x0000000000000000,85.5
1790554193,2026/09/28 00:09:53.596,67.71,1976,78,0x0000000000000000,85.4
1790554203,2026/09/28 00:10:03.650,66.52,1976,78,0x0000000000000000,85.3
1790554213,2026/09/28 00:10:13.708,67.17,1976,78,0x0000000000000000,85.6
1790554223,2026/09/28 00:10:23.762,67.13,1976,77,0x0000000000000000,85.3
1790554233,2026/09/28 00:10:33.816,67.26,1976,78,0x0000000000000000,85.3
1790554243,2026/09/28 00:10:43.872,67.22,1976,78,0x0000000000000000,85.6
1790554253,2026/09/28 00:10:53.923,66.64,1976,78,0x0000000000000000,85.2
1790554263,2026/09/28 00:11:03.979,67.09,1976,78,0x0000000000000000,85.1
1790554274,2026/09/28 00:11:14.035,69.37,1976,79,0x0000000000000000,86.6
1790554284,2026/09/28 00:11:24.099,65.87,1976,78,0x0000000000000000,85.1
1790554294,2026/09/28 00:11:34.155,68.01,1976,78,0x0000000000000000,86.4
1790554304,2026/09/28 00:11:44.209,69.46,1976,79,0x0000000000000000,85.3
1790554314,2026/09/28 00:11:54.261,66.27,1976,78,0x0000000000000000,85.4
1790554324,2026/09/28 00:12:04.314,68.20,1976,78,0x0000000000000000,85.7
1790554334,2026/09/28 00:12:14.368,69.47,1976,79,0x0000000000000000,85.6
1790554344,2026/09/28 00:12:24.425,64.89,1976,78,0x0000000000000000,85.2
1790554354,2026/09/28 00:12:34.478,66.94,1976,77,0x0000000000000000,84.7
1790554364,2026/09/28 00:12:44.533,64.40,1976,78,0x0000000000000000,85.1
1790554374,2026/09/28 00:12:54.597,64.98,1976,78,0x0000000000000000,85.5
1790554384,2026/09/28 00:13:04.657,68.39,1976,78,0x0000000000000000,85.7
1790554394,2026/09/28 00:13:14.712,67.85,1976,77,0x0000000000000000,85.2
1790554404,2026/09/28 00:13:24.768,64.29,1976,78,0x0000000000000000,85.2
1790554414,2026/09/28 00:13:34.822,67.47,1976,78,0x0000000000000000,85.6
1790554424,2026/09/28 00:13:44.878,67.68,1976,78,0x0000000000000000,85.1
1790554434,2026/09/28 00:13:54.932,65.65,1976,77,0x0000000000000000,84.7
1790554445,2026/09/28 00:14:04.994,69.18,1976,78,0x0000000000000000,85.6
1790554455,2026/09/28 00:14:15.049,66.10,1976,77,0x0000000000000000,85.1
1790554465,2026/09/28 00:14:25.109,67.41,1976,78,0x0000000000000000,85.3
1790554475,2026/09/28 00:14:35.168,68.39,1976,78,0x0000000000000000,85.7
1790554485,2026/09/28 00:14:45.228,65.80,1976,78,0x0000000000000000,84.8
1790554495,2026/09/28 00:14:55.288,65.69,1976,77,0x0000000000000000,84.9
1790554505,2026/09/28 00:15:05.345,69.69,1976,78,0x0000000000000000,85.6
1790554515,2026/09/28 00:15:15.400,66.03,1976,77,0x0000000000000000,85.1
1790554525,2026/09/28 00:15:25.456,66.60,1976,78,0x0000000000000000,84.9
1790554535,2026/09/28 00:15:35.513,68.08,1976,78,0x0000000000000000,85.2
1790554545,2026/09/28 00:15:45.570,67.12,1976,78,0x0000000000000000,85.6
1790554555,2026/09/28 00:15:55.626,68.42,1976,78,0x0000000000000000,85.6
1790554565,2026/09/28 00:16:05.683,68.58,1976,78,0x0000000000000000,85.3
1790554575,2026/09/28 00:16:15.742,67.84,1976,78,0x0000000000000000,85.3
1790554585,2026/09/28 00:16:25.799,67.90,1976,78,0x0000000000000000,86.8
1790554595,2026/09/28 00:16:35.855,67.28,1976,77,0x0000000000000000,85.6
1790554605,2026/09/28 00:16:45.914,67.49,1976,78,0x0000000000000000,85.5
1790554615,2026/09/28 00:16:55.970,69.46,1976,79,0x0000000000000000,85.8
1790554626,2026/09/28 00:17:06.027,65.49,1976,78,0x0000000000000000,85.3
1790554636,2026/09/28 00:17:16.081,67.04,1976,78,0x0000000000000000,85.2
1790554646,2026/09/28 00:17:26.134,69.22,1976,79,0x0000000000000000,85.1
1790554656,2026/09/28 00:17:36.188,66.11,1976,78,0x0000000000000000,85.1
1790554666,2026/09/28 00:17:46.244,67.58,1976,78,0x0000000000000000,85.5
1790554676,2026/09/28 00:17:56.300,69.69,1976,79,0x0000000000000000,85.5
1790554686,2026/09/28 00:18:06.357,66.55,1976,78,0x0000000000000000,85.6
1790554696,2026/09/28 00:18:16.421,68.21,1976,78,0x0000000000000000,85.2
1790554706,2026/09/28 00:18:26.478,67.79,1976,78,0x0000000000000000,85.6
1790554716,2026/09/28 00:18:36.537,67.86,1976,78,0x0000000000000000,85.4
1790554726,2026/09/28 00:18:46.591,68.41,1976,78,0x0000000000000000,85.5
1790554736,2026/09/28 00:18:56.646,67.51,1976,77,0x0000000000000000,85.2
1790554746,2026/09/28 00:19:06.698,67.79,1976,77,0x0000000000000000,85.3
1790554756,2026/09/28 00:19:16.754,68.48,1976,78,0x0000000000000000,85.6
1790554766,2026/09/28 00:19:26.809,67.57,1976,77,0x0000000000000000,85.2
1790554776,2026/09/28 00:19:36.867,68.15,1976,78,0x0000000000000000,86.5
1790554786,2026/09/28 00:19:46.923,59.78,1976,73,0x0000000000000000,84.7
1790554796,2026/09/28 00:19:56.982,65.94,1976,78,0x0000000000000000,84.9
1790554807,2026/09/28 00:20:07.038,67.23,1976,78,0x0000000000000000,85.3
1790554817,2026/09/28 00:20:17.092,69.49,1976,79,0x0000000000000000,87.4
1790554827,2026/09/28 00:20:27.149,68.81,1976,78,0x0000000000000000,85.5
1790554837,2026/09/28 00:20:37.200,67.78,1976,78,0x0000000000000000,85.4
1790554847,2026/09/28 00:20:47.257,68.85,1976,79,0x0000000000000000,85.8
1790554857,2026/09/28 00:20:57.314,69.04,1976,79,0x0000000000000000,86.2
1790554867,2026/09/28 00:21:07.372,68.00,1976,78,0x0000000000000000,85.5
1790554877,2026/09/28 00:21:17.428,65.70,1976,79,0x0000000000000000,85.2
1790554887,2026/09/28 00:21:27.484,65.75,1976,78,0x0000000000000000,85.3
1790554897,2026/09/28 00:21:37.543,67.09,1976,78,0x0000000000000000,85.5
1790554907,2026/09/28 00:21:47.598,67.84,1976,77,0x0000000000000000,85.1
1790554917,2026/09/28 00:21:57.660,67.64,1976,78,0x0000000000000000,85.1
1790554927,2026/09/28 00:22:07.720,66.98,1976,78,0x0000000000000000,85.4
1790554937,2026/09/28 00:22:17.777,68.40,1976,78,0x0000000000000000,85.3
1790554947,2026/09/28 00:22:27.830,67.25,1976,78,0x0000000000000000,85.3
1790554957,2026/09/28 00:22:37.884,67.10,1976,77,0x0000000000000000,86.4
1790554967,2026/09/28 00:22:47.937,70.23,1976,78,0x0000000000000000,85.8
1790554978,2026/09/28 00:22:57.993,67.40,1976,78,0x0000000000000000,85.5
1790554988,2026/09/28 00:23:08.048,67.98,1976,78,0x0000000000000000,85.2
1790554998,2026/09/28 00:23:18.102,67.30,1976,78,0x0000000000000000,85.6
1790555008,2026/09/28 00:23:28.165,67.76,1976,78,0x0000000000000000,85.5
1790555018,2026/09/28 00:23:38.219,68.06,1976,78,0x0000000000000000,85.9
1790555028,2026/09/28 00:23:48.270,69.36,1976,78,0x0000000000000000,85.9
1790555038,2026/09/28 00:23:58.324,67.39,1976,78,0x0000000000000000,85.5
1790555048,2026/09/28 00:24:08.379,65.73,1976,78,0x0000000000000000,85.6
1790555058,2026/09/28 00:24:18.434,69.40,1976,78,0x0000000000000000,87.6
1790555068,2026/09/28 00:24:28.488,68.19,1976,78,0x0000000000000000,87.6
1790555078,2026/09/28 00:24:38.542,68.57,1976,78,0x0000000000000000,86.0
1790555088,2026/09/28 00:24:48.596,68.23,1976,78,0x0000000000000000,86.1
1790555098,2026/09/28 00:24:58.655,66.39,1976,77,0x0000000000000000,85.3
1790555108,2026/09/28 00:25:08.710,66.48,1976,78,0x0000000000000000,85.6
1790555118,2026/09/28 00:25:18.763,67.65,1976,78,0x0000000000000000,85.4
1790555128,2026/09/28 00:25:28.817,70.74,1976,79,0x0000000000000000,85.7
1790555138,2026/09/28 00:25:38.877,65.92,1976,78,0x0000000000000000,85.5
1790555148,2026/09/28 00:25:48.931,68.60,1976,78,0x0000000000000000,85.7
1790555158,2026/09/28 00:25:58.981,67.82,1976,77,0x0000000000000000,85.2
1790555169,2026/09/28 00:26:09.036,64.96,1976,78,0x0000000000000000,85.1
1790555179,2026/09/28 00:26:19.091,68.77,1976,78,0x0000000000000000,86.9
1790555189,2026/09/28 00:26:29.145,66.98,1976,76,0x0000000000000000,85.1
1790555199,2026/09/28 00:26:39.200,68.12,1976,78,0x0000000000000000,85.8
1790555209,2026/09/28 00:26:49.262,68.07,1976,77,0x0000000000000000,84.9
1790555219,2026/09/28 00:26:59.317,66.59,1976,77,0x0000000000000000,84.8
1790555229,2026/09/28 00:27:09.372,66.39,1976,78,0x0000000000000000,85.3
1790555239,2026/09/28 00:27:19.430,68.69,1976,78,0x0000000000000000,85.9
1790555249,2026/09/28 00:27:29.486,66.33,1976,76,0x0000000000000000,84.8
1790555259,2026/09/28 00:27:39.537,68.06,1976,78,0x0000000000000000,85.4
1790555269,2026/09/28 00:27:49.592,67.87,1976,78,0x0000000000000000,85.5
1790555279,2026/09/28 00:27:59.650,64.25,1976,78,0x0000000000000000,85.2
1790555289,2026/09/28 00:28:09.703,67.83,1976,78,0x0000000000000000,85.4
1790555299,2026/09/28 00:28:19.754,70.32,1976,78,0x0000000000000000,86.0
1790555309,2026/09/28 00:28:29.807,63.95,1976,78,0x0000000000000000,84.9
1790555319,2026/09/28 00:28:39.859,68.01,1976,78,0x0000000000000000,85.3
1790555329,2026/09/28 00:28:49.924,60.45,1976,78,0x0000000000000000,84.5
1790555339,2026/09/28 00:28:59.977,65.63,1976,78,0x0000000000000000,85.1
1790555350,2026/09/28 00:29:10.030,67.81,1976,78,0x0000000000000000,85.5
1790555360,2026/09/28 00:29:20.081,67.59,1976,78,0x0000000000000000,85.3
1790555370,2026/09/28 00:29:30.133,68.07,1976,78,0x0000000000000000,85.8
1790555380,2026/09/28 00:29:40.186,68.93,1976,79,0x0000000000000000,86.7
1790555390,2026/09/28 00:29:50.243,66.61,1976,76,0x0000000000000000,85.0
1790555400,2026/09/28 00:30:00.294,67.91,1976,78,0x0000000000000000,85.5
1790555410,2026/09/28 00:30:10.351,69.03,1976,79,0x0000000000000000,85.6
1790555420,2026/09/28 00:30:20.403,66.55,1976,78,0x0000000000000000,85.7
1790555430,2026/09/28 00:30:30.459,67.88,1976,78,0x0000000000000000,85.4
1790555440,2026/09/28 00:30:40.515,68.63,1976,79,0x0000000000000000,85.3
1790555450,2026/09/28 00:30:50.571,66.41,1976,78,0x0000000000000000,85.4
1790555460,2026/09/28 00:31:00.624,68.13,1976,78,0x0000000000000000,86.6
1790555470,2026/09/28 00:31:10.681,67.29,1976,77,0x0000000000000000,85.2
1790555480,2026/09/28 00:31:20.739,64.45,1976,78,0x0000000000000000,85.3
1790555490,2026/09/28 00:31:30.797,66.61,1976,77,0x0000000000000000,85.2
1790555500,2026/09/28 00:31:40.852,70.80,1976,79,0x0000000000000000,85.8
1790555510,2026/09/28 00:31:50.908,67.47,1976,78,0x0000000000000000,85.2
1790555520,2026/09/28 00:32:00.977,66.60,1976,78,0x0000000000000000,85.3
1790555531,2026/09/28 00:32:11.032,68.30,1976,78,0x0000000000000000,85.3
1790555541,2026/09/28 00:32:21.085,65.28,1976,78,0x0000000000000000,85.2
1790555551,2026/09/28 00:32:31.137,68.68,1976,79,0x0000000000000000,85.8
1790555561,2026/09/28 00:32:41.188,67.13,1976,77,0x0000000000000000,85.5
1790555571,2026/09/28 00:32:51.240,67.88,1976,78,0x0000000000000000,85.7
1790555581,2026/09/28 00:33:01.299,68.81,1976,79,0x0000000000000000,85.7
1790555591,2026/09/28 00:33:11.355,65.94,1976,78,0x0000000000000000,85.3
1790555601,2026/09/28 00:33:21.410,67.69,1976,77,0x0000000000000000,85.0
1790555611,2026/09/28 00:33:31.466,64.90,1976,78,0x0000000000000000,85.1
1790555621,2026/09/28 00:33:41.521,66.42,1976,76,0x0000000000000000,84.7
1790555631,2026/09/28 00:33:51.575,67.21,1976,77,0x0000000000000000,84.7
1790555641,2026/09/28 00:34:01.630,70.26,1976,78,0x0000000000000000,87.0
1790555651,2026/09/28 00:34:11.688,67.32,1976,78,0x0000000000000000,85.4
1790555661,2026/09/28 00:34:21.747,66.27,1976,78,0x0000000000000000,85.2
1790555671,2026/09/28 00:34:31.803,62.32,1976,78,0x0000000000000000,84.7
1790555681,2026/09/28 00:34:41.858,64.49,1976,78,0x0000000000000000,85.1
1790555691,2026/09/28 00:34:51.913,66.38,1976,78,0x0000000000000000,84.9
1790555701,2026/09/28 00:35:01.970,70.28,1976,78,0x0000000000000000,85.4
1790555712,2026/09/28 00:35:12.026,65.91,1976,77,0x0000000000000000,85.4
1790555722,2026/09/28 00:35:22.080,66.57,1976,77,0x0000000000000000,85.4
1790555732,2026/09/28 00:35:32.131,66.76,1976,77,0x0000000000000000,84.8
1790555742,2026/09/28 00:35:42.185,68.46,1976,77,0x0000000000000000,86.9
1790555752,2026/09/28 00:35:52.243,68.04,1976,78,0x0000000000000000,85.4
1790555762,2026/09/28 00:36:02.296,66.67,1976,76,0x0000000000000000,85.2
1790555772,2026/09/28 00:36:12.350,67.51,1976,78,0x0000000000000000,85.1
1790555782,2026/09/28 00:36:22.405,68.33,1976,78,0x0000000000000000,85.2
1790555792,2026/09/28 00:36:32.460,67.33,1976,77,0x0000000000000000,85.0
1790555802,2026/09/28 00:36:42.516,66.80,1976,78,0x0000000000000000,84.3
1790555812,2026/09/28 00:36:52.574,67.59,1976,78,0x0000000000000000,85.6
1790555822,2026/09/28 00:37:02.628,66.98,1976,77,0x0000000000000000,85.1
1790555832,2026/09/28 00:37:12.680,66.61,1976,78,0x0000000000000000,85.1
1790555842,2026/09/28 00:37:22.737,70.96,1976,79,0x0000000000000000,85.9
1790555852,2026/09/28 00:37:32.792,62.74,1976,78,0x0000000000000000,84.9
1790555862,2026/09/28 00:37:42.849,65.91,1976,77,0x0000000000000000,84.7
1790555872,2026/09/28 00:37:52.906,70.75,1976,77,0x0000000000000000,85.6
1790555882,2026/09/28 00:38:02.965,64.53,1976,78,0x0000000000000000,85.4
1790555893,2026/09/28 00:38:13.022,66.07,1976,78,0x0000000000000000,85.1
1790555903,2026/09/28 00:38:23.079,70.72,1976,78,0x0000000000000000,85.4
1790555913,2026/09/28 00:38:33.140,65.00,1976,78,0x0000000000000000,85.2
1790555923,2026/09/28 00:38:43.195,69.15,1976,78,0x0000000000000000,85.0
1790555933,2026/09/28 00:38:53.249,68.21,1976,77,0x0000000000000000,85.2
1790555943,2026/09/28 00:39:03.311,65.86,1976,77,0x0000000000000000,84.7
1790555953,2026/09/28 00:39:13.372,67.11,1976,78,0x0000000000000000,85.5
1790555963,2026/09/28 00:39:23.427,67.81,1976,77,0x0000000000000000,85.1
1790555973,2026/09/28 00:39:33.486,67.52,1976,78,0x0000000000000000,85.6
1790555983,2026/09/28 00:39:43.537,68.82,1976,78,0x0000000000000000,85.9
1790555993,2026/09/28 00:39:53.591,67.41,1976,77,0x0000000000000000,85.2
1790556003,2026/09/28 00:40:03.644,67.43,1976,78,0x0000000000000000,85.0
1790556013,2026/09/28 00:40:13.697,70.90,1976,78,0x0000000000000000,85.8
1790556023,2026/09/28 00:40:23.749,65.08,1976,78,0x0000000000000000,85.2
1790556033,2026/09/28 00:40:33.808,65.96,1976,77,0x0000000000000000,85.0
1790556043,2026/09/28 00:40:43.863,70.50,1976,78,0x0000000000000000,85.8
1790556053,2026/09/28 00:40:53.920,65.29,1976,77,0x0000000000000000,84.9
1790556063,2026/09/28 00:41:03.972,66.81,1976,78,0x0000000000000000,85.1
1790556074,2026/09/28 00:41:14.027,70.55,1976,78,0x0000000000000000,85.7
1790556084,2026/09/28 00:41:24.086,67.68,1976,78,0x0000000000000000,85.4
1790556094,2026/09/28 00:41:34.142,67.25,1976,78,0x0000000000000000,85.6
1790556104,2026/09/28 00:41:44.196,70.80,1976,78,0x0000000000000000,85.2
1790556114,2026/09/28 00:41:54.256,64.59,1976,77,0x0000000000000000,84.3
1790556124,2026/09/28 00:42:04.310,69.60,1976,79,0x0000000000000000,85.8
1790556134,2026/09/28 00:42:14.371,69.25,1976,78,0x0000000000000000,85.3
1790556144,2026/09/28 00:42:24.427,68.16,1976,78,0x0000000000000000,85.6
1790556154,2026/09/28 00:42:34.480,69.66,1976,79,0x0000000000000000,85.8
1790556164,2026/09/28 00:42:44.532,69.29,1976,78,0x0000000000000000,85.7
1790556174,2026/09/28 00:42:54.587,68.00,1976,78,0x0000000000000000,85.3
1790556184,2026/09/28 00:43:04.645,68.06,1976,78,0x0000000000000000,85.8
1790556194,2026/09/28 00:43:14.698,66.30,1976,77,0x0000000000000000,85.1
1790556204,2026/09/28 00:43:24.752,67.07,1976,78,0x0000000000000000,85.3
1790556214,2026/09/28 00:43:34.807,71.29,1976,79,0x0000000000000000,86.2
1790556224,2026/09/28 00:43:44.861,67.37,1976,78,0x0000000000000000,85.3
1790556234,2026/09/28 00:43:54.914,68.12,1976,78,0x0000000000000000,85.2
1790556244,2026/09/28 00:44:04.974,70.96,1976,79,0x0000000000000000,85.7
1790556255,2026/09/28 00:44:15.027,67.36,1976,78,0x0000000000000000,85.4
1790556265,2026/09/28 00:44:25.080,67.55,1976,78,0x0000000000000000,85.5
1790556275,2026/09/28 00:44:35.136,70.62,1976,78,0x0000000000000000,85.3
1790556285,2026/09/28 00:44:45.198,65.15,1976,78,0x0000000000000000,85.5
1790556295,2026/09/28 00:44:55.269,69.63,1976,78,0x0000000000000000,85.7
1790556305,2026/09/28 00:45:05.327,65.53,1976,78,0x0000000000000000,85.5
1790556315,2026/09/28 00:45:15.383,59.95,1976,78,0x0000000000000000,84.6
1790556325,2026/09/28 00:45:25.437,68.71,1976,78,0x0000000000000000,85.9
1790556335,2026/09/28 00:45:35.491,66.93,1976,76,0x0000000000000000,85.3
1790556345,2026/09/28 00:45:45.544,68.22,1976,77,0x0000000000000000,85.4
1790556355,2026/09/28 00:45:55.598,66.72,1976,77,0x0000000000000000,85.5
1790556365,2026/09/28 00:46:05.653,65.88,1976,77,0x0000000000000000,85.2
1790556375,2026/09/28 00:46:15.708,67.63,1976,77,0x0000000000000000,85.5
1790556385,2026/09/28 00:46:25.764,70.07,1976,78,0x0000000000000000,85.9
1790556395,2026/09/28 00:46:35.820,67.10,1976,78,0x0000000000000000,85.6
1790556405,2026/09/28 00:46:45.877,68.09,1976,78,0x0000000000000000,85.6
1790556415,2026/09/28 00:46:55.929,71.14,1976,78,0x0000000000000000,86.0
1790556425,2026/09/28 00:47:05.980,59.23,1976,78,0x0000000000000000,84.6
1790556436,2026/09/28 00:47:16.032,67.86,1976,78,0x0000000000000000,87.4
1790556446,2026/09/28 00:47:26.088,70.40,1976,78,0x0000000000000000,85.8
1790556456,2026/09/28 00:47:36.143,67.38,1976,78,0x0000000000000000,85.2
1790556466,2026/09/28 00:47:46.197,67.64,1976,77,0x0000000000000000,85.6
1790556476,2026/09/28 00:47:56.260,68.21,1976,78,0x0000000000000000,85.3
1790556486,2026/09/28 00:48:06.314,68.35,1976,77,0x0000000000000000,85.5
1790556496,2026/09/28 00:48:16.371,69.91,1976,79,0x0000000000000000,86.1
1790556506,2026/09/28 00:48:26.434,66.16,1976,78,0x0000000000000000,85.4
1790556516,2026/09/28 00:48:36.490,67.71,1976,78,0x0000000000000000,85.3
1790556526,2026/09/28 00:48:46.551,69.88,1976,78,0x0000000000000000,85.7
1790556536,2026/09/28 00:48:56.604,66.05,1976,78,0x0000000000000000,85.1
1790556546,2026/09/28 00:49:06.658,67.58,1976,77,0x0000000000000000,85.4
1790556556,2026/09/28 00:49:16.712,70.01,1976,79,0x0000000000000000,85.6
1790556566,2026/09/28 00:49:26.774,68.43,1976,77,0x0000000000000000,85.7
1790556576,2026/09/28 00:49:36.841,68.19,1976,78,0x0000000000000000,85.5
1790556586,2026/09/28 00:49:46.897,68.27,1976,77,0x0000000000000000,85.5
1790556596,2026/09/28 00:49:56.955,67.41,1976,78,0x0000000000000000,85.1
1790556607,2026/09/28 00:50:07.022,68.14,1976,78,0x0000000000000000,85.6
1790556617,2026/09/28 00:50:17.074,70.98,1976,78,0x0000000000000000,84.9
1790556627,2026/09/28 00:50:27.133,67.18,1976,78,0x0000000000000000,85.4
1790556637,2026/09/28 00:50:37.198,67.69,1976,78,0x0000000000000000,85.7
1790556647,2026/09/28 00:50:47.249,68.28,1976,77,0x0000000000000000,85.3
1790556657,2026/09/28 00:50:57.312,67.92,1976,78,0x0000000000000000,85.4
1790556667,2026/09/28 00:51:07.366,69.57,1976,79,0x0000000000000000,86.2
1790556677,2026/09/28 00:51:17.422,65.32,1976,78,0x0000000000000000,85.3
1790556687,2026/09/28 00:51:27.479,67.44,1976,78,0x0000000000000000,85.5
1790556697,2026/09/28 00:51:37.549,69.85,1976,79,0x0000000000000000,86.0
1790556707,2026/09/28 00:51:47.614,65.48,1976,77,0x0000000000000000,85.4
1790556717,2026/09/28 00:51:57.667,67.75,1976,78,0x0000000000000000,85.8
1790556727,2026/09/28 00:52:07.719,69.70,1976,79,0x0000000000000000,85.6
1790556737,2026/09/28 00:52:17.776,65.75,1976,78,0x0000000000000000,85.5
1790556747,2026/09/28 00:52:27.832,68.14,1976,78,0x0000000000000000,85.9
1790556757,2026/09/28 00:52:37.891,68.61,1976,77,0x0000000000000000,85.6
1790556767,2026/09/28 00:52:47.944,71.21,1976,79,0x0000000000000000,86.1
1790556778,2026/09/28 00:52:57.997,67.88,1976,78,0x0000000000000000,85.2
1790556788,2026/09/28 00:53:08.052,68.49,1976,77,0x0000000000000000,85.8
1790556798,2026/09/28 00:53:18.107,67.52,1976,78,0x0000000000000000,85.6
1790556808,2026/09/28 00:53:28.160,67.12,1976,78,0x0000000000000000,85.7
1790556818,2026/09/28 00:53:38.218,68.44,1976,77,0x0000000000000000,85.6
1790556828,2026/09/28 00:53:48.272,67.53,1976,78,0x0000000000000000,85.6
1790556838,2026/09/28 00:53:58.327,69.75,1976,79,0x0000000000000000,86.0
1790556848,2026/09/28 00:54:08.383,65.77,1976,78,0x0000000000000000,85.2
1790556858,2026/09/28 00:54:18.438,68.18,1976,78,0x0000000000000000,85.6
1790556868,2026/09/28 00:54:28.492,70.10,1976,79,0x0000000000000000,86.2
1790556878,2026/09/28 00:54:38.548,66.04,1976,78,0x0000000000000000,85.5
1790556888,2026/09/28 00:54:48.604,68.30,1976,78,0x0000000000000000,85.5
1790556898,2026/09/28 00:54:58.659,68.07,1976,78,0x0000000000000000,86.0
1790556908,2026/09/28 00:55:08.714,60.57,1976,78,0x0000000000000000,85.0
1790556918,2026/09/28 00:55:18.769,67.43,1976,79,0x0000000000000000,85.5
1790556928,2026/09/28 00:55:28.820,67.74,1976,77,0x0000000000000000,85.7
1790556938,2026/09/28 00:55:38.883,68.56,1976,78,0x0000000000000000,85.9
1790556948,2026/09/28 00:55:48.935,67.46,1976,77,0x0000000000000000,85.2
1790556959,2026/09/28 00:55:58.991,65.41,1976,78,0x0000000000000000,85.6
1790556969,2026/09/28 00:56:09.046,68.54,1976,78,0x0000000000000000,85.7
1790556979,2026/09/28 00:56:19.098,67.44,1976,77,0x0000000000000000,85.1
1790556989,2026/09/28 00:56:29.157,68.61,1976,77,0x0000000000000000,85.4
1790556999,2026/09/28 00:56:39.213,67.76,1976,78,0x0000000000000000,85.5
1790557009,2026/09/28 00:56:49.265,67.61,1976,77,0x0000000000000000,85.2
1790557019,2026/09/28 00:56:59.323,65.39,1976,78,0x0000000000000000,85.3
1790557029,2026/09/28 00:57:09.379,68.03,1976,78,0x0000000000000000,85.6
1790557039,2026/09/28 00:57:19.435,65.98,1976,77,0x0000000000000000,85.4
1790557049,2026/09/28 00:57:29.494,67.51,1976,77,0x0000000000000000,85.3
1790557059,2026/09/28 00:57:39.549,67.52,1976,78,0x0000000000000000,85.4
1790557069,2026/09/28 00:57:49.603,66.75,1976,76,0x0000000000000000,84.9
1790557079,2026/09/28 00:57:59.658,67.64,1976,76,0x0000000000000000,85.1
1790557089,2026/09/28 00:58:09.715,67.11,1976,78,0x0000000000000000,85.8
1790557099,2026/09/28 00:58:19.767,68.50,1976,77,0x0000000000000000,85.4
1790557109,2026/09/28 00:58:29.821,67.18,1976,77,0x0000000000000000,85.3
1790557119,2026/09/28 00:58:39.878,70.73,1976,79,0x0000000000000000,85.8
1790557129,2026/09/28 00:58:49.932,68.04,1976,77,0x0000000000000000,85.1
1790557140,2026/09/28 00:58:59.987,67.70,1976,78,0x0000000000000000,85.3
1790557150,2026/09/28 00:59:10.045,68.10,1976,77,0x0000000000000000,85.5
1790557160,2026/09/28 00:59:20.104,66.79,1976,78,0x0000000000000000,85.2
1790557170,2026/09/28 00:59:30.158,66.91,1976,78,0x0000000000000000,85.4
1790557180,2026/09/28 00:59:40.212,70.87,1976,78,0x0000000000000000,85.7
1790557190,2026/09/28 00:59:50.269,65.58,1976,78,0x0000000000000000,85.2
1790557200,2026/09/28 01:00:00.324,66.29,1976,78,0x0000000000000000,85.4
1790557210,2026/09/28 01:00:10.378,66.61,1976,77,0x0000000000000000,85.4
1790557220,2026/09/28 01:00:20.434,65.53,1976,78,0x0000000000000000,85.0
1790557230,2026/09/28 01:00:30.491,68.42,1976,78,0x0000000000000000,85.6
1790557240,2026/09/28 01:00:40.542,67.30,1976,78,0x0000000000000000,85.3
1790557250,2026/09/28 01:00:50.604,67.83,1976,78,0x0000000000000000,85.4
1790557260,2026/09/28 01:01:00.659,69.36,1976,78,0x0000000000000000,87.0
1790557270,2026/09/28 01:01:10.714,65.89,1976,77,0x0000000000000000,85.3
1790557280,2026/09/28 01:01:20.769,67.93,1976,78,0x0000000000000000,86.2
1790557290,2026/09/28 01:01:30.823,68.57,1976,79,0x0000000000000000,85.6
1790557300,2026/09/28 01:01:40.878,66.35,1976,78,0x0000000000000000,85.6
1790557310,2026/09/28 01:01:50.934,68.06,1976,78,0x0000000000000000,85.5
1790557321,2026/09/28 01:02:00.989,67.12,1976,77,0x0000000000000000,85.2
1790557331,2026/09/28 01:02:11.043,68.07,1976,78,0x0000000000000000,85.3
1790557341,2026/09/28 01:02:21.102,68.28,1976,78,0x0000000000000000,85.4
1790557351,2026/09/28 01:02:31.157,67.81,1976,77,0x0000000000000000,85.5
1790557361,2026/09/28 01:02:41.214,68.24,1976,78,0x0000000000000000,85.3
1790557371,2026/09/28 01:02:51.269,68.06,1976,78,0x0000000000000000,86.9
1790557381,2026/09/28 01:03:01.326,67.92,1976,77,0x0000000000000000,85.3
1790557391,2026/09/28 01:03:11.385,67.93,1976,78,0x0000000000000000,85.9
1790557401,2026/09/28 01:03:21.446,69.40,1976,79,0x0000000000000000,86.6
1790557411,2026/09/28 01:03:31.502,65.82,1976,78,0x0000000000000000,85.2
1790557421,2026/09/28 01:03:41.560,68.00,1976,78,0x0000000000000000,86.0
1790557431,2026/09/28 01:03:51.617,67.36,1976,79,0x0000000000000000,85.5
1790557441,2026/09/28 01:04:01.672,65.84,1976,78,0x0000000000000000,85.4
1790557451,2026/09/28 01:04:11.728,67.18,1976,78,0x0000000000000000,85.2
1790557461,2026/09/28 01:04:21.782,69.12,1976,79,0x0000000000000000,83.9
1790557471,2026/09/28 01:04:31.847,65.67,1976,78,0x0000000000000000,85.5
1790557481,2026/09/28 01:04:41.901,67.28,1976,78,0x0000000000000000,85.1
1790557491,2026/09/28 01:04:51.952,70.67,1976,79,0x0000000000000000,86.2
1790557502,2026/09/28 01:05:02.010,62.64,1976,77,0x0000000000000000,85.0
1790557512,2026/09/28 01:05:12.064,67.21,1976,78,0x0000000000000000,85.6
1790557522,2026/09/28 01:05:22.121,70.87,1976,78,0x0000000000000000,85.8
1790557532,2026/09/28 01:05:32.171,63.12,1976,77,0x0000000000000000,85.2
1790557542,2026/09/28 01:05:42.230,67.86,1976,77,0x0000000000000000,85.5
1790557552,2026/09/28 01:05:52.287,71.05,1976,79,0x0000000000000000,85.4
1790557562,2026/09/28 01:06:02.349,67.40,1976,78,0x0000000000000000,86.6
1790557572,2026/09/28 01:06:12.406,67.88,1976,78,0x0000000000000000,87.7
1790557582,2026/09/28 01:06:22.463,67.47,1976,78,0x0000000000000000,85.2
1790557592,2026/09/28 01:06:32.523,66.93,1976,78,0x0000000000000000,84.8
1790557602,2026/09/28 01:06:42.585,69.74,1976,79,0x0000000000000000,85.8
1790557612,2026/09/28 01:06:52.650,68.36,1976,78,0x0000000000000000,85.8
1790557622,2026/09/28 01:07:02.706,68.08,1976,78,0x0000000000000000,85.8
1790557632,2026/09/28 01:07:12.764,69.67,1976,79,0x0000000000000000,85.9
1790557642,2026/09/28 01:07:22.819,68.05,1976,78,0x0000000000000000,85.8
1790557652,2026/09/28 01:07:32.874,67.45,1976,78,0x0000000000000000,85.5
1790557662,2026/09/28 01:07:42.930,69.35,1976,78,0x0000000000000000,86.2
1790557672,2026/09/28 01:07:52.983,64.47,1976,78,0x0000000000000000,85.3
1790557683,2026/09/28 01:08:03.037,67.43,1976,78,0x0000000000000000,85.9
1790557693,2026/09/28 01:08:13.092,69.29,1976,77,0x0000000000000000,85.8
1790557703,2026/09/28 01:08:23.148,61.76,1976,70,0x0000000000000000,84.1
1790557713,2026/09/28 01:08:33.200,68.25,1976,78,0x0000000000000000,84.9
1790557723,2026/09/28 01:08:43.252,68.50,1976,77,0x0000000000000000,85.4
1790557733,2026/09/28 01:08:53.307,67.53,1976,78,0x0000000000000000,85.7
1790557743,2026/09/28 01:09:03.362,67.76,1976,78,0x0000000000000000,85.9
1790557753,2026/09/28 01:09:13.412,70.72,1976,78,0x0000000000000000,86.4
1790557763,2026/09/28 01:09:23.471,67.54,1976,78,0x0000000000000000,85.5
1790557773,2026/09/28 01:09:33.531,69.60,1976,78,0x0000000000000000,85.3
1790557783,2026/09/28 01:09:43.583,68.93,1976,78,0x0000000000000000,85.5
1790557793,2026/09/28 01:09:53.645,67.75,1976,77,0x0000000000000000,85.4
1790557803,2026/09/28 01:10:03.702,68.29,1976,79,0x0000000000000000,85.7
1790557813,2026/09/28 01:10:13.758,61.00,1976,69,0x0000000000000000,83.9
1790557823,2026/09/28 01:10:23.812,67.96,1976,78,0x0000000000000000,85.6
1790557833,2026/09/28 01:10:33.863,69.38,1976,78,0x0000000000000000,86.1
1790557843,2026/09/28 01:10:43.914,68.46,1976,78,0x0000000000000000,85.8
1790557853,2026/09/28 01:10:53.967,67.68,1976,78,0x0000000000000000,85.5
1790557864,2026/09/28 01:11:04.021,70.17,1976,78,0x0000000000000000,85.9
1790557874,2026/09/28 01:11:14.075,67.08,1976,78,0x0000000000000000,85.5
1790557884,2026/09/28 01:11:24.127,67.76,1976,78,0x0000000000000000,85.6
1790557894,2026/09/28 01:11:34.180,67.73,1976,77,0x0000000000000000,85.1
1790557904,2026/09/28 01:11:44.232,66.61,1976,78,0x0000000000000000,85.1
1790557914,2026/09/28 01:11:54.285,67.98,1976,78,0x0000000000000000,85.6
1790557924,2026/09/28 01:12:04.337,67.92,1976,77,0x0000000000000000,85.3
1790557934,2026/09/28 01:12:14.393,67.76,1976,78,0x0000000000000000,85.6
1790557944,2026/09/28 01:12:24.449,68.39,1976,78,0x0000000000000000,87.1
1790557954,2026/09/28 01:12:34.504,65.62,1976,77,0x0000000000000000,85.4
1790557964,2026/09/28 01:12:44.560,67.84,1976,78,0x0000000000000000,85.1
1790557974,2026/09/28 01:12:54.617,67.96,1976,78,0x0000000000000000,85.9
1790557984,2026/09/28 01:13:04.673,65.41,1976,78,0x0000000000000000,85.3
1790557994,2026/09/28 01:13:14.730,69.52,1976,78,0x0000000000000000,86.2
1790558004,2026/09/28 01:13:24.785,69.70,1976,79,0x0000000000000000,85.6
1790558014,2026/09/28 01:13:34.843,66.75,1976,78,0x0000000000000000,85.6
1790558024,2026/09/28 01:13:44.895,67.67,1976,78,0x0000000000000000,85.6
1790558034,2026/09/28 01:13:54.951,69.49,1976,79,0x0000000000000000,85.9
1790558045,2026/09/28 01:14:05.007,65.85,1976,78,0x0000000000000000,85.6
1790558055,2026/09/28 01:14:15.062,67.74,1976,78,0x0000000000000000,85.6
1790558065,2026/09/28 01:14:25.113,67.69,1976,76,0x0000000000000000,85.2
1790558075,2026/09/28 01:14:35.169,67.18,1976,78,0x0000000000000000,85.6
1790558085,2026/09/28 01:14:45.224,68.12,1976,78,0x0000000000000000,85.9
1790558095,2026/09/28 01:14:55.281,67.49,1976,77,0x0000000000000000,85.2
1790558105,2026/09/28 01:15:05.334,67.62,1976,78,0x0000000000000000,85.4
1790558115,2026/09/28 01:15:15.389,68.34,1976,78,0x0000000000000000,85.8
1790558125,2026/09/28 01:15:25.447,68.07,1976,77,0x0000000000000000,85.2
1790558135,2026/09/28 01:15:35.500,68.08,1976,78,0x0000000000000000,85.6
1790558145,2026/09/28 01:15:45.567,69.99,1976,79,0x0000000000000000,85.9
1790558155,2026/09/28 01:15:55.621,68.15,1976,78,0x0000000000000000,85.2
1790558165,2026/09/28 01:16:05.678,68.33,1976,78,0x0000000000000000,86.0
1790558175,2026/09/28 01:16:15.734,70.04,1976,79,0x0000000000000000,86.0
1790558185,2026/09/28 01:16:25.785,68.25,1976,78,0x0000000000000000,86.0
1790558195,2026/09/28 01:16:35.840,67.56,1976,78,0x0000000000000000,85.4
1790558205,2026/09/28 01:16:45.888,69.93,1976,78,0x0000000000000000,85.9
1790558215,2026/09/28 01:16:55.942,68.31,1976,77,0x0000000000000000,85.9
1790558226,2026/09/28 01:17:05.994,68.02,1976,78,0x0000000000000000,85.7
1790558236,2026/09/28 01:17:16.048,70.68,1976,78,0x0000000000000000,86.3
1790558246,2026/09/28 01:17:26.099,67.85,1976,78,0x0000000000000000,85.9
1790558256,2026/09/28 01:17:36.154,67.78,1976,78,0x0000000000000000,85.9
1790558266,2026/09/28 01:17:46.207,70.85,1976,78,0x0000000000000000,86.2
1790558276,2026/09/28 01:17:56.261,66.39,1976,78,0x0000000000000000,85.6
1790558286,2026/09/28 01:18:06.314,67.24,1976,78,0x0000000000000000,85.7
1790558296,2026/09/28 01:18:16.367,70.57,1976,78,0x0000000000000000,86.3
1790558306,2026/09/28 01:18:26.420,68.26,1976,78,0x0000000000000000,85.9
1790558316,2026/09/28 01:18:36.470,68.38,1976,78,0x0000000000000000,86.3
1790558326,2026/09/28 01:18:46.521,68.33,1976,77,0x0000000000000000,85.7
1790558336,2026/09/28 01:18:56.576,67.47,1976,78,0x0000000000000000,85.8
1790558346,2026/09/28 01:19:06.633,70.32,1976,79,0x0000000000000000,86.5
1790558356,2026/09/28 01:19:16.690,69.78,1976,78,0x0000000000000000,87.8
1790558366,2026/09/28 01:19:26.745,68.56,1976,78,0x0000000000000000,85.9
1790558376,2026/09/28 01:19:36.805,69.86,1976,79,0x0000000000000000,85.9
1790558386,2026/09/28 01:19:46.864,65.84,1976,78,0x0000000000000000,85.6
1790558396,2026/09/28 01:19:56.918,68.23,1976,78,0x0000000000000000,85.9
1790558406,2026/09/28 01:20:06.973,69.61,1976,78,0x0000000000000000,85.8
1790558417,2026/09/28 01:20:17.027,68.57,1976,78,0x0000000000000000,85.8
1790558427,2026/09/28 01:20:27.083,67.95,1976,78,0x0000000000000000,85.7
1790558437,2026/09/28 01:20:37.142,68.31,1976,77,0x0000000000000000,85.6
1790558447,2026/09/28 01:20:47.204,65.89,1976,78,0x0000000000000000,85.9
1790558457,2026/09/28 01:20:57.261,66.59,1976,78,0x0000000000000000,86.1
1790558467,2026/09/28 01:21:07.316,67.56,1976,78,0x0000000000000000,86.2
1790558477,2026/09/28 01:21:17.370,67.69,1976,78,0x0000000000000000,85.6
1790558487,2026/09/28 01:21:27.426,68.56,1976,79,0x0000000000000000,85.9
1790558497,2026/09/28 01:21:37.486,68.49,1976,77,0x0000000000000000,85.7
1790558507,2026/09/28 01:21:47.543,68.04,1976,78,0x0000000000000000,85.9
1790558517,2026/09/28 01:21:57.600,70.18,1976,78,0x0000000000000000,86.2
1790558527,2026/09/28 01:22:07.651,61.67,1976,76,0x0000000000000000,84.3
1790558537,2026/09/28 01:22:17.707,67.10,1976,77,0x0000000000000000,85.4
1790558547,2026/09/28 01:22:27.764,70.14,1976,78,0x0000000000000000,86.0
1790558557,2026/09/28 01:22:37.818,68.22,1976,78,0x0000000000000000,86.1
1790558567,2026/09/28 01:22:47.873,68.51,1976,78,0x0000000000000000,86.4
1790558577,2026/09/28 01:22:57.927,70.27,1976,78,0x0000000000000000,86.2
1790558587,2026/09/28 01:23:07.979,65.67,1976,78,0x0000000000000000,85.4
1790558598,2026/09/28 01:23:18.035,67.84,1976,78,0x0000000000000000,85.9
1790558608,2026/09/28 01:23:28.093,70.06,1976,79,0x0000000000000000,85.8
1790558618,2026/09/28 01:23:38.151,67.50,1976,78,0x0000000000000000,85.6
1790558628,2026/09/28 01:23:48.208,67.22,1976,78,0x0000000000000000,85.5
1790558638,2026/09/28 01:23:58.261,68.27,1976,78,0x0000000000000000,85.7
1790558648,2026/09/28 01:24:08.315,67.29,1976,78,0x0000000000000000,85.7
1790558658,2026/09/28 01:24:18.365,67.38,1976,78,0x0000000000000000,85.9
1790558668,2026/09/28 01:24:28.418,69.59,1976,78,0x0000000000000000,85.0
1790558678,2026/09/28 01:24:38.474,67.64,1976,78,0x0000000000000000,85.2
1790558688,2026/09/28 01:24:48.531,68.43,1976,78,0x0000000000000000,87.7
1790558698,2026/09/28 01:24:58.586,70.31,1976,78,0x0000000000000000,86.3
1790558708,2026/09/28 01:25:08.640,67.58,1976,78,0x0000000000000000,85.7
1790558718,2026/09/28 01:25:18.698,68.24,1976,78,0x0000000000000000,85.6
1790558728,2026/09/28 01:25:28.749,68.04,1976,78,0x0000000000000000,85.8
1790558738,2026/09/28 01:25:38.804,64.93,1976,78,0x0000000000000000,85.3
1790558748,2026/09/28 01:25:48.857,66.65,1976,78,0x0000000000000000,85.0
1790558758,2026/09/28 01:25:58.910,70.83,1976,79,0x0000000000000000,86.0
1790558768,2026/09/28 01:26:08.962,65.35,1976,78,0x0000000000000000,85.5
1790558779,2026/09/28 01:26:19.016,68.28,1976,78,0x0000000000000000,85.6
1790558789,2026/09/28 01:26:29.072,70.87,1976,79,0x0000000000000000,85.3
1790558799,2026/09/28 01:26:39.129,65.62,1976,78,0x0000000000000000,85.4
1790558809,2026/09/28 01:26:49.195,68.10,1976,78,0x0000000000000000,85.6
1790558819,2026/09/28 01:26:59.254,67.37,1976,77,0x0000000000000000,85.2
1790558829,2026/09/28 01:27:09.308,65.94,1976,78,0x0000000000000000,85.3
1790558839,2026/09/28 01:27:19.366,69.48,1976,79,0x0000000000000000,86.0
1790558849,2026/09/28 01:27:29.413,66.58,1976,78,0x0000000000000000,85.4
1790558859,2026/09/28 01:27:39.467,68.10,1976,78,0x0000000000000000,85.6
1790558869,2026/09/28 01:27:49.520,69.33,1976,79,0x0000000000000000,85.9
1790558879,2026/09/28 01:27:59.573,66.19,1976,78,0x0000000000000000,85.7
1790558889,2026/09/28 01:28:09.630,68.32,1976,78,0x0000000000000000,86.7
1790558899,2026/09/28 01:28:19.693,69.63,1976,78,0x0000000000000000,85.8
1790558909,2026/09/28 01:28:29.752,67.75,1976,78,0x0000000000000000,85.7
1790558919,2026/09/28 01:28:39.806,68.15,1976,78,0x0000000000000000,85.8
1790558929,2026/09/28 01:28:49.860,67.88,1976,78,0x0000000000000000,85.6
1790558939,2026/09/28 01:28:59.914,67.79,1976,78,0x0000000000000000,85.5
1790558949,2026/09/28 01:29:09.973,68.68,1976,78,0x0000000000000000,85.9
1790558960,2026/09/28 01:29:20.030,68.22,1976,78,0x0000000000000000,85.6
1790558970,2026/09/28 01:29:30.087,68.04,1976,78,0x0000000000000000,85.5
1790558980,2026/09/28 01:29:40.139,67.60,1976,78,0x0000000000000000,86.6
1790558990,2026/09/28 01:29:50.194,66.17,1976,78,0x0000000000000000,85.3
1790559000,2026/09/28 01:30:00.250,67.57,1976,78,0x0000000000000000,85.7
1790559010,2026/09/28 01:30:10.306,69.00,1976,78,0x0000000000000000,85.7
1790559020,2026/09/28 01:30:20.363,66.74,1976,77,0x0000000000000000,85.1
1790559030,2026/09/28 01:30:30.419,67.31,1976,78,0x0000000000000000,85.0
1790559040,2026/09/28 01:30:40.472,68.57,1976,79,0x0000000000000000,85.8
1790559050,2026/09/28 01:30:50.537,66.14,1976,78,0x0000000000000000,85.5
1790559060,2026/09/28 01:31:00.593,67.72,1976,78,0x0000000000000000,85.4
1790559070,2026/09/28 01:31:10.647,69.33,1976,79,0x0000000000000000,85.6
1790559080,2026/09/28 01:31:20.704,65.89,1976,78,0x0000000000000000,85.3
1790559090,2026/09/28 01:31:30.763,67.87,1976,78,0x0000000000000000,85.6
1790559100,2026/09/28 01:31:40.818,71.03,1976,79,0x0000000000000000,85.8
1790559110,2026/09/28 01:31:50.877,64.09,1976,77,0x0000000000000000,85.2
1790559120,2026/09/28 01:32:00.935,67.75,1976,78,0x0000000000000000,85.7
1790559131,2026/09/28 01:32:10.991,70.81,1976,78,0x0000000000000000,85.6
1790559141,2026/09/28 01:32:21.049,64.33,1976,77,0x0000000000000000,85.0
1790559151,2026/09/28 01:32:31.103,67.41,1976,78,0x0000000000000000,85.7
1790559161,2026/09/28 01:32:41.161,71.21,1976,79,0x0000000000000000,85.6
1790559171,2026/09/28 01:32:51.218,68.08,1976,78,0x0000000000000000,85.3
1790559181,2026/09/28 01:33:01.276,69.86,1976,79,0x0000000000000000,86.1
1790559191,2026/09/28 01:33:11.335,65.64,1976,78,0x0000000000000000,85.4
1790559201,2026/09/28 01:33:21.394,66.94,1976,77,0x0000000000000000,85.2
1790559211,2026/09/28 01:33:31.448,62.66,1976,78,0x0000000000000000,84.4
1790559221,2026/09/28 01:33:41.501,63.61,1976,76,0x0000000000000000,87.1
1790559231,2026/09/28 01:33:51.561,60.34,1976,77,0x0000000000000000,86.0
1790559241,2026/09/28 01:34:01.626,62.51,1976,78,0x0000000000000000,85.2
1790559251,2026/09/28 01:34:11.687,62.55,1976,78,0x0000000000000000,85.1
1790559261,2026/09/28 01:34:21.743,53.28,1976,76,0x0000000000000000,83.5
1790559271,2026/09/28 01:34:31.801,63.51,1976,78,0x0000000000000000,84.5
1790559281,2026/09/28 01:34:41.861,67.30,1976,78,0x0000000000000000,85.5
1790559291,2026/09/28 01:34:51.916,66.62,1976,78,0x0000000000000000,85.8
1790559301,2026/09/28 01:35:01.972,67.68,1976,78,0x0000000000000000,85.5
1790559312,2026/09/28 01:35:12.027,67.86,1976,78,0x0000000000000000,86.0
1790559322,2026/09/28 01:35:22.082,67.36,1976,78,0x0000000000000000,85.4
1790559332,2026/09/28 01:35:32.138,55.81,1976,77,0x0000000000000000,83.9
1790559342,2026/09/28 01:35:42.199,67.44,1976,78,0x0000000000000000,85.6
1790559352,2026/09/28 01:35:52.253,69.47,1976,79,0x0000000000000000,86.2
1790559362,2026/09/28 01:36:02.308,65.83,1976,78,0x0000000000000000,86.0
1790559372,2026/09/28 01:36:12.364,67.16,1976,78,0x0000000000000000,85.8
1790559382,2026/09/28 01:36:22.419,69.40,1976,79,0x0000000000000000,86.1
1790559392,2026/09/28 01:36:32.475,65.47,1976,78,0x0000000000000000,85.5
1790559402,2026/09/28 01:36:42.577,68.56,1976,78,0x0000000000000000,84.8
1790559412,2026/09/28 01:36:52.642,69.69,1976,79,0x0000000000000000,85.5
1790559422,2026/09/28 01:37:02.705,58.78,1976,78,0x0000000000000000,85.0
1790559432,2026/09/28 01:37:12.759,68.26,1976,78,0x0000000000000000,86.1
1790559442,2026/09/28 01:37:22.812,67.61,1976,78,0x0000000000000000,85.9
1790559452,2026/09/28 01:37:32.868,67.49,1976,78,0x0000000000000000,86.0
1790559462,2026/09/28 01:37:42.922,68.05,1976,79,0x0000000000000000,86.4
1790559472,2026/09/28 01:37:52.976,60.80,1976,76,0x0000000000000000,83.7
1790559483,2026/09/28 01:38:03.040,67.63,1976,77,0x0000000000000000,85.6
1790559493,2026/09/28 01:38:13.095,68.17,1976,78,0x0000000000000000,86.1
1790559503,2026/09/28 01:38:23.154,69.60,1976,78,0x0000000000000000,86.4
1790559513,2026/09/28 01:38:33.213,67.75,1976,78,0x0000000000000000,86.0
1790559523,2026/09/28 01:38:43.265,69.97,1976,79,0x0000000000000000,86.4
1790559533,2026/09/28 01:38:53.315,69.81,1976,78,0x0000000000000000,85.9
1790559543,2026/09/28 01:39:03.373,68.25,1976,78,0x0000000000000000,86.2
1790559553,2026/09/28 01:39:13.426,67.49,1976,78,0x0000000000000000,85.5
1790559563,2026/09/28 01:39:23.479,58.09,1976,77,0x0000000000000000,84.6
1790559573,2026/09/28 01:39:33.537,68.05,1976,78,0x0000000000000000,86.0
1790559583,2026/09/28 01:39:43.592,69.86,1976,79,0x0000000000000000,85.8
1790559593,2026/09/28 01:39:53.650,66.06,1976,78,0x0000000000000000,86.0
1790559603,2026/09/28 01:40:03.700,68.40,1976,78,0x0000000000000000,86.4
1790559613,2026/09/28 01:40:13.756,68.01,1976,78,0x0000000000000000,86.4
1790559623,2026/09/28 01:40:23.811,68.46,1976,78,0x0000000000000000,86.5
1790559633,2026/09/28 01:40:33.865,66.72,1976,78,0x0000000000000000,86.0
1790559643,2026/09/28 01:40:43.920,69.87,1976,79,0x0000000000000000,86.2
1790559653,2026/09/28 01:40:53.975,68.08,1976,78,0x0000000000000000,86.1
1790559664,2026/09/28 01:41:04.032,68.08,1976,78,0x0000000000000000,86.0
1790559674,2026/09/28 01:41:14.086,68.11,1976,77,0x0000000000000000,85.7
1790559684,2026/09/28 01:41:24.139,68.11,1976,78,0x0000000000000000,86.1
1790559694,2026/09/28 01:41:34.194,68.25,1976,78,0x0000000000000000,86.5
1790559704,2026/09/28 01:41:44.247,68.53,1976,77,0x0000000000000000,85.7
1790559714,2026/09/28 01:41:54.299,68.08,1976,78,0x0000000000000000,86.2
1790559724,2026/09/28 01:42:04.352,69.48,1976,78,0x0000000000000000,86.5
1790559734,2026/09/28 01:42:14.408,65.71,1976,78,0x0000000000000000,85.9
1790559744,2026/09/28 01:42:24.464,67.75,1976,78,0x0000000000000000,85.9
1790559754,2026/09/28 01:42:34.520,69.51,1976,79,0x0000000000000000,85.9
1790559764,2026/09/28 01:42:44.576,68.06,1976,78,0x0000000000000000,86.1
1790559774,2026/09/28 01:42:54.624,67.21,1976,78,0x0000000000000000,85.8
1790559784,2026/09/28 01:43:04.677,69.85,1976,79,0x0000000000000000,86.3
1790559794,2026/09/28 01:43:14.731,65.62,1976,78,0x0000000000000000,85.9
1790559804,2026/09/28 01:43:24.794,68.30,1976,78,0x0000000000000000,86.1
1790559814,2026/09/28 01:43:34.847,67.68,1976,78,0x0000000000000000,85.5
1790559824,2026/09/28 01:43:44.913,67.97,1976,78,0x0000000000000000,85.7
1790559834,2026/09/28 01:43:54.970,67.89,1976,78,0x0000000000000000,86.4
1790559845,2026/09/28 01:44:05.024,68.50,1976,77,0x0000000000000000,85.2
1790559855,2026/09/28 01:44:15.077,68.49,1976,78,0x0000000000000000,86.1
1790559865,2026/09/28 01:44:25.129,59.77,1976,78,0x0000000000000000,85.5
1790559875,2026/09/28 01:44:35.180,67.83,1976,77,0x0000000000000000,85.8
1790559885,2026/09/28 01:44:45.237,67.99,1976,78,0x0000000000000000,85.6
1790559895,2026/09/28 01:44:55.293,67.33,1976,78,0x0000000000000000,86.4
1790559905,2026/09/28 01:45:05.347,65.65,1976,78,0x0000000000000000,85.8
1790559915,2026/09/28 01:45:15.402,67.47,1976,78,0x0000000000000000,85.9
1790559925,2026/09/28 01:45:25.456,70.04,1976,79,0x0000000000000000,86.2
1790559935,2026/09/28 01:45:35.514,65.85,1976,78,0x0000000000000000,85.9
1790559945,2026/09/28 01:45:45.571,67.39,1976,78,0x0000000000000000,86.2
1790559955,2026/09/28 01:45:55.626,69.53,1976,79,0x0000000000000000,85.8
1790559965,2026/09/28 01:46:05.683,66.63,1976,77,0x0000000000000000,85.5
1790559975,2026/09/28 01:46:15.735,67.16,1976,78,0x0000000000000000,85.9
1790559985,2026/09/28 01:46:25.792,69.76,1976,78,0x0000000000000000,86.3
1790559995,2026/09/28 01:46:35.849,63.94,1976,78,0x0000000000000000,85.2
1790560005,2026/09/28 01:46:45.907,67.29,1976,78,0x0000000000000000,85.6
1790560015,2026/09/28 01:46:55.959,70.32,1976,78,0x0000000000000000,86.2
1790560026,2026/09/28 01:47:06.013,68.02,1976,78,0x0000000000000000,86.0
1790560036,2026/09/28 01:47:16.070,66.78,1976,78,0x0000000000000000,86.0
1790560046,2026/09/28 01:47:26.128,67.74,1976,77,0x0000000000000000,85.5
1790560056,2026/09/28 01:47:36.187,68.44,1976,78,0x0000000000000000,87.3
1790560066,2026/09/28 01:47:46.241,65.75,1976,77,0x0000000000000000,85.8
1790560076,2026/09/28 01:47:56.300,69.55,1976,78,0x0000000000000000,86.2
1790560086,2026/09/28 01:48:06.356,68.17,1976,78,0x0000000000000000,86.6
1790560096,2026/09/28 01:48:16.414,69.89,1976,78,0x0000000000000000,87.4
1790560106,2026/09/28 01:48:26.470,68.66,1976,79,0x0000000000000000,86.0
1790560116,2026/09/28 01:48:36.532,67.81,1976,78,0x0000000000000000,85.8
1790560126,2026/09/28 01:48:46.593,69.71,1976,79,0x0000000000000000,85.2
1790560136,2026/09/28 01:48:56.649,68.49,1976,78,0x0000000000000000,85.5
1790560146,2026/09/28 01:49:06.703,67.77,1976,78,0x0000000000000000,85.9
1790560156,2026/09/28 01:49:16.758,69.75,1976,79,0x0000000000000000,85.9
1790560166,2026/09/28 01:49:26.815,68.65,1976,78,0x0000000000000000,86.0
1790560176,2026/09/28 01:49:36.868,67.21,1976,78,0x0000000000000000,85.7
1790560186,2026/09/28 01:49:46.922,67.70,1976,78,0x0000000000000000,86.0
1790560197,2026/09/28 01:49:56.993,67.44,1976,78,0x0000000000000000,85.8
1790560207,2026/09/28 01:50:07.045,67.92,1976,78,0x0000000000000000,85.7
1790560217,2026/09/28 01:50:17.102,67.42,1976,78,0x0000000000000000,86.0
1790560227,2026/09/28 01:50:27.155,67.78,1976,78,0x0000000000000000,86.3
1790560237,2026/09/28 01:50:37.212,68.29,1976,78,0x0000000000000000,86.4
1790560247,2026/09/28 01:50:47.266,67.41,1976,78,0x0000000000000000,86.0
1790560257,2026/09/28 01:50:57.321,68.25,1976,78,0x0000000000000000,85.9
1790560267,2026/09/28 01:51:07.373,67.83,1976,78,0x0000000000000000,86.2
1790560277,2026/09/28 01:51:17.427,65.62,1976,78,0x0000000000000000,85.8
1790560287,2026/09/28 01:51:27.480,68.10,1976,78,0x0000000000000000,86.7
1790560297,2026/09/28 01:51:37.539,66.74,1976,77,0x0000000000000000,86.1
1790560307,2026/09/28 01:51:47.595,66.71,1976,78,0x0000000000000000,86.0
1790560317,2026/09/28 01:51:57.651,65.13,1976,76,0x0000000000000000,85.7
1790560327,2026/09/28 01:52:07.717,67.21,1976,77,0x0000000000000000,86.2
1790560337,2026/09/28 01:52:17.770,63.80,1976,78,0x0000000000000000,85.6
1790560347,2026/09/28 01:52:27.826,67.82,1976,78,0x0000000000000000,85.8
1790560357,2026/09/28 01:52:37.878,70.07,1976,79,0x0000000000000000,85.4
1790560367,2026/09/28 01:52:47.944,65.31,1976,78,0x0000000000000000,85.5
1790560378,2026/09/28 01:52:57.997,67.92,1976,78,0x0000000000000000,85.9
1790560388,2026/09/28 01:53:08.050,69.61,1976,78,0x0000000000000000,86.1
1790560398,2026/09/28 01:53:18.108,67.21,1976,78,0x0000000000000000,85.8
1790560408,2026/09/28 01:53:28.159,67.96,1976,78,0x0000000000000000,86.1
1790560418,2026/09/28 01:53:38.213,67.50,1976,77,0x0000000000000000,85.9
1790560428,2026/09/28 01:53:48.268,67.63,1976,78,0x0000000000000000,85.9
1790560438,2026/09/28 01:53:58.323,59.17,1976,78,0x0000000000000000,85.4
1790560448,2026/09/28 01:54:08.380,67.50,1976,78,0x0000000000000000,85.8
1790560458,2026/09/28 01:54:18.450,67.25,1976,78,0x0000000000000000,86.3
1790560468,2026/09/28 01:54:28.507,67.65,1976,78,0x0000000000000000,85.9
1790560478,2026/09/28 01:54:38.565,68.44,1976,79,0x0000000000000000,85.9
1790560488,2026/09/28 01:54:48.625,67.49,1976,78,0x0000000000000000,86.0
1790560498,2026/09/28 01:54:58.679,70.11,1976,79,0x0000000000000000,86.4
1790560508,2026/09/28 01:55:08.735,69.14,1976,78,0x0000000000000000,86.0
1790560518,2026/09/28 01:55:18.793,67.96,1976,78,0x0000000000000000,88.1
1790560528,2026/09/28 01:55:28.845,66.47,1976,78,0x0000000000000000,85.5
1790560538,2026/09/28 01:55:38.897,67.16,1976,78,0x0000000000000000,85.8
1790560548,2026/09/28 01:55:48.952,66.40,1976,78,0x0000000000000000,85.7
1790560559,2026/09/28 01:55:59.008,68.04,1976,78,0x0000000000000000,85.9
1790560569,2026/09/28 01:56:09.064,69.25,1976,79,0x0000000000000000,86.5
1790560579,2026/09/28 01:56:19.124,66.89,1976,78,0x0000000000000000,86.0
1790560589,2026/09/28 01:56:29.181,67.94,1976,78,0x0000000000000000,86.0
1790560599,2026/09/28 01:56:39.236,69.28,1976,79,0x0000000000000000,86.1
1790560609,2026/09/28 01:56:49.299,59.21,1976,71,0x0000000000000000,84.4
1790560619,2026/09/28 01:56:59.354,67.80,1976,78,0x0000000000000000,85.8
1790560629,2026/09/28 01:57:09.410,69.17,1976,79,0x0000000000000000,85.7
1790560639,2026/09/28 01:57:19.468,67.59,1976,78,0x0000000000000000,86.0
1790560649,2026/09/28 01:57:29.521,66.33,1976,78,0x0000000000000000,85.6
1790560659,2026/09/28 01:57:39.579,67.70,1976,78,0x0000000000000000,85.8
1790560669,2026/09/28 01:57:49.636,67.60,1976,78,0x0000000000000000,86.1
1790560679,2026/09/28 01:57:59.694,67.51,1976,78,0x0000000000000000,85.9
1790560689,2026/09/28 01:58:09.751,66.76,1976,77,0x0000000000000000,85.2
1790560699,2026/09/28 01:58:19.806,55.48,1976,69,0x0000000000000000,84.0
1790560709,2026/09/28 01:58:29.860,67.28,1976,78,0x0000000000000000,85.7
1790560719,2026/09/28 01:58:39.917,71.15,1976,78,0x0000000000000000,85.7
1790560729,2026/09/28 01:58:49.976,66.07,1976,78,0x0000000000000000,85.4
1790560740,2026/09/28 01:59:00.035,69.63,1976,78,0x0000000000000000,85.9
1790560750,2026/09/28 01:59:10.090,65.42,1976,78,0x0000000000000000,85.8
1790560760,2026/09/28 01:59:20.146,67.00,1976,77,0x0000000000000000,85.7
1790560770,2026/09/28 01:59:30.205,69.29,1976,79,0x0000000000000000,85.8
1790560780,2026/09/28 01:59:40.262,65.81,1976,76,0x0000000000000000,85.2
1790560790,2026/09/28 01:59:50.317,67.74,1976,78,0x0000000000000000,86.0
1790560800,2026/09/28 02:00:00.373,60.44,1976,78,0x0000000000000000,84.8
1790560810,2026/09/28 02:00:10.428,65.62,1976,78,0x0000000000000000,85.7
1790560820,2026/09/28 02:00:20.481,67.93,1976,78,0x0000000000000000,86.5
1790560830,2026/09/28 02:00:30.539,68.00,1976,78,0x0000000000000000,85.9
1790560840,2026/09/28 02:00:40.599,68.73,1976,79,0x0000000000000000,86.3
1790560850,2026/09/28 02:00:50.655,68.19,1976,78,0x0000000000000000,86.4
1790560860,2026/09/28 02:01:00.710,67.84,1976,78,0x0000000000000000,85.6
1790560870,2026/09/28 02:01:10.767,67.39,1976,78,0x0000000000000000,86.0
1790560880,2026/09/28 02:01:20.826,68.44,1976,78,0x0000000000000000,86.4
1790560890,2026/09/28 02:01:30.887,67.59,1976,77,0x0000000000000000,85.8
1790560900,2026/09/28 02:01:40.940,67.45,1976,78,0x0000000000000000,86.2
1790560911,2026/09/28 02:01:50.996,69.55,1976,79,0x0000000000000000,86.7
1790560921,2026/09/28 02:02:01.052,65.88,1976,78,0x0000000000000000,86.0
1790560931,2026/09/28 02:02:11.110,68.56,1976,78,0x0000000000000000,86.2
1790560941,2026/09/28 02:02:21.168,69.37,1976,79,0x0000000000000000,86.4
1790560951,2026/09/28 02:02:31.228,66.22,1976,78,0x0000000000000000,86.1
1790560961,2026/09/28 02:02:41.286,67.88,1976,78,0x0000000000000000,86.3
1790560971,2026/09/28 02:02:51.341,69.66,1976,79,0x0000000000000000,86.5
1790560981,2026/09/28 02:03:01.400,65.66,1976,78,0x0000000000000000,85.9
1790560991,2026/09/28 02:03:11.457,67.48,1976,78,0x0000000000000000,85.8
1790561001,2026/09/28 02:03:21.511,67.83,1976,77,0x0000000000000000,86.3
1790561011,2026/09/28 02:03:31.576,68.14,1976,78,0x0000000000000000,86.2
1790561021,2026/09/28 02:03:41.635,68.25,1976,78,0x0000000000000000,86.3
1790561031,2026/09/28 02:03:51.690,68.41,1976,77,0x0000000000000000,86.2
1790561041,2026/09/28 02:04:01.744,67.12,1976,78,0x0000000000000000,86.0
1790561051,2026/09/28 02:04:11.801,65.89,1976,78,0x0000000000000000,85.8
1790561061,2026/09/28 02:04:21.857,67.89,1976,77,0x0000000000000000,85.8
1790561071,2026/09/28 02:04:31.915,67.41,1976,78,0x0000000000000000,85.9
1790561081,2026/09/28 02:04:41.969,68.38,1976,78,0x0000000000000000,86.4
1790561092,2026/09/28 02:04:52.027,65.94,1976,78,0x0000000000000000,85.9
1790561102,2026/09/28 02:05:02.081,67.63,1976,78,0x0000000000000000,86.0
1790561112,2026/09/28 02:05:12.137,70.04,1976,79,0x0000000000000000,86.3
1790561122,2026/09/28 02:05:22.192,65.32,1976,78,0x0000000000000000,86.1
1790561132,2026/09/28 02:05:32.247,68.08,1976,78,0x0000000000000000,87.1
1790561142,2026/09/28 02:05:42.306,69.41,1976,79,0x0000000000000000,86.0
1790561152,2026/09/28 02:05:52.354,66.18,1976,78,0x0000000000000000,86.0
1790561162,2026/09/28 02:06:02.407,65.28,1976,77,0x0000000000000000,85.4
1790561172,2026/09/28 02:06:12.463,70.22,1976,79,0x0000000000000000,86.1
1790561182,2026/09/28 02:06:22.515,65.68,1976,78,0x0000000000000000,85.7
1790561192,2026/09/28 02:06:32.569,67.48,1976,78,0x0000000000000000,86.0
1790561202,2026/09/28 02:06:42.630,68.25,1976,77,0x0000000000000000,86.3
1790561212,2026/09/28 02:06:52.684,67.10,1976,78,0x0000000000000000,86.0
1790561222,2026/09/28 02:07:02.742,67.71,1976,78,0x0000000000000000,86.5
1790561232,2026/09/28 02:07:12.802,68.68,1976,78,0x0000000000000000,86.3
1790561242,2026/09/28 02:07:22.860,66.74,1976,78,0x0000000000000000,85.8
1790561252,2026/09/28 02:07:32.916,67.55,1976,78,0x0000000000000000,87.0
1790561262,2026/09/28 02:07:42.970,68.30,1976,77,0x0000000000000000,86.0
1790561273,2026/09/28 02:07:53.028,65.50,1976,78,0x0000000000000000,85.5
1790561283,2026/09/28 02:08:03.084,70.03,1976,79,0x0000000000000000,86.7
1790561293,2026/09/28 02:08:13.138,65.43,1976,78,0x0000000000000000,86.0
1790561303,2026/09/28 02:08:23.197,67.66,1976,78,0x0000000000000000,86.0
1790561313,2026/09/28 02:08:33.252,69.92,1976,79,0x0000000000000000,86.5
1790561323,2026/09/28 02:08:43.309,58.66,1976,78,0x0000000000000000,85.0
1790561333,2026/09/28 02:08:53.362,67.93,1976,78,0x0000000000000000,86.0
1790561343,2026/09/28 02:09:03.416,69.84,1976,78,0x0000000000000000,86.4
1790561353,2026/09/28 02:09:13.470,65.36,1976,78,0x0000000000000000,84.2
1790561363,2026/09/28 02:09:23.525,67.67,1976,78,0x0000000000000000,85.5
1790561373,2026/09/28 02:09:33.583,68.73,1976,77,0x0000000000000000,86.1
1790561383,2026/09/28 02:09:43.641,64.68,1976,78,0x0000000000000000,85.5
1790561393,2026/09/28 02:09:53.698,68.20,1976,78,0x0000000000000000,86.5
1790561403,2026/09/28 02:10:03.751,68.03,1976,77,0x0000000000000000,85.9
1790561413,2026/09/28 02:10:13.809,67.76,1976,78,0x0000000000000000,85.9
1790561423,2026/09/28 02:10:23.863,67.79,1976,79,0x0000000000000000,86.0
1790561433,2026/09/28 02:10:33.919,68.53,1976,77,0x0000000000000000,86.3
1790561443,2026/09/28 02:10:43.976,68.07,1976,78,0x0000000000000000,87.0
1790561454,2026/09/28 02:10:54.033,68.13,1976,78,0x0000000000000000,86.6
1790561464,2026/09/28 02:11:04.095,68.34,1976,78,0x0000000000000000,86.1
1790561474,2026/09/28 02:11:14.151,68.19,1976,78,0x0000000000000000,86.1
1790561484,2026/09/28 02:11:24.208,70.07,1976,78,0x0000000000000000,86.7
1790561494,2026/09/28 02:11:34.270,65.36,1976,78,0x0000000000000000,85.9
1790561504,2026/09/28 02:11:44.326,68.38,1976,78,0x0000000000000000,86.3
1790561514,2026/09/28 02:11:54.376,69.93,1976,78,0x0000000000000000,86.6
1790561524,2026/09/28 02:12:04.430,64.78,1976,74,0x0000000000000000,84.0
1790561534,2026/09/28 02:12:14.483,68.30,1976,78,0x0000000000000000,86.4
1790561544,2026/09/28 02:12:24.535,70.00,1976,78,0x0000000000000000,86.3
1790561554,2026/09/28 02:12:34.590,67.49,1976,78,0x0000000000000000,85.9
1790561564,2026/09/28 02:12:44.642,67.21,1976,78,0x0000000000000000,86.1
1790561574,2026/09/28 02:12:54.693,70.06,1976,78,0x0000000000000000,86.4
1790561584,2026/09/28 02:13:04.744,67.05,1976,78,0x0000000000000000,86.0
1790561594,2026/09/28 02:13:14.799,67.94,1976,79,0x0000000000000000,86.2
1790561604,2026/09/28 02:13:24.854,67.56,1976,78,0x0000000000000000,86.3
1790561614,2026/09/28 02:13:34.910,67.90,1976,78,0x0000000000000000,86.0
1790561624,2026/09/28 02:13:44.964,67.40,1976,78,0x0000000000000000,86.6
1790561635,2026/09/28 02:13:55.015,68.33,1976,77,0x0000000000000000,86.2
1790561645,2026/09/28 02:14:05.073,68.08,1976,78,0x0000000000000000,86.4
1790561655,2026/09/28 02:14:15.129,70.02,1976,79,0x0000000000000000,86.6
1790561665,2026/09/28 02:14:25.184,65.58,1976,78,0x0000000000000000,85.7
1790561675,2026/09/28 02:14:35.242,67.18,1976,78,0x0000000000000000,85.5
1790561685,2026/09/28 02:14:45.300,66.38,1976,77,0x0000000000000000,86.0
1790561695,2026/09/28 02:14:55.354,65.66,1976,78,0x0000000000000000,86.2
1790561705,2026/09/28 02:15:05.411,67.69,1976,78,0x0000000000000000,86.3
1790561715,2026/09/28 02:15:15.466,69.93,1976,79,0x0000000000000000,86.4
1790561725,2026/09/28 02:15:25.521,66.68,1976,78,0x0000000000000000,86.1
1790561735,2026/09/28 02:15:35.571,68.25,1976,78,0x0000000000000000,86.2
1790561745,2026/09/28 02:15:45.621,67.15,1976,76,0x0000000000000000,85.8
1790561755,2026/09/28 02:15:55.675,65.39,1976,78,0x0000000000000000,85.9
1790561765,2026/09/28 02:16:05.729,67.50,1976,78,0x0000000000000000,86.2
1790561775,2026/09/28 02:16:15.788,68.36,1976,77,0x0000000000000000,86.0
1790561785,2026/09/28 02:16:25.844,64.92,1976,78,0x0000000000000000,85.9
1790561795,2026/09/28 02:16:35.900,66.75,1976,78,0x0000000000000000,86.1
1790561805,2026/09/28 02:16:45.954,67.34,1976,77,0x0000000000000000,85.6
1790561816,2026/09/28 02:16:56.006,67.41,1976,78,0x0000000000000000,85.8
1790561826,2026/09/28 02:17:06.059,67.42,1976,78,0x0000000000000000,86.5
1790561836,2026/09/28 02:17:16.116,67.78,1976,77,0x0000000000000000,86.0
1790561846,2026/09/28 02:17:26.173,68.10,1976,78,0x0000000000000000,86.3
1790561856,2026/09/28 02:17:36.237,66.41,1976,77,0x0000000000000000,85.9
1790561866,2026/09/28 02:17:46.291,65.69,1976,77,0x0000000000000000,85.5
1790561876,2026/09/28 02:17:56.345,68.22,1976,78,0x0000000000000000,86.2
1790561886,2026/09/28 02:18:06.399,69.87,1976,79,0x0000000000000000,86.6
1790561896,2026/09/28 02:18:16.461,65.26,1976,78,0x0000000000000000,86.0
1790561906,2026/09/28 02:18:26.526,67.72,1976,79,0x0000000000000000,86.2
1790561916,2026/09/28 02:18:36.580,68.53,1976,78,0x0000000000000000,86.6
1790561926,2026/09/28 02:18:46.639,65.29,1976,78,0x0000000000000000,86.2
1790561936,2026/09/28 02:18:56.694,68.34,1976,78,0x0000000000000000,86.0
1790561946,2026/09/28 02:19:06.748,69.24,1976,79,0x0000000000000000,86.2
1790561956,2026/09/28 02:19:16.810,67.64,1976,78,0x0000000000000000,86.2
1790561966,2026/09/28 02:19:26.876,68.56,1976,79,0x0000000000000000,86.2
1790561976,2026/09/28 02:19:36.929,67.36,1976,77,0x0000000000000000,85.4
1790561987,2026/09/28 02:19:46.986,68.20,1976,78,0x0000000000000000,86.7
1790561997,2026/09/28 02:19:57.042,64.01,1976,78,0x0000000000000000,86.3
1790562007,2026/09/28 02:20:07.098,67.81,1976,77,0x0000000000000000,85.8
1790562017,2026/09/28 02:20:17.159,65.26,1976,77,0x0000000000000000,85.7
1790562027,2026/09/28 02:20:27.213,67.45,1976,78,0x0000000000000000,86.1
1790562037,2026/09/28 02:20:37.264,65.60,1976,78,0x0000000000000000,86.0
1790562047,2026/09/28 02:20:47.317,66.77,1976,78,0x0000000000000000,86.4
1790562057,2026/09/28 02:20:57.370,70.10,1976,79,0x0000000000000000,87.1
1790562067,2026/09/28 02:21:07.427,61.36,1976,70,0x0000000000000000,85.1
1790562077,2026/09/28 02:21:17.483,66.43,1976,79,0x0000000000000000,86.3
1790562087,2026/09/28 02:21:27.540,68.13,1976,79,0x0000000000000000,86.2
1790562097,2026/09/28 02:21:37.595,65.95,1976,78,0x0000000000000000,86.3
1790562107,2026/09/28 02:21:47.648,68.38,1976,78,0x0000000000000000,86.5
1790562117,2026/09/28 02:21:57.709,67.22,1976,79,0x0000000000000000,86.4
1790562127,2026/09/28 02:22:07.759,68.29,1976,78,0x0000000000000000,86.3
1790562137,2026/09/28 02:22:17.816,65.53,1976,79,0x0000000000000000,86.2
1790562147,2026/09/28 02:22:27.864,67.51,1976,78,0x0000000000000000,86.2
1790562157,2026/09/28 02:22:37.924,65.68,1976,79,0x0000000000000000,85.9
1790562167,2026/09/28 02:22:47.983,68.87,1976,79,0x0000000000000000,86.4
1790562178,2026/09/28 02:22:58.040,67.22,1976,78,0x0000000000000000,86.1
1790562188,2026/09/28 02:23:08.097,64.07,1976,78,0x0000000000000000,86.1
1790562198,2026/09/28 02:23:18.155,67.94,1976,79,0x0000000000000000,86.1
1790562208,2026/09/28 02:23:28.213,68.21,1976,78,0x0000000000000000,86.0
1790562218,2026/09/28 02:23:38.268,67.21,1976,78,0x0000000000000000,86.0
1790562228,2026/09/28 02:23:48.326,68.25,1976,77,0x0000000000000000,86.2
1790562238,2026/09/28 02:23:58.377,68.48,1976,78,0x0000000000000000,86.0
1790562248,2026/09/28 02:24:08.435,58.77,1976,76,0x0000000000000000,84.8
1790562258,2026/09/28 02:24:18.493,68.04,1976,78,0x0000000000000000,86.3
1790562268,2026/09/28 02:24:28.548,68.25,1976,77,0x0000000000000000,86.2
1790562278,2026/09/28 02:24:38.604,67.82,1976,78,0x0000000000000000,86.2
1790562288,2026/09/28 02:24:48.655,68.24,1976,77,0x0000000000000000,86.3
1790562298,2026/09/28 02:24:58.708,67.78,1976,78,0x0000000000000000,86.2
1790562308,2026/09/28 02:25:08.761,68.24,1976,79,0x0000000000000000,86.4
1790562318,2026/09/28 02:25:18.812,69.57,1976,79,0x0000000000000000,86.8
1790562328,2026/09/28 02:25:28.863,68.26,1976,78,0x0000000000000000,85.9
1790562338,2026/09/28 02:25:38.922,66.68,1976,77,0x0000000000000000,85.4
1790562348,2026/09/28 02:25:48.979,68.79,1976,78,0x0000000000000000,86.3
1790562359,2026/09/28 02:25:59.035,68.49,1976,78,0x0000000000000000,86.6
1790562369,2026/09/28 02:26:09.091,70.83,1976,79,0x0000000000000000,86.8
1790562379,2026/09/28 02:26:19.151,68.58,1976,78,0x0000000000000000,86.1
1790562389,2026/09/28 02:26:29.207,67.05,1976,78,0x0000000000000000,86.2
1790562399,2026/09/28 02:26:39.262,66.86,1976,78,0x0000000000000000,86.1
1790562409,2026/09/28 02:26:49.319,68.03,1976,78,0x0000000000000000,85.9
1790562419,2026/09/28 02:26:59.370,68.81,1976,79,0x0000000000000000,86.6
1790562429,2026/09/28 02:27:09.423,66.80,1976,78,0x0000000000000000,86.1
1790562439,2026/09/28 02:27:19.476,57.76,1976,78,0x0000000000000000,84.6
1790562449,2026/09/28 02:27:29.533,69.14,1976,79,0x0000000000000000,86.7
1790562459,2026/09/28 02:27:39.592,66.84,1976,78,0x0000000000000000,86.3
1790562469,2026/09/28 02:27:49.647,67.82,1976,78,0x0000000000000000,86.3
1790562479,2026/09/28 02:27:59.700,69.31,1976,79,0x0000000000000000,86.1
1790562489,2026/09/28 02:28:09.754,68.21,1976,78,0x0000000000000000,86.3
1790562499,2026/09/28 02:28:19.806,67.89,1976,78,0x0000000000000000,86.1
1790562509,2026/09/28 02:28:29.862,67.88,1976,78,0x0000000000000000,86.1
1790562519,2026/09/28 02:28:39.914,68.43,1976,78,0x0000000000000000,86.0
1790562529,2026/09/28 02:28:49.974,68.65,1976,78,0x0000000000000000,86.2
1790562540,2026/09/28 02:29:00.027,68.49,1976,78,0x0000000000000000,86.4
1790562550,2026/09/28 02:29:10.082,68.30,1976,77,0x0000000000000000,86.1
1790562560,2026/09/28 02:29:20.137,67.83,1976,78,0x0000000000000000,86.5
1790562570,2026/09/28 02:29:30.192,60.20,1976,69,0x0000000000000000,85.0
1790562580,2026/09/28 02:29:40.251,67.78,1976,78,0x0000000000000000,86.0
1790562590,2026/09/28 02:29:50.308,68.98,1976,79,0x0000000000000000,85.7
1790562600,2026/09/28 02:30:00.366,67.01,1976,77,0x0000000000000000,85.4
1790562610,2026/09/28 02:30:10.423,68.14,1976,78,0x0000000000000000,86.2
1790562620,2026/09/28 02:30:20.479,69.38,1976,79,0x0000000000000000,86.5
1790562630,2026/09/28 02:30:30.537,66.11,1976,78,0x0000000000000000,86.1
1790562640,2026/09/28 02:30:40.593,68.13,1976,78,0x0000000000000000,86.2
1790562650,2026/09/28 02:30:50.649,69.11,1976,79,0x0000000000000000,86.7
1790562660,2026/09/28 02:31:00.702,66.32,1976,78,0x0000000000000000,86.2
1790562670,2026/09/28 02:31:10.756,68.16,1976,79,0x0000000000000000,85.6
1790562680,2026/09/28 02:31:20.818,67.91,1976,78,0x0000000000000000,85.9
1790562690,2026/09/28 02:31:30.873,67.35,1976,79,0x0000000000000000,86.3
1790562700,2026/09/28 02:31:40.935,67.19,1976,78,0x0000000000000000,85.6
1790562711,2026/09/28 02:31:50.991,68.09,1976,78,0x0000000000000000,86.1
1790562721,2026/09/28 02:32:01.047,67.45,1976,78,0x0000000000000000,86.2
1790562731,2026/09/28 02:32:11.101,59.89,1976,78,0x0000000000000000,85.9
1790562741,2026/09/28 02:32:21.151,67.18,1976,77,0x0000000000000000,85.8
1790562751,2026/09/28 02:32:31.209,68.30,1976,78,0x0000000000000000,86.3
1790562761,2026/09/28 02:32:41.267,68.41,1976,78,0x0000000000000000,86.6
1790562771,2026/09/28 02:32:51.322,66.65,1976,78,0x0000000000000000,86.1
1790562781,2026/09/28 02:33:01.377,67.43,1976,78,0x0000000000000000,85.9
1790562791,2026/09/28 02:33:11.430,68.81,1976,79,0x0000000000000000,86.2
1790562801,2026/09/28 02:33:21.488,66.10,1976,76,0x0000000000000000,85.6
1790562811,2026/09/28 02:33:31.546,68.45,1976,78,0x0000000000000000,86.5
1790562821,2026/09/28 02:33:41.600,67.15,1976,79,0x0000000000000000,85.5
1790562831,2026/09/28 02:33:51.649,66.71,1976,77,0x0000000000000000,85.8
1790562841,2026/09/28 02:34:01.704,68.29,1976,78,0x0000000000000000,86.1
1790562851,2026/09/28 02:34:11.760,68.08,1976,79,0x0000000000000000,86.0
1790562861,2026/09/28 02:34:21.817,64.16,1976,78,0x0000000000000000,86.0
1790562871,2026/09/28 02:34:31.880,68.15,1976,78,0x0000000000000000,86.3
1790562881,2026/09/28 02:34:41.938,66.89,1976,77,0x0000000000000000,85.4
1790562892,2026/09/28 02:34:51.998,67.50,1976,78,0x0000000000000000,86.0
1790562902,2026/09/28 02:35:02.050,68.28,1976,78,0x0000000000000000,86.3
1790562912,2026/09/28 02:35:12.106,67.76,1976,78,0x0000000000000000,86.2
1790562922,2026/09/28 02:35:22.160,64.22,1976,78,0x0000000000000000,86.1
1790562932,2026/09/28 02:35:32.213,68.68,1976,78,0x0000000000000000,86.3
1790562942,2026/09/28 02:35:42.270,68.02,1976,78,0x0000000000000000,86.1
1790562952,2026/09/28 02:35:52.330,67.14,1976,78,0x0000000000000000,85.9
1790562962,2026/09/28 02:36:02.389,69.40,1976,78,0x0000000000000000,86.6
1790562972,2026/09/28 02:36:12.448,63.76,1976,78,0x0000000000000000,85.6
1790562982,2026/09/28 02:36:22.502,67.72,1976,77,0x0000000000000000,86.2
1790562992,2026/09/28 02:36:32.557,69.05,1976,79,0x0000000000000000,86.1
1790563002,2026/09/28 02:36:42.606,66.58,1976,78,0x0000000000000000,85.9
1790563012,2026/09/28 02:36:52.660,68.22,1976,78,0x0000000000000000,86.1
1790563022,2026/09/28 02:37:02.714,66.72,1976,78,0x0000000000000000,86.4
1790563032,2026/09/28 02:37:12.770,66.12,1976,78,0x0000000000000000,85.8
1790563042,2026/09/28 02:37:22.823,68.41,1976,78,0x0000000000000000,86.4
1790563052,2026/09/28 02:37:32.880,68.13,1976,78,0x0000000000000000,86.4
1790563062,2026/09/28 02:37:42.940,67.54,1976,78,0x0000000000000000,86.2
1790563073,2026/09/28 02:37:52.998,68.02,1976,78,0x0000000000000000,86.4
1790563083,2026/09/28 02:38:03.049,70.94,1976,79,0x0000000000000000,86.7
1790563093,2026/09/28 02:38:13.103,67.05,1976,78,0x0000000000000000,86.0
1790563103,2026/09/28 02:38:23.155,68.01,1976,78,0x0000000000000000,86.2
1790563113,2026/09/28 02:38:33.210,68.49,1976,79,0x0000000000000000,86.5
1790563123,2026/09/28 02:38:43.269,66.80,1976,78,0x0000000000000000,85.8
1790563133,2026/09/28 02:38:53.323,68.20,1976,78,0x0000000000000000,86.7
1790563143,2026/09/28 02:39:03.374,66.80,1976,78,0x0000000000000000,85.9
1790563153,2026/09/28 02:39:13.426,68.26,1976,78,0x0000000000000000,86.3
1790563163,2026/09/28 02:39:23.480,69.83,1976,79,0x0000000000000000,86.8
1790563173,2026/09/28 02:39:33.529,66.60,1976,78,0x0000000000000000,86.2
1790563183,2026/09/28 02:39:43.586,68.33,1976,78,0x0000000000000000,86.0
1790563193,2026/09/28 02:39:53.641,69.82,1976,79,0x0000000000000000,86.4
1790563203,2026/09/28 02:40:03.697,63.85,1976,77,0x0000000000000000,85.5
1790563213,2026/09/28 02:40:13.755,68.21,1976,78,0x0000000000000000,86.5
1790563223,2026/09/28 02:40:23.811,69.80,1976,79,0x0000000000000000,86.4
1790563233,2026/09/28 02:40:33.868,67.41,1976,78,0x0000000000000000,86.0
1790563243,2026/09/28 02:40:43.922,64.41,1976,78,0x0000000000000000,85.3
1790563253,2026/09/28 02:40:53.981,67.58,1976,78,0x0000000000000000,86.0
1790563264,2026/09/28 02:41:04.037,62.13,1976,77,0x0000000000000000,84.9
1790563274,2026/09/28 02:41:14.096,67.92,1976,78,0x0000000000000000,86.3
1790563284,2026/09/28 02:41:24.149,67.52,1976,77,0x0000000000000000,86.0
1790563294,2026/09/28 02:41:34.202,68.09,1976,78,0x0000000000000000,86.4
1790563304,2026/09/28 02:41:44.257,68.08,1976,78,0x0000000000000000,87.1
1790563314,2026/09/28 02:41:54.313,60.51,1976,70,0x0000000000000000,84.5
1790563324,2026/09/28 02:42:04.382,67.57,1976,78,0x0000000000000000,86.0
1790563334,2026/09/28 02:42:14.438,69.65,1976,79,0x0000000000000000,86.7
1790563344,2026/09/28 02:42:24.497,66.24,1976,78,0x0000000000000000,86.4
1790563354,2026/09/28 02:42:34.557,68.12,1976,79,0x0000000000000000,86.4
1790563364,2026/09/28 02:42:44.614,69.14,1976,79,0x0000000000000000,86.2
1790563374,2026/09/28 02:42:54.673,65.86,1976,78,0x0000000000000000,86.0
1790563384,2026/09/28 02:43:04.728,64.93,1976,77,0x0000000000000000,85.7
1790563394,2026/09/28 02:43:14.785,69.70,1976,79,0x0000000000000000,86.1
1790563404,2026/09/28 02:43:24.841,65.33,1976,78,0x0000000000000000,86.0
1790563414,2026/09/28 02:43:34.895,68.24,1976,78,0x0000000000000000,87.7
1790563424,2026/09/28 02:43:44.946,67.66,1976,77,0x0000000000000000,86.2
1790563435,2026/09/28 02:43:55.000,67.40,1976,78,0x0000000000000000,86.3
1790563445,2026/09/28 02:44:05.055,68.34,1976,79,0x0000000000000000,86.3
1790563455,2026/09/28 02:44:15.113,69.62,1976,78,0x0000000000000000,86.3
1790563465,2026/09/28 02:44:25.170,66.25,1976,78,0x0000000000000000,86.5
1790563475,2026/09/28 02:44:35.223,67.82,1976,76,0x0000000000000000,86.5
1790563485,2026/09/28 02:44:45.278,68.07,1976,77,0x0000000000000000,86.4
1790563495,2026/09/28 02:44:55.336,67.70,1976,78,0x0000000000000000,86.4
1790563505,2026/09/28 02:45:05.394,68.83,1976,79,0x0000000000000000,86.8
1790563515,2026/09/28 02:45:15.452,65.36,1976,77,0x0000000000000000,85.6
1790563525,2026/09/28 02:45:25.508,67.44,1976,78,0x0000000000000000,86.2
1790563535,2026/09/28 02:45:35.561,69.13,1976,79,0x0000000000000000,86.8
1790563545,2026/09/28 02:45:45.613,65.93,1976,78,0x0000000000000000,86.1
1790563555,2026/09/28 02:45:55.667,67.40,1976,78,0x0000000000000000,85.9
1790563565,2026/09/28 02:46:05.722,67.11,1976,78,0x0000000000000000,86.2
1790563575,2026/09/28 02:46:15.774,69.37,1976,78,0x0000000000000000,86.5
1790563585,2026/09/28 02:46:25.827,67.68,1976,78,0x0000000000000000,86.3
1790563595,2026/09/28 02:46:35.884,69.08,1976,79,0x0000000000000000,86.4
1790563605,2026/09/28 02:46:45.942,67.66,1976,78,0x0000000000000000,86.3
1790563616,2026/09/28 02:46:55.998,66.99,1976,78,0x0000000000000000,85.6
1790563626,2026/09/28 02:47:06.053,68.38,1976,77,0x0000000000000000,86.1
1790563636,2026/09/28 02:47:16.107,64.75,1976,78,0x0000000000000000,86.0
1790563646,2026/09/28 02:47:26.162,68.25,1976,78,0x0000000000000000,86.5
1790563656,2026/09/28 02:47:36.218,68.17,1976,79,0x0000000000000000,86.1
1790563666,2026/09/28 02:47:46.282,67.99,1976,78,0x0000000000000000,85.7
1790563676,2026/09/28 02:47:56.341,68.29,1976,78,0x0000000000000000,87.6
1790563686,2026/09/28 02:48:06.402,61.62,1976,79,0x0000000000000000,85.3
1790563696,2026/09/28 02:48:16.454,67.89,1976,78,0x0000000000000000,86.4
1790563706,2026/09/28 02:48:26.513,66.35,1976,78,0x0000000000000000,86.3
1790563716,2026/09/28 02:48:36.568,65.50,1976,78,0x0000000000000000,86.2
1790563726,2026/09/28 02:48:46.622,67.81,1976,78,0x0000000000000000,86.2
1790563736,2026/09/28 02:48:56.676,69.84,1976,79,0x0000000000000000,86.9
1790563746,2026/09/28 02:49:06.728,65.72,1976,78,0x0000000000000000,86.2
1790563756,2026/09/28 02:49:16.783,67.55,1976,78,0x0000000000000000,86.5
1790563766,2026/09/28 02:49:26.838,67.97,1976,78,0x0000000000000000,85.8
1790563776,2026/09/28 02:49:36.897,65.65,1976,78,0x0000000000000000,86.2
1790563786,2026/09/28 02:49:46.950,67.54,1976,78,0x0000000000000000,86.3
1790563797,2026/09/28 02:49:57.002,67.38,1976,78,0x0000000000000000,86.4
1790563807,2026/09/28 02:50:07.067,67.18,1976,78,0x0000000000000000,86.1
1790563817,2026/09/28 02:50:17.128,67.92,1976,78,0x0000000000000000,86.4
1790563827,2026/09/28 02:50:27.184,67.99,1976,77,0x0000000000000000,86.2
1790563837,2026/09/28 02:50:37.246,67.79,1976,78,0x0000000000000000,85.9
1790563847,2026/09/28 02:50:47.299,67.59,1976,78,0x0000000000000000,86.6
1790563857,2026/09/28 02:50:57.350,68.56,1976,77,0x0000000000000000,86.0
1790563867,2026/09/28 02:51:07.403,67.64,1976,78,0x0000000000000000,86.2
1790563877,2026/09/28 02:51:17.460,66.02,1976,77,0x0000000000000000,85.9
1790563887,2026/09/28 02:51:27.518,65.62,1976,78,0x0000000000000000,86.1
1790563897,2026/09/28 02:51:37.574,67.91,1976,78,0x0000000000000000,86.3
1790563907,2026/09/28 02:51:47.629,68.54,1976,78,0x0000000000000000,86.3
1790563917,2026/09/28 02:51:57.677,66.07,1976,78,0x0000000000000000,86.5
1790563927,2026/09/28 02:52:07.735,68.15,1976,78,0x0000000000000000,86.3
1790563937,2026/09/28 02:52:17.790,69.94,1976,79,0x0000000000000000,86.9
1790563947,2026/09/28 02:52:27.846,63.69,1976,78,0x0000000000000000,86.0
1790563957,2026/09/28 02:52:37.900,67.68,1976,78,0x0000000000000000,86.6
1790563967,2026/09/28 02:52:47.959,68.80,1976,79,0x0000000000000000,86.4
1790563978,2026/09/28 02:52:58.010,67.14,1976,79,0x0000000000000000,86.4
1790563988,2026/09/28 02:53:08.063,68.04,1976,78,0x0000000000000000,86.2
1790563998,2026/09/28 02:53:18.113,68.87,1976,77,0x0000000000000000,86.5
1790564008,2026/09/28 02:53:28.164,67.86,1976,78,0x0000000000000000,86.5
1790564018,2026/09/28 02:53:38.222,66.96,1976,78,0x0000000000000000,86.4
1790564028,2026/09/28 02:53:48.274,67.52,1976,78,0x0000000000000000,86.5
1790564038,2026/09/28 02:53:58.330,67.93,1976,78,0x0000000000000000,86.5
1790564048,2026/09/28 02:54:08.385,67.47,1976,78,0x0000000000000000,86.8
1790564058,2026/09/28 02:54:18.447,65.58,1976,78,0x0000000000000000,86.0
1790564068,2026/09/28 02:54:28.503,67.28,1976,78,0x0000000000000000,86.4
1790564078,2026/09/28 02:54:38.560,67.37,1976,78,0x0000000000000000,86.4
1790564088,2026/09/28 02:54:48.619,65.99,1976,78,0x0000000000000000,86.2
1790564098,2026/09/28 02:54:58.671,67.76,1976,78,0x0000000000000000,86.5
1790564108,2026/09/28 02:55:08.723,67.65,1976,79,0x0000000000000000,86.6
1790564118,2026/09/28 02:55:18.778,66.22,1976,78,0x0000000000000000,86.2
1790564128,2026/09/28 02:55:28.835,67.48,1976,78,0x0000000000000000,86.3
1790564138,2026/09/28 02:55:38.893,68.29,1976,78,0x0000000000000000,86.7
1790564148,2026/09/28 02:55:48.956,68.39,1976,79,0x0000000000000000,86.4
1790564159,2026/09/28 02:55:59.011,65.65,1976,78,0x0000000000000000,86.3
1790564169,2026/09/28 02:56:09.072,67.96,1976,78,0x0000000000000000,86.6
1790564179,2026/09/28 02:56:19.131,69.46,1976,78,0x0000000000000000,86.9
1790564189,2026/09/28 02:56:29.186,69.11,1976,78,0x0000000000000000,86.7
1790564199,2026/09/28 02:56:39.240,67.26,1976,78,0x0000000000000000,86.5
1790564209,2026/09/28 02:56:49.300,69.97,1976,79,0x0000000000000000,86.8
1790564219,2026/09/28 02:56:59.356,67.47,1976,78,0x0000000000000000,86.2
1790564229,2026/09/28 02:57:09.412,67.75,1976,79,0x0000000000000000,86.3
1790564239,2026/09/28 02:57:19.466,66.96,1976,77,0x0000000000000000,86.4
1790564249,2026/09/28 02:57:29.521,69.10,1976,79,0x0000000000000000,85.9
1790564259,2026/09/28 02:57:39.577,67.89,1976,79,0x0000000000000000,86.6
1790564269,2026/09/28 02:57:49.637,67.85,1976,77,0x0000000000000000,86.4
1790564279,2026/09/28 02:57:59.695,68.43,1976,78,0x0000000000000000,86.7
1790564289,2026/09/28 02:58:09.755,67.99,1976,79,0x0000000000000000,86.7
1790564299,2026/09/28 02:58:19.810,68.02,1976,77,0x0000000000000000,86.5
1790564309,2026/09/28 02:58:29.866,60.44,1976,78,0x0000000000000000,85.8
1790564319,2026/09/28 02:58:39.919,67.94,1976,78,0x0000000000000000,86.7
1790564329,2026/09/28 02:58:49.972,70.31,1976,78,0x0000000000000000,87.0
1790564340,2026/09/28 02:59:00.028,68.05,1976,78,0x0000000000000000,86.8
1790564350,2026/09/28 02:59:10.084,70.12,1976,79,0x0000000000000000,87.1
1790564360,2026/09/28 02:59:20.142,66.87,1976,78,0x0000000000000000,86.6
1790564370,2026/09/28 02:59:30.198,68.11,1976,78,0x0000000000000000,86.5
1790564380,2026/09/28 02:59:40.251,67.12,1976,77,0x0000000000000000,86.4
1790564390,2026/09/28 02:59:50.307,64.80,1976,78,0x0000000000000000,86.4
1790564400,2026/09/28 03:00:00.363,68.13,1976,78,0x0000000000000000,86.9
1790564410,2026/09/28 03:00:10.415,66.21,1976,77,0x0000000000000000,86.6
1790564420,2026/09/28 03:00:20.469,64.55,1976,78,0x0000000000000000,86.2
1790564430,2026/09/28 03:00:30.525,68.35,1976,78,0x0000000000000000,86.7
1790564440,2026/09/28 03:00:40.575,68.36,1976,78,0x0000000000000000,86.6
1790564450,2026/09/28 03:00:50.628,67.74,1976,78,0x0000000000000000,86.3
1790564460,2026/09/28 03:01:00.683,66.03,1976,79,0x0000000000000000,86.6
1790564470,2026/09/28 03:01:10.736,70.60,1976,78,0x0000000000000000,87.0
1790564480,2026/09/28 03:01:20.789,67.94,1976,78,0x0000000000000000,86.5
1790564490,2026/09/28 03:01:30.842,68.43,1976,79,0x0000000000000000,86.8
1790564500,2026/09/28 03:01:40.896,67.88,1976,78,0x0000000000000000,86.3
1790564510,2026/09/28 03:01:50.952,67.98,1976,78,0x0000000000000000,86.5
1790564521,2026/09/28 03:02:01.002,68.58,1976,79,0x0000000000000000,86.3
1790564531,2026/09/28 03:02:11.061,66.69,1976,78,0x0000000000000000,85.1
1790564541,2026/09/28 03:02:21.117,67.36,1976,78,0x0000000000000000,86.2
1790564551,2026/09/28 03:02:31.174,66.84,1976,78,0x0000000000000000,86.3
1790564561,2026/09/28 03:02:41.227,68.43,1976,78,0x0000000000000000,86.6
1790564571,2026/09/28 03:02:51.284,68.11,1976,78,0x0000000000000000,86.8
1790564581,2026/09/28 03:03:01.343,68.43,1976,79,0x0000000000000000,86.5
1790564591,2026/09/28 03:03:11.397,68.31,1976,78,0x0000000000000000,86.5
1790564601,2026/09/28 03:03:21.453,66.86,1976,78,0x0000000000000000,86.1
1790564611,2026/09/28 03:03:31.508,70.64,1976,79,0x0000000000000000,86.4
1790564621,2026/09/28 03:03:41.570,68.83,1976,78,0x0000000000000000,86.0
1790564631,2026/09/28 03:03:51.626,69.02,1976,79,0x0000000000000000,87.1
1790564641,2026/09/28 03:04:01.684,66.86,1976,78,0x0000000000000000,86.5
1790564651,2026/09/28 03:04:11.740,67.08,1976,78,0x0000000000000000,86.6
1790564661,2026/09/28 03:04:21.794,68.78,1976,79,0x0000000000000000,86.8
1790564671,2026/09/28 03:04:31.846,67.32,1976,78,0x0000000000000000,86.4
1790564681,2026/09/28 03:04:41.905,67.57,1976,78,0x0000000000000000,86.1
1790564691,2026/09/28 03:04:51.961,68.86,1976,79,0x0000000000000000,86.5
1790564702,2026/09/28 03:05:02.023,66.76,1976,78,0x0000000000000000,86.5
1790564712,2026/09/28 03:05:12.079,67.64,1976,78,0x0000000000000000,86.3
1790564722,2026/09/28 03:05:22.136,67.39,1976,77,0x0000000000000000,86.4
1790564732,2026/09/28 03:05:32.191,65.03,1976,78,0x0000000000000000,86.6
1790564742,2026/09/28 03:05:42.250,68.42,1976,78,0x0000000000000000,86.9
1790564752,2026/09/28 03:05:52.304,61.32,1976,79,0x0000000000000000,86.2
1790564762,2026/09/28 03:06:02.362,68.74,1976,78,0x0000000000000000,86.3
1790564772,2026/09/28 03:06:12.417,67.49,1976,78,0x0000000000000000,86.9
1790564782,2026/09/28 03:06:22.474,67.63,1976,78,0x0000000000000000,86.5
1790564792,2026/09/28 03:06:32.531,65.93,1976,78,0x0000000000000000,86.5
1790564802,2026/09/28 03:06:42.594,67.84,1976,78,0x0000000000000000,87.0
1790564812,2026/09/28 03:06:52.654,67.12,1976,77,0x0000000000000000,86.3
1790564822,2026/09/28 03:07:02.710,67.96,1976,78,0x0000000000000000,86.8
1790564832,2026/09/28 03:07:12.768,68.84,1976,79,0x0000000000000000,86.7
1790564842,2026/09/28 03:07:22.824,65.98,1976,78,0x0000000000000000,86.3
1790564852,2026/09/28 03:07:32.877,67.57,1976,78,0x0000000000000000,86.7
1790564862,2026/09/28 03:07:42.930,68.73,1976,79,0x0000000000000000,86.6
1790564872,2026/09/28 03:07:52.981,66.07,1976,78,0x0000000000000000,86.6
1790564883,2026/09/28 03:08:03.035,67.92,1976,78,0x0000000000000000,86.9
1790564893,2026/09/28 03:08:13.093,68.81,1976,78,0x0000000000000000,87.1
1790564903,2026/09/28 03:08:23.150,68.37,1976,78,0x0000000000000000,86.4
1790564913,2026/09/28 03:08:33.204,67.25,1976,78,0x0000000000000000,86.5
1790564923,2026/09/28 03:08:43.259,70.54,1976,79,0x0000000000000000,87.3
1790564933,2026/09/28 03:08:53.314,67.89,1976,78,0x0000000000000000,86.9
1790564943,2026/09/28 03:09:03.370,67.30,1976,78,0x0000000000000000,86.8
1790564953,2026/09/28 03:09:13.427,68.35,1976,78,0x0000000000000000,87.0
1790564963,2026/09/28 03:09:23.482,66.84,1976,78,0x0000000000000000,86.5
1790564973,2026/09/28 03:09:33.539,60.70,1976,78,0x0000000000000000,86.2
1790564983,2026/09/28 03:09:43.594,71.03,1976,79,0x0000000000000000,86.7
1790564993,2026/09/28 03:09:53.654,67.71,1976,78,0x0000000000000000,85.4
1790565003,2026/09/28 03:10:03.716,69.12,1976,79,0x0000000000000000,87.0
1790565013,2026/09/28 03:10:13.772,67.31,1976,77,0x0000000000000000,86.4
1790565023,2026/09/28 03:10:23.828,67.28,1976,78,0x0000000000000000,86.5
1790565033,2026/09/28 03:10:33.880,68.88,1976,79,0x0000000000000000,86.6
1790565043,2026/09/28 03:10:43.934,67.68,1976,77,0x0000000000000000,86.4
1790565054,2026/09/28 03:10:53.990,68.31,1976,78,0x0000000000000000,86.6
1790565064,2026/09/28 03:11:04.045,69.18,1976,79,0x0000000000000000,86.7
1790565074,2026/09/28 03:11:14.100,67.34,1976,78,0x0000000000000000,86.8
1790565084,2026/09/28 03:11:24.153,64.24,1976,77,0x0000000000000000,85.7
1790565094,2026/09/28 03:11:34.208,67.40,1976,78,0x0000000000000000,86.7
1790565104,2026/09/28 03:11:44.258,68.42,1976,78,0x0000000000000000,86.5
1790565114,2026/09/28 03:11:54.313,67.39,1976,78,0x0000000000000000,86.8
1790565124,2026/09/28 03:12:04.368,67.00,1976,79,0x0000000000000000,86.7
1790565134,2026/09/28 03:12:14.427,68.46,1976,78,0x0000000000000000,86.6
1790565144,2026/09/28 03:12:24.484,66.84,1976,78,0x0000000000000000,86.4
1790565154,2026/09/28 03:12:34.540,67.60,1976,77,0x0000000000000000,86.6
1790565164,2026/09/28 03:12:44.597,65.41,1976,78,0x0000000000000000,86.5
1790565174,2026/09/28 03:12:54.651,68.07,1976,78,0x0000000000000000,86.9
1790565184,2026/09/28 03:13:04.706,67.52,1976,78,0x0000000000000000,86.7
1790565194,2026/09/28 03:13:14.764,68.14,1976,78,0x0000000000000000,86.9
1790565204,2026/09/28 03:13:24.821,68.83,1976,79,0x0000000000000000,86.9
1790565214,2026/09/28 03:13:34.879,66.08,1976,78,0x0000000000000000,86.4
1790565224,2026/09/28 03:13:44.935,68.07,1976,78,0x0000000000000000,86.8
1790565235,2026/09/28 03:13:54.988,69.05,1976,79,0x0000000000000000,86.9
1790565245,2026/09/28 03:14:05.045,66.16,1976,78,0x0000000000000000,86.8
1790565255,2026/09/28 03:14:15.101,67.75,1976,78,0x0000000000000000,87.0
1790565265,2026/09/28 03:14:25.155,68.94,1976,79,0x0000000000000000,86.4
1790565275,2026/09/28 03:14:35.213,68.12,1976,78,0x0000000000000000,86.9
1790565285,2026/09/28 03:14:45.271,67.78,1976,78,0x0000000000000000,86.6
1790565295,2026/09/28 03:14:55.329,67.18,1976,77,0x0000000000000000,86.6
1790565305,2026/09/28 03:15:05.386,67.79,1976,78,0x0000000000000000,86.7
1790565315,2026/09/28 03:15:15.441,68.01,1976,78,0x0000000000000000,86.8
1790565325,2026/09/28 03:15:25.494,66.58,1976,77,0x0000000000000000,86.7
1790565335,2026/09/28 03:15:35.552,67.95,1976,78,0x0000000000000000,86.7
1790565345,2026/09/28 03:15:45.608,68.06,1976,78,0x0000000000000000,87.0
1790565355,2026/09/28 03:15:55.666,67.04,1976,77,0x0000000000000000,86.7
1790565365,2026/09/28 03:16:05.721,67.74,1976,78,0x0000000000000000,86.7
1790565375,2026/09/28 03:16:15.774,69.31,1976,79,0x0000000000000000,87.1
1790565385,2026/09/28 03:16:25.828,66.74,1976,78,0x0000000000000000,86.5
1790565395,2026/09/28 03:16:35.891,67.40,1976,78,0x0000000000000000,86.7
1790565405,2026/09/28 03:16:45.951,69.36,1976,79,0x0000000000000000,86.9
1790565416,2026/09/28 03:16:56.005,63.14,1976,77,0x0000000000000000,85.7
1790565426,2026/09/28 03:17:06.060,67.74,1976,78,0x0000000000000000,86.7
1790565436,2026/09/28 03:17:16.113,69.09,1976,79,0x0000000000000000,86.3
1790565446,2026/09/28 03:17:26.171,66.27,1976,78,0x0000000000000000,86.4
1790565456,2026/09/28 03:17:36.226,67.94,1976,78,0x0000000000000000,86.8
1790565466,2026/09/28 03:17:46.278,67.46,1976,78,0x0000000000000000,86.7
1790565476,2026/09/28 03:17:56.334,64.80,1976,78,0x0000000000000000,86.5
1790565486,2026/09/28 03:18:06.397,67.26,1976,78,0x0000000000000000,86.3
1790565496,2026/09/28 03:18:16.452,67.76,1976,79,0x0000000000000000,86.7
1790565506,2026/09/28 03:18:26.509,67.82,1976,78,0x0000000000000000,86.9
1790565516,2026/09/28 03:18:36.566,67.43,1976,78,0x0000000000000000,87.0
1790565526,2026/09/28 03:18:46.617,67.38,1976,77,0x0000000000000000,86.8
1790565536,2026/09/28 03:18:56.670,64.86,1976,78,0x0000000000000000,86.6
1790565546,2026/09/28 03:19:06.724,68.19,1976,78,0x0000000000000000,87.1
1790565556,2026/09/28 03:19:16.780,66.21,1976,78,0x0000000000000000,86.4
1790565566,2026/09/28 03:19:26.837,67.14,1976,77,0x0000000000000000,86.8
1790565576,2026/09/28 03:19:36.893,69.18,1976,79,0x0000000000000000,87.0
1790565586,2026/09/28 03:19:46.949,65.67,1976,77,0x0000000000000000,86.6
1790565597,2026/09/28 03:19:57.004,67.50,1976,77,0x0000000000000000,86.4
1790565607,2026/09/28 03:20:07.060,69.42,1976,78,0x0000000000000000,87.3
1790565617,2026/09/28 03:20:17.115,66.38,1976,78,0x0000000000000000,86.9
1790565627,2026/09/28 03:20:27.168,68.00,1976,78,0x0000000000000000,86.7
1790565637,2026/09/28 03:20:37.222,66.73,1976,79,0x0000000000000000,87.1
1790565647,2026/09/28 03:20:47.279,63.18,1976,78,0x0000000000000000,86.6
1790565657,2026/09/28 03:20:57.337,66.12,1976,79,0x0000000000000000,86.9
1790565667,2026/09/28 03:21:07.392,68.18,1976,79,0x0000000000000000,87.5
1790565677,2026/09/28 03:21:17.448,64.77,1976,79,0x0000000000000000,87.1
1790565687,2026/09/28 03:21:27.503,64.54,1976,78,0x0000000000000000,86.8
1790565697,2026/09/28 03:21:37.557,67.34,1976,77,0x0000000000000000,86.3
1790565707,2026/09/28 03:21:47.615,66.58,1976,78,0x0000000000000000,86.4
1790565717,2026/09/28 03:21:57.669,65.63,1976,78,0x0000000000000000,86.8
1790565727,2026/09/28 03:22:07.721,67.66,1976,78,0x0000000000000000,86.9
1790565737,2026/09/28 03:22:17.776,67.65,1976,78,0x0000000000000000,86.5
1790565747,2026/09/28 03:22:27.830,69.80,1976,79,0x0000000000000000,87.1
1790565757,2026/09/28 03:22:37.882,66.28,1976,78,0x0000000000000000,87.0
1790565767,2026/09/28 03:22:47.936,68.15,1976,78,0x0000000000000000,86.7
1790565778,2026/09/28 03:22:57.988,69.84,1976,79,0x0000000000000000,87.1
1790565788,2026/09/28 03:23:08.043,65.92,1976,76,0x0000000000000000,86.0
1790565798,2026/09/28 03:23:18.100,67.62,1976,78,0x0000000000000000,86.4
1790565808,2026/09/28 03:23:28.156,69.47,1976,79,0x0000000000000000,86.8
1790565818,2026/09/28 03:23:38.209,66.43,1976,78,0x0000000000000000,86.8
1790565828,2026/09/28 03:23:48.263,67.39,1976,78,0x0000000000000000,86.8
1790565838,2026/09/28 03:23:58.317,69.37,1976,78,0x0000000000000000,86.9
1790565848,2026/09/28 03:24:08.376,67.45,1976,78,0x0000000000000000,87.2
1790565858,2026/09/28 03:24:18.433,67.73,1976,78,0x0000000000000000,86.9
1790565868,2026/09/28 03:24:28.488,68.71,1976,79,0x0000000000000000,86.6
1790565878,2026/09/28 03:24:38.545,67.61,1976,78,0x0000000000000000,86.4
1790565888,2026/09/28 03:24:48.605,67.40,1976,78,0x0000000000000000,86.8
1790565898,2026/09/28 03:24:58.658,68.90,1976,78,0x0000000000000000,86.9
1790565908,2026/09/28 03:25:08.712,67.70,1976,78,0x0000000000000000,87.0
1790565918,2026/09/28 03:25:18.771,66.96,1976,78,0x0000000000000000,87.2
1790565928,2026/09/28 03:25:28.828,68.62,1976,78,0x0000000000000000,87.4
1790565938,2026/09/28 03:25:38.879,67.22,1976,78,0x0000000000000000,85.4
1790565948,2026/09/28 03:25:48.934,68.35,1976,78,0x0000000000000000,88.0
1790565958,2026/09/28 03:25:58.987,65.42,1976,78,0x0000000000000000,86.6
1790565969,2026/09/28 03:26:09.040,69.02,1976,78,0x0000000000000000,87.2
1790565979,2026/09/28 03:26:19.092,65.49,1976,77,0x0000000000000000,86.2
1790565989,2026/09/28 03:26:29.147,67.76,1976,78,0x0000000000000000,86.8
1790565999,2026/09/28 03:26:39.202,69.96,1976,78,0x0000000000000000,87.3
1790566009,2026/09/28 03:26:49.254,68.64,1976,78,0x0000000000000000,87.5
1790566019,2026/09/28 03:26:59.310,66.94,1976,78,0x0000000000000000,86.6
1790566029,2026/09/28 03:27:09.363,68.20,1976,76,0x0000000000000000,87.0
1790566039,2026/09/28 03:27:19.417,67.39,1976,78,0x0000000000000000,87.0
1790566049,2026/09/28 03:27:29.472,68.12,1976,78,0x0000000000000000,87.3
1790566059,2026/09/28 03:27:39.528,68.00,1976,77,0x0000000000000000,86.6
1790566069,2026/09/28 03:27:49.583,67.61,1976,78,0x0000000000000000,87.0
1790566079,2026/09/28 03:27:59.638,66.17,1976,78,0x0000000000000000,86.9
1790566089,2026/09/28 03:28:09.691,70.43,1976,78,0x0000000000000000,87.6
1790566099,2026/09/28 03:28:19.743,67.70,1976,78,0x0000000000000000,87.2
1790566109,2026/09/28 03:28:29.798,67.62,1976,78,0x0000000000000000,87.5
1790566119,2026/09/28 03:28:39.854,65.96,1976,78,0x0000000000000000,86.8
1790566129,2026/09/28 03:28:49.908,68.43,1976,78,0x0000000000000000,87.1
1790566139,2026/09/28 03:28:59.962,66.81,1976,77,0x0000000000000000,86.9
1790566150,2026/09/28 03:29:10.020,68.86,1976,78,0x0000000000000000,87.1
1790566160,2026/09/28 03:29:20.076,68.12,1976,78,0x0000000000000000,87.0
1790566170,2026/09/28 03:29:30.131,69.85,1976,78,0x0000000000000000,87.5
1790566180,2026/09/28 03:29:40.184,68.47,1976,78,0x0000000000000000,87.1
1790566190,2026/09/28 03:29:50.250,68.29,1976,78,0x0000000000000000,86.8
1790566200,2026/09/28 03:30:00.310,68.16,1976,79,0x0000000000000000,86.2
1790566210,2026/09/28 03:30:10.379,68.21,1976,78,0x0000000000000000,87.4
1790566220,2026/09/28 03:30:20.444,64.16,1976,77,0x0000000000000000,85.5
1790566230,2026/09/28 03:30:30.508,68.11,1976,77,0x0000000000000000,86.9
1790566240,2026/09/28 03:30:40.563,64.37,1976,78,0x0000000000000000,86.6
1790566250,2026/09/28 03:30:50.629,68.50,1976,79,0x0000000000000000,87.2
1790566260,2026/09/28 03:31:00.693,67.61,1976,77,0x0000000000000000,86.9
1790566270,2026/09/28 03:31:10.747,68.29,1976,78,0x0000000000000000,87.5
1790566280,2026/09/28 03:31:20.806,65.91,1976,78,0x0000000000000000,87.1
1790566290,2026/09/28 03:31:30.872,67.32,1976,77,0x0000000000000000,86.8
1790566300,2026/09/28 03:31:40.927,67.56,1976,78,0x0000000000000000,87.3
1790566310,2026/09/28 03:31:50.986,70.24,1976,78,0x0000000000000000,87.7
1790566321,2026/09/28 03:32:01.036,66.14,1976,78,0x0000000000000000,86.8
1790566331,2026/09/28 03:32:11.091,67.73,1976,78,0x0000000000000000,86.8
1790566341,2026/09/28 03:32:21.152,68.24,1976,78,0x0000000000000000,87.4
1790566351,2026/09/28 03:32:31.208,65.15,1976,78,0x0000000000000000,86.6
1790566361,2026/09/28 03:32:41.265,68.48,1976,78,0x0000000000000000,87.3
1790566371,2026/09/28 03:32:51.319,69.66,1976,78,0x0000000000000000,87.2
1790566381,2026/09/28 03:33:01.376,65.12,1976,78,0x0000000000000000,87.1
1790566391,2026/09/28 03:33:11.430,67.87,1976,78,0x0000000000000000,86.9
1790566401,2026/09/28 03:33:21.484,70.68,1976,78,0x0000000000000000,87.8
1790566411,2026/09/28 03:33:31.540,68.16,1976,79,0x0000000000000000,87.3
1790566421,2026/09/28 03:33:41.592,64.69,1976,78,0x0000000000000000,87.0
1790566431,2026/09/28 03:33:51.644,66.92,1976,77,0x0000000000000000,86.8
1790566441,2026/09/28 03:34:01.698,67.52,1976,78,0x0000000000000000,86.9
1790566451,2026/09/28 03:34:11.752,68.31,1976,78,0x0000000000000000,87.7
1790566461,2026/09/28 03:34:21.808,70.57,1976,78,0x0000000000000000,86.8
1790566471,2026/09/28 03:34:31.868,67.90,1976,78,0x0000000000000000,87.4
1790566481,2026/09/28 03:34:41.924,67.31,1976,78,0x0000000000000000,86.7
1790566492,2026/09/28 03:34:51.986,65.78,1976,78,0x0000000000000000,86.9
1790566502,2026/09/28 03:35:02.045,68.04,1976,79,0x0000000000000000,87.0
1790566512,2026/09/28 03:35:12.102,70.28,1976,79,0x0000000000000000,87.5
1790566522,2026/09/28 03:35:22.157,65.92,1976,78,0x0000000000000000,87.3
1790566532,2026/09/28 03:35:32.212,67.73,1976,78,0x0000000000000000,86.4
1790566542,2026/09/28 03:35:42.268,70.27,1976,78,0x0000000000000000,87.6
1790566552,2026/09/28 03:35:52.324,65.58,1976,78,0x0000000000000000,87.1
1790566562,2026/09/28 03:36:02.378,68.71,1976,78,0x0000000000000000,87.2
1790566572,2026/09/28 03:36:12.434,66.86,1976,78,0x0000000000000000,87.2
1790566582,2026/09/28 03:36:22.489,67.35,1976,78,0x0000000000000000,86.9
1790566592,2026/09/28 03:36:32.545,68.15,1976,79,0x0000000000000000,87.4
1790566602,2026/09/28 03:36:42.599,70.24,1976,78,0x0000000000000000,87.4
1790566612,2026/09/28 03:36:52.655,67.23,1976,78,0x0000000000000000,85.8
1790566622,2026/09/28 03:37:02.711,68.52,1976,79,0x0000000000000000,87.5
1790566632,2026/09/28 03:37:12.766,67.41,1976,78,0x0000000000000000,87.3
1790566642,2026/09/28 03:37:22.822,68.01,1976,78,0x0000000000000000,87.4
1790566652,2026/09/28 03:37:32.888,68.39,1976,79,0x0000000000000000,87.4
1790566662,2026/09/28 03:37:42.945,69.08,1976,78,0x0000000000000000,87.7
1790566673,2026/09/28 03:37:52.999,65.28,1976,77,0x0000000000000000,86.9
1790566683,2026/09/28 03:38:03.056,67.31,1976,77,0x0000000000000000,87.0
1790566693,2026/09/28 03:38:13.110,64.82,1976,78,0x0000000000000000,86.3
1790566703,2026/09/28 03:38:23.165,68.36,1976,78,0x0000000000000000,86.9
1790566713,2026/09/28 03:38:33.217,68.83,1976,78,0x0000000000000000,86.7
1790566723,2026/09/28 03:38:43.274,69.32,1976,78,0x0000000000000000,87.5
1790566733,2026/09/28 03:38:53.329,68.47,1976,78,0x0000000000000000,87.4
1790566743,2026/09/28 03:39:03.382,68.72,1976,79,0x0000000000000000,87.3
1790566753,2026/09/28 03:39:13.436,69.28,1976,78,0x0000000000000000,87.1
1790566763,2026/09/28 03:39:23.487,68.71,1976,79,0x0000000000000000,87.2
1790566773,2026/09/28 03:39:33.542,67.40,1976,78,0x0000000000000000,87.1
1790566783,2026/09/28 03:39:43.598,67.90,1976,78,0x0000000000000000,87.0
1790566793,2026/09/28 03:39:53.655,67.92,1976,79,0x0000000000000000,86.8
1790566803,2026/09/28 03:40:03.713,67.55,1976,78,0x0000000000000000,87.2
1790566813,2026/09/28 03:40:13.765,67.86,1976,78,0x0000000000000000,87.4
1790566823,2026/09/28 03:40:23.819,64.40,1976,79,0x0000000000000000,86.7
1790566833,2026/09/28 03:40:33.881,67.15,1976,78,0x0000000000000000,87.3
1790566843,2026/09/28 03:40:43.932,67.95,1976,78,0x0000000000000000,87.3
1790566854,2026/09/28 03:40:53.990,66.52,1976,77,0x0000000000000000,86.9
1790566864,2026/09/28 03:41:04.048,68.82,1976,78,0x0000000000000000,87.4
1790566874,2026/09/28 03:41:14.101,66.56,1976,78,0x0000000000000000,86.5
1790566884,2026/09/28 03:41:24.156,70.32,1976,78,0x0000000000000000,87.8
1790566894,2026/09/28 03:41:34.212,68.62,1976,78,0x0000000000000000,87.3
1790566904,2026/09/28 03:41:44.266,65.48,1976,77,0x0000000000000000,86.5
1790566914,2026/09/28 03:41:54.319,68.00,1976,78,0x0000000000000000,87.3
1790566924,2026/09/28 03:42:04.373,68.76,1976,78,0x0000000000000000,86.9
1790566934,2026/09/28 03:42:14.427,68.34,1976,78,0x0000000000000000,87.3
1790566944,2026/09/28 03:42:24.479,59.93,1976,78,0x0000000000000000,86.3
1790566954,2026/09/28 03:42:34.535,67.71,1976,78,0x0000000000000000,87.1
1790566964,2026/09/28 03:42:44.588,66.75,1976,78,0x0000000000000000,86.9
1790566974,2026/09/28 03:42:54.652,68.95,1976,78,0x0000000000000000,87.2
1790566984,2026/09/28 03:43:04.714,65.47,1976,79,0x0000000000000000,86.8
1790566994,2026/09/28 03:43:14.773,68.55,1976,79,0x0000000000000000,87.3
1790567004,2026/09/28 03:43:24.833,66.95,1976,78,0x0000000000000000,87.3
1790567014,2026/09/28 03:43:34.893,68.18,1976,78,0x0000000000000000,87.2
1790567024,2026/09/28 03:43:44.951,68.88,1976,79,0x0000000000000000,87.6
1790567035,2026/09/28 03:43:55.012,65.99,1976,78,0x0000000000000000,86.7
1790567045,2026/09/28 03:44:05.066,64.55,1976,78,0x0000000000000000,86.7
1790567055,2026/09/28 03:44:15.124,67.46,1976,77,0x0000000000000000,87.2
1790567065,2026/09/28 03:44:25.178,66.07,1976,78,0x0000000000000000,86.9
1790567075,2026/09/28 03:44:35.230,68.16,1976,78,0x0000000000000000,87.3
1790567085,2026/09/28 03:44:45.284,67.17,1976,77,0x0000000000000000,86.9
1790567095,2026/09/28 03:44:55.342,67.98,1976,78,0x0000000000000000,87.4
1790567105,2026/09/28 03:45:05.397,67.53,1976,79,0x0000000000000000,86.9
1790567115,2026/09/28 03:45:15.456,70.78,1976,79,0x0000000000000000,87.3
1790567125,2026/09/28 03:45:25.509,68.06,1976,78,0x0000000000000000,87.3
1790567135,2026/09/28 03:45:35.567,67.54,1976,79,0x0000000000000000,87.2
1790567145,2026/09/28 03:45:45.618,67.63,1976,77,0x0000000000000000,86.8
1790567155,2026/09/28 03:45:55.671,67.66,1976,78,0x0000000000000000,87.1
1790567165,2026/09/28 03:46:05.725,68.99,1976,79,0x0000000000000000,87.5
1790567175,2026/09/28 03:46:15.783,68.62,1976,78,0x0000000000000000,87.2
1790567185,2026/09/28 03:46:25.836,67.94,1976,78,0x0000000000000000,87.3
1790567195,2026/09/28 03:46:35.890,65.78,1976,79,0x0000000000000000,86.8
1790567205,2026/09/28 03:46:45.942,66.81,1976,78,0x0000000000000000,87.4
1790567216,2026/09/28 03:46:55.998,67.90,1976,78,0x0000000000000000,87.4
1790567226,2026/09/28 03:47:06.052,68.27,1976,78,0x0000000000000000,87.0
1790567236,2026/09/28 03:47:16.108,68.53,1976,79,0x0000000000000000,87.5
1790567246,2026/09/28 03:47:26.167,68.16,1976,78,0x0000000000000000,87.2
1790567256,2026/09/28 03:47:36.222,66.79,1976,78,0x0000000000000000,87.1
1790567266,2026/09/28 03:47:46.278,68.47,1976,78,0x0000000000000000,87.5
1790567276,2026/09/28 03:47:56.334,65.26,1976,78,0x0000000000000000,86.4
1790567286,2026/09/28 03:48:06.387,66.74,1976,77,0x0000000000000000,86.1
1790567296,2026/09/28 03:48:16.446,68.22,1976,78,0x0000000000000000,87.3
1790567306,2026/09/28 03:48:26.501,68.21,1976,78,0x0000000000000000,87.4
1790567316,2026/09/28 03:48:36.553,66.76,1976,78,0x0000000000000000,87.2
1790567326,2026/09/28 03:48:46.610,68.61,1976,78,0x0000000000000000,87.4
1790567336,2026/09/28 03:48:56.666,69.37,1976,79,0x0000000000000000,87.9
1790567346,2026/09/28 03:49:06.721,68.05,1976,78,0x0000000000000000,87.2
1790567356,2026/09/28 03:49:16.776,68.53,1976,78,0x0000000000000000,87.2
1790567366,2026/09/28 03:49:26.832,69.39,1976,79,0x0000000000000000,87.5
1790567376,2026/09/28 03:49:36.891,66.58,1976,79,0x0000000000000000,86.7
1790567386,2026/09/28 03:49:46.950,68.54,1976,78,0x0000000000000000,87.4
1790567397,2026/09/28 03:49:57.008,69.26,1976,79,0x0000000000000000,87.4
1790567407,2026/09/28 03:50:07.073,63.86,1976,78,0x0000000000000000,86.5
1790567417,2026/09/28 03:50:17.133,68.08,1976,78,0x0000000000000000,87.2
1790567427,2026/09/28 03:50:27.185,66.92,1976,78,0x0000000000000000,87.5
1790567437,2026/09/28 03:50:37.238,67.91,1976,78,0x0000000000000000,87.2
1790567447,2026/09/28 03:50:47.292,68.03,1976,77,0x0000000000000000,87.3
1790567457,2026/09/28 03:50:57.348,66.88,1976,77,0x0000000000000000,87.3
1790567467,2026/09/28 03:51:07.402,64.67,1976,77,0x0000000000000000,86.9
1790567477,2026/09/28 03:51:17.456,67.35,1976,78,0x0000000000000000,87.3
1790567487,2026/09/28 03:51:27.512,66.40,1976,77,0x0000000000000000,86.7
1790567497,2026/09/28 03:51:37.565,68.23,1976,78,0x0000000000000000,87.2
1790567507,2026/09/28 03:51:47.614,68.90,1976,79,0x0000000000000000,87.5
1790567517,2026/09/28 03:51:57.671,66.47,1976,78,0x0000000000000000,87.3
1790567527,2026/09/28 03:52:07.728,67.60,1976,78,0x0000000000000000,87.0
1790567537,2026/09/28 03:52:17.788,69.36,1976,79,0x0000000000000000,87.6
1790567547,2026/09/28 03:52:27.848,67.02,1976,78,0x0000000000000000,87.2
1790567557,2026/09/28 03:52:37.902,68.04,1976,78,0x0000000000000000,87.3
1790567567,2026/09/28 03:52:47.956,69.49,1976,79,0x0000000000000000,87.0
1790567578,2026/09/28 03:52:58.010,66.60,1976,78,0x0000000000000000,87.1
1790567588,2026/09/28 03:53:08.066,67.88,1976,78,0x0000000000000000,87.2
1790567598,2026/09/28 03:53:18.122,67.35,1976,77,0x0000000000000000,87.0
1790567608,2026/09/28 03:53:28.178,67.66,1976,78,0x0000000000000000,87.1
1790567618,2026/09/28 03:53:38.233,67.86,1976,78,0x0000000000000000,87.2
1790567628,2026/09/28 03:53:48.282,67.84,1976,78,0x0000000000000000,87.2
1790567638,2026/09/28 03:53:58.339,66.99,1976,78,0x0000000000000000,87.1
1790567648,2026/09/28 03:54:08.395,66.81,1976,78,0x0000000000000000,87.4
1790567658,2026/09/28 03:54:18.450,67.30,1976,77,0x0000000000000000,87.1
1790567668,2026/09/28 03:54:28.503,63.99,1976,78,0x0000000000000000,86.7
1790567678,2026/09/28 03:54:38.558,66.12,1976,77,0x0000000000000000,86.6
1790567688,2026/09/28 03:54:48.612,66.47,1976,78,0x0000000000000000,87.3
1790567698,2026/09/28 03:54:58.665,68.26,1976,78,0x0000000000000000,87.5
1790567708,2026/09/28 03:55:08.721,65.70,1976,79,0x0000000000000000,87.3
1790567718,2026/09/28 03:55:18.777,67.27,1976,78,0x0000000000000000,87.2
1790567728,2026/09/28 03:55:28.834,60.38,1976,78,0x0000000000000000,86.5
1790567738,2026/09/28 03:55:38.888,69.45,1976,79,0x0000000000000000,87.6
1790567748,2026/09/28 03:55:48.945,66.71,1976,78,0x0000000000000000,87.4
1790567759,2026/09/28 03:55:58.997,68.39,1976,78,0x0000000000000000,87.4
1790567769,2026/09/28 03:56:09.052,68.81,1976,77,0x0000000000000000,87.4
1790567779,2026/09/28 03:56:19.123,67.99,1976,78,0x0000000000000000,87.2
1790567789,2026/09/28 03:56:29.182,62.09,1976,78,0x0000000000000000,87.6
1790567799,2026/09/28 03:56:39.235,66.96,1976,78,0x0000000000000000,87.2
1790567809,2026/09/28 03:56:49.294,68.22,1976,78,0x0000000000000000,87.4
1790567819,2026/09/28 03:56:59.350,67.64,1976,79,0x0000000000000000,87.7
1790567829,2026/09/28 03:57:09.407,68.47,1976,78,0x0000000000000000,87.6
1790567839,2026/09/28 03:57:19.461,67.75,1976,78,0x0000000000000000,87.0
1790567849,2026/09/28 03:57:29.515,67.56,1976,78,0x0000000000000000,87.5
1790567859,2026/09/28 03:57:39.571,65.54,1976,77,0x0000000000000000,86.6
1790567869,2026/09/28 03:57:49.626,67.87,1976,78,0x0000000000000000,87.5
1790567879,2026/09/28 03:57:59.683,67.49,1976,78,0x0000000000000000,87.4
1790567889,2026/09/28 03:58:09.739,68.19,1976,78,0x0000000000000000,87.5
1790567899,2026/09/28 03:58:19.795,67.72,1976,79,0x0000000000000000,87.2
1790567909,2026/09/28 03:58:29.855,67.11,1976,78,0x0000000000000000,87.5
1790567919,2026/09/28 03:58:39.911,67.97,1976,78,0x0000000000000000,87.8
1790567929,2026/09/28 03:58:49.972,68.12,1976,79,0x0000000000000000,87.6
1790567940,2026/09/28 03:59:00.027,67.65,1976,78,0x0000000000000000,87.2
1790567950,2026/09/28 03:59:10.084,68.18,1976,78,0x0000000000000000,87.5
1790567960,2026/09/28 03:59:20.138,67.45,1976,79,0x0000000000000000,87.5
1790567970,2026/09/28 03:59:30.194,67.94,1976,78,0x0000000000000000,87.4
1790567980,2026/09/28 03:59:40.246,67.27,1976,79,0x0000000000000000,87.3
1790567990,2026/09/28 03:59:50.306,67.29,1976,79,0x0000000000000000,87.4
1790568000,2026/09/28 04:00:00.361,68.51,1976,78,0x0000000000000000,87.3
1790568010,2026/09/28 04:00:10.420,67.99,1976,78,0x0000000000000000,87.4
1790568020,2026/09/28 04:00:20.478,66.64,1976,77,0x0000000000000000,87.2
1790568030,2026/09/28 04:00:30.536,68.79,1976,79,0x0000000000000000,87.1
1790568040,2026/09/28 04:00:40.597,65.99,1976,78,0x0000000000000000,87.1
1790568050,2026/09/28 04:00:50.654,66.63,1976,78,0x0000000000000000,87.2
1790568060,2026/09/28 04:01:00.710,67.33,1976,78,0x0000000000000000,87.4
1790568070,2026/09/28 04:01:10.766,68.45,1976,79,0x0000000000000000,87.6
1790568080,2026/09/28 04:01:20.824,66.94,1976,79,0x0000000000000000,87.3
1790568090,2026/09/28 04:01:30.884,68.09,1976,78,0x0000000000000000,87.6
1790568100,2026/09/28 04:01:40.941,68.26,1976,79,0x0000000000000000,87.1
1790568111,2026/09/28 04:01:51.001,67.11,1976,78,0x0000000000000000,87.6
1790568121,2026/09/28 04:02:01.057,68.36,1976,79,0x0000000000000000,87.1
1790568131,2026/09/28 04:02:11.114,67.15,1976,79,0x0000000000000000,87.1
1790568141,2026/09/28 04:02:21.179,67.01,1976,78,0x0000000000000000,87.2
1790568151,2026/09/28 04:02:31.235,68.29,1976,78,0x0000000000000000,87.6
1790568161,2026/09/28 04:02:41.287,65.78,1976,77,0x0000000000000000,86.8
1790568171,2026/09/28 04:02:51.340,69.32,1976,78,0x0000000000000000,87.4
1790568181,2026/09/28 04:03:01.400,68.30,1976,78,0x0000000000000000,87.6
1790568191,2026/09/28 04:03:11.454,66.80,1976,76,0x0000000000000000,87.4
1790568201,2026/09/28 04:03:21.511,68.70,1976,77,0x0000000000000000,87.4
1790568211,2026/09/28 04:03:31.567,64.50,1976,78,0x0000000000000000,87.3
1790568221,2026/09/28 04:03:41.621,66.57,1976,78,0x0000000000000000,87.3
1790568231,2026/09/28 04:03:51.676,68.43,1976,78,0x0000000000000000,87.5
1790568241,2026/09/28 04:04:01.734,68.76,1976,79,0x0000000000000000,87.8
1790568251,2026/09/28 04:04:11.785,66.95,1976,78,0x0000000000000000,87.2
1790568261,2026/09/28 04:04:21.839,68.10,1976,78,0x0000000000000000,87.6
1790568271,2026/09/28 04:04:31.893,68.72,1976,79,0x0000000000000000,87.6
1790568281,2026/09/28 04:04:41.949,67.35,1976,78,0x0000000000000000,87.7
1790568292,2026/09/28 04:04:52.005,66.06,1976,78,0x0000000000000000,87.4
1790568302,2026/09/28 04:05:02.060,68.78,1976,79,0x0000000000000000,87.6
1790568312,2026/09/28 04:05:12.119,66.87,1976,78,0x0000000000000000,87.2
1790568322,2026/09/28 04:05:22.176,67.86,1976,78,0x0000000000000000,87.4
1790568332,2026/09/28 04:05:32.228,67.49,1976,78,0x0000000000000000,87.0
1790568342,2026/09/28 04:05:42.280,68.39,1976,78,0x0000000000000000,87.5
1790568352,2026/09/28 04:05:52.335,67.57,1976,79,0x0000000000000000,87.3
1790568362,2026/09/28 04:06:02.392,67.48,1976,77,0x0000000000000000,87.3
1790568372,2026/09/28 04:06:12.447,69.41,1976,78,0x0000000000000000,87.4
1790568382,2026/09/28 04:06:22.502,68.15,1976,78,0x0000000000000000,87.5
1790568392,2026/09/28 04:06:32.560,66.86,1976,78,0x0000000000000000,87.0
1790568402,2026/09/28 04:06:42.623,68.16,1976,78,0x0000000000000000,87.4
1790568412,2026/09/28 04:06:52.680,68.25,1976,78,0x0000000000000000,87.7
1790568422,2026/09/28 04:07:02.731,67.66,1976,78,0x0000000000000000,87.4
1790568432,2026/09/28 04:07:12.787,67.96,1976,78,0x0000000000000000,87.4
1790568442,2026/09/28 04:07:22.843,68.74,1976,79,0x0000000000000000,87.8
1790568452,2026/09/28 04:07:32.899,67.40,1976,78,0x0000000000000000,87.6
1790568462,2026/09/28 04:07:42.954,68.12,1976,78,0x0000000000000000,87.6
1790568473,2026/09/28 04:07:53.010,68.68,1976,79,0x0000000000000000,87.5
1790568483,2026/09/28 04:08:03.074,66.99,1976,78,0x0000000000000000,87.3
1790568493,2026/09/28 04:08:13.133,67.93,1976,78,0x0000000000000000,87.6
1790568503,2026/09/28 04:08:23.192,65.82,1976,77,0x0000000000000000,87.1
1790568513,2026/09/28 04:08:33.249,68.06,1976,78,0x0000000000000000,87.4
1790568523,2026/09/28 04:08:43.306,67.57,1976,78,0x0000000000000000,87.5
1790568533,2026/09/28 04:08:53.362,68.24,1976,78,0x0000000000000000,87.8
1790568543,2026/09/28 04:09:03.421,68.39,1976,78,0x0000000000000000,87.5
1790568553,2026/09/28 04:09:13.481,66.67,1976,77,0x0000000000000000,86.8
1790568563,2026/09/28 04:09:23.535,67.92,1976,78,0x0000000000000000,87.5
1790568573,2026/09/28 04:09:33.592,67.57,1976,77,0x0000000000000000,87.4
1790568583,2026/09/28 04:09:43.648,68.46,1976,78,0x0000000000000000,87.6
1790568593,2026/09/28 04:09:53.703,67.84,1976,78,0x0000000000000000,87.5
1790568603,2026/09/28 04:10:03.755,67.93,1976,78,0x0000000000000000,87.6
1790568613,2026/09/28 04:10:13.808,68.94,1976,79,0x0000000000000000,86.9
1790568623,2026/09/28 04:10:23.865,67.79,1976,78,0x0000000000000000,87.6
1790568633,2026/09/28 04:10:33.917,67.65,1976,78,0x0000000000000000,87.3
1790568643,2026/09/28 04:10:43.969,68.77,1976,79,0x0000000000000000,87.6
1790568654,2026/09/28 04:10:54.026,67.13,1976,78,0x0000000000000000,87.5
1790568664,2026/09/28 04:11:04.084,67.36,1976,78,0x0000000000000000,86.8
1790568674,2026/09/28 04:11:14.142,68.59,1976,79,0x0000000000000000,87.5
1790568684,2026/09/28 04:11:24.195,67.41,1976,78,0x0000000000000000,87.7
1790568694,2026/09/28 04:11:34.251,67.44,1976,78,0x0000000000000000,87.4
1790568704,2026/09/28 04:11:44.305,67.81,1976,78,0x0000000000000000,87.4
1790568714,2026/09/28 04:11:54.360,68.39,1976,78,0x0000000000000000,87.7
1790568724,2026/09/28 04:12:04.417,58.57,1976,77,0x0000000000000000,86.1
1790568734,2026/09/28 04:12:14.473,67.25,1976,78,0x0000000000000000,87.7
1790568744,2026/09/28 04:12:24.527,66.43,1976,78,0x0000000000000000,87.3
1790568754,2026/09/28 04:12:34.581,67.85,1976,78,0x0000000000000000,87.3
1790568764,2026/09/28 04:12:44.639,66.87,1976,78,0x0000000000000000,87.4
1790568774,2026/09/28 04:12:54.697,68.87,1976,78,0x0000000000000000,87.4
1790568784,2026/09/28 04:13:04.755,68.48,1976,78,0x0000000000000000,87.7
1790568794,2026/09/28 04:13:14.810,66.90,1976,78,0x0000000000000000,87.4
1790568804,2026/09/28 04:13:24.862,68.17,1976,78,0x0000000000000000,87.9
1790568814,2026/09/28 04:13:34.917,69.24,1976,79,0x0000000000000000,88.0
1790568824,2026/09/28 04:13:44.978,66.03,1976,78,0x0000000000000000,87.4
1790568835,2026/09/28 04:13:55.036,67.93,1976,78,0x0000000000000000,87.6
1790568845,2026/09/28 04:14:05.088,69.10,1976,79,0x0000000000000000,87.8
1790568855,2026/09/28 04:14:15.145,65.65,1976,78,0x0000000000000000,87.3
1790568865,2026/09/28 04:14:25.202,68.04,1976,78,0x0000000000000000,87.6
1790568875,2026/09/28 04:14:35.261,69.22,1976,79,0x0000000000000000,87.6
1790568885,2026/09/28 04:14:45.321,67.82,1976,78,0x0000000000000000,87.3
1790568895,2026/09/28 04:14:55.378,67.30,1976,77,0x0000000000000000,87.2
1790568905,2026/09/28 04:15:05.429,67.65,1976,78,0x0000000000000000,87.3
1790568915,2026/09/28 04:15:15.483,67.51,1976,78,0x0000000000000000,87.2
1790568925,2026/09/28 04:15:25.539,68.17,1976,78,0x0000000000000000,87.8
1790568935,2026/09/28 04:15:35.592,67.18,1976,78,0x0000000000000000,87.8
1790568945,2026/09/28 04:15:45.644,68.51,1976,78,0x0000000000000000,87.6
1790568955,2026/09/28 04:15:55.700,68.13,1976,78,0x0000000000000000,87.6
1790568965,2026/09/28 04:16:05.753,67.24,1976,78,0x0000000000000000,87.2
1790568975,2026/09/28 04:16:15.806,64.73,1976,78,0x0000000000000000,87.4
1790568985,2026/09/28 04:16:25.860,69.20,1976,79,0x0000000000000000,88.0
1790568995,2026/09/28 04:16:35.918,66.19,1976,78,0x0000000000000000,87.2
1790569005,2026/09/28 04:16:45.972,68.14,1976,78,0x0000000000000000,87.7
1790569016,2026/09/28 04:16:56.028,68.20,1976,79,0x0000000000000000,87.5
1790569026,2026/09/28 04:17:06.082,58.43,1976,71,0x0000000000000000,86.1
1790569036,2026/09/28 04:17:16.138,68.18,1976,78,0x0000000000000000,87.5
1790569046,2026/09/28 04:17:26.196,64.71,1976,79,0x0000000000000000,86.9
1790569056,2026/09/28 04:17:36.252,65.55,1976,78,0x0000000000000000,87.3
1790569066,2026/09/28 04:17:46.308,67.89,1976,78,0x0000000000000000,87.6
1790569076,2026/09/28 04:17:56.363,68.02,1976,77,0x0000000000000000,87.9
1790569086,2026/09/28 04:18:06.419,65.71,1976,78,0x0000000000000000,87.2
1790569096,2026/09/28 04:18:16.474,68.12,1976,78,0x0000000000000000,87.8
1790569106,2026/09/28 04:18:26.525,67.30,1976,77,0x0000000000000000,87.6
1790569116,2026/09/28 04:18:36.578,65.44,1976,78,0x0000000000000000,87.2
1790569126,2026/09/28 04:18:46.633,67.92,1976,78,0x0000000000000000,87.8
1790569136,2026/09/28 04:18:56.685,63.13,1976,79,0x0000000000000000,86.8
1790569146,2026/09/28 04:19:06.745,68.15,1976,78,0x0000000000000000,87.5
1790569156,2026/09/28 04:19:16.799,67.79,1976,78,0x0000000000000000,87.9
1790569166,2026/09/28 04:19:26.854,66.23,1976,78,0x0000000000000000,87.9
1790569176,2026/09/28 04:19:36.909,68.41,1976,78,0x0000000000000000,87.9
1790569186,2026/09/28 04:19:46.966,65.84,1976,77,0x0000000000000000,87.4
1790569197,2026/09/28 04:19:57.020,66.57,1976,78,0x0000000000000000,87.3
1790569207,2026/09/28 04:20:07.080,67.61,1976,78,0x0000000000000000,87.4
1790569217,2026/09/28 04:20:17.137,69.56,1976,79,0x0000000000000000,87.4
1790569227,2026/09/28 04:20:27.191,66.54,1976,78,0x0000000000000000,87.8
1790569237,2026/09/28 04:20:37.247,68.17,1976,79,0x0000000000000000,87.7
1790569247,2026/09/28 04:20:47.309,67.79,1976,79,0x0000000000000000,88.0
1790569257,2026/09/28 04:20:57.363,65.47,1976,78,0x0000000000000000,87.9
1790569267,2026/09/28 04:21:07.416,67.90,1976,78,0x0000000000000000,88.2
1790569277,2026/09/28 04:21:17.470,67.36,1976,79,0x0000000000000000,88.1
1790569287,2026/09/28 04:21:27.524,66.75,1976,78,0x0000000000000000,87.9
1790569297,2026/09/28 04:21:37.577,63.78,1976,78,0x0000000000000000,87.3
1790569307,2026/09/28 04:21:47.633,67.71,1976,79,0x0000000000000000,87.2
1790569317,2026/09/28 04:21:57.688,67.81,1976,78,0x0000000000000000,87.6
1790569327,2026/09/28 04:22:07.742,64.85,1976,77,0x0000000000000000,87.3
1790569337,2026/09/28 04:22:17.796,67.47,1976,78,0x0000000000000000,87.4
1790569347,2026/09/28 04:22:27.853,67.59,1976,78,0x0000000000000000,87.6
1790569357,2026/09/28 04:22:37.908,69.20,1976,79,0x0000000000000000,88.0
1790569367,2026/09/28 04:22:47.962,65.92,1976,77,0x0000000000000000,86.9
1790569378,2026/09/28 04:22:58.017,67.55,1976,78,0x0000000000000000,87.5
1790569388,2026/09/28 04:23:08.072,69.16,1976,79,0x0000000000000000,87.6
1790569398,2026/09/28 04:23:18.129,65.59,1976,78,0x0000000000000000,87.5
1790569408,2026/09/28 04:23:28.184,68.04,1976,78,0x0000000000000000,87.8
1790569418,2026/09/28 04:23:38.233,69.28,1976,79,0x0000000000000000,87.9
1790569428,2026/09/28 04:23:48.287,66.32,1976,78,0x0000000000000000,87.7
1790569438,2026/09/28 04:23:58.342,67.61,1976,78,0x0000000000000000,87.6
1790569448,2026/09/28 04:24:08.398,61.51,1976,79,0x0000000000000000,87.1
1790569458,2026/09/28 04:24:18.451,67.26,1976,78,0x0000000000000000,87.6
1790569468,2026/09/28 04:24:28.507,68.20,1976,78,0x0000000000000000,87.7
1790569478,2026/09/28 04:24:38.575,68.65,1976,78,0x0000000000000000,87.5
1790569488,2026/09/28 04:24:48.629,67.55,1976,79,0x0000000000000000,87.8
1790569498,2026/09/28 04:24:58.688,67.91,1976,78,0x0000000000000000,87.9
1790569508,2026/09/28 04:25:08.747,69.14,1976,79,0x0000000000000000,87.5
1790569518,2026/09/28 04:25:18.797,67.38,1976,78,0x0000000000000000,87.5
1790569528,2026/09/28 04:25:28.851,68.01,1976,78,0x0000000000000000,87.9
1790569538,2026/09/28 04:25:38.906,68.26,1976,78,0x0000000000000000,87.7
1790569548,2026/09/28 04:25:48.964,67.23,1976,78,0x0000000000000000,87.4
1790569559,2026/09/28 04:25:59.019,66.45,1976,77,0x0000000000000000,87.2
1790569569,2026/09/28 04:26:09.075,68.36,1976,79,0x0000000000000000,87.5
1790569579,2026/09/28 04:26:19.135,66.93,1976,79,0x0000000000000000,87.6
1790569589,2026/09/28 04:26:29.192,66.03,1976,76,0x0000000000000000,86.6
1790569599,2026/09/28 04:26:39.255,68.08,1976,78,0x0000000000000000,87.3
1790569609,2026/09/28 04:26:49.310,69.64,1976,79,0x0000000000000000,87.6
1790569619,2026/09/28 04:26:59.372,66.86,1976,78,0x0000000000000000,87.6
1790569629,2026/09/28 04:27:09.431,67.31,1976,78,0x0000000000000000,87.8
1790569639,2026/09/28 04:27:19.489,66.74,1976,79,0x0000000000000000,87.9
1790569649,2026/09/28 04:27:29.551,67.82,1976,77,0x0000000000000000,87.7
1790569659,2026/09/28 04:27:39.606,66.81,1976,78,0x0000000000000000,87.6
1790569669,2026/09/28 04:27:49.656,68.00,1976,77,0x0000000000000000,87.3
1790569679,2026/09/28 04:27:59.707,62.99,1976,78,0x0000000000000000,86.9
1790569689,2026/09/28 04:28:09.762,66.52,1976,78,0x0000000000000000,87.7
1790569699,2026/09/28 04:28:19.816,70.22,1976,79,0x0000000000000000,87.8
1790569709,2026/09/28 04:28:29.873,61.70,1976,77,0x0000000000000000,86.8
1790569719,2026/09/28 04:28:39.928,59.72,1976,78,0x0000000000000000,87.1
1790569729,2026/09/28 04:28:49.984,65.62,1976,78,0x0000000000000000,87.4
1790569740,2026/09/28 04:29:00.039,67.87,1976,79,0x0000000000000000,87.9
1790569750,2026/09/28 04:29:10.099,68.72,1976,79,0x0000000000000000,87.7
1790569760,2026/09/28 04:29:20.156,65.31,1976,78,0x0000000000000000,87.6
1790569770,2026/09/28 04:29:30.213,68.04,1976,78,0x0000000000000000,87.8
1790569780,2026/09/28 04:29:40.265,69.33,1976,79,0x0000000000000000,87.9
1790569790,2026/09/28 04:29:50.322,68.44,1976,78,0x0000000000000000,87.9
1790569800,2026/09/28 04:30:00.379,67.91,1976,78,0x0000000000000000,87.9
1790569810,2026/09/28 04:30:10.432,69.13,1976,79,0x0000000000000000,88.0
1790569820,2026/09/28 04:30:20.488,68.12,1976,78,0x0000000000000000,88.1
1790569830,2026/09/28 04:30:30.541,68.25,1976,78,0x0000000000000000,87.6
1790569840,2026/09/28 04:30:40.597,67.64,1976,77,0x0000000000000000,87.5
1790569850,2026/09/28 04:30:50.656,67.58,1976,79,0x0000000000000000,87.8
1790569860,2026/09/28 04:31:00.710,67.64,1976,78,0x0000000000000000,88.0
1790569870,2026/09/28 04:31:10.766,67.70,1976,77,0x0000000000000000,87.4
1790569880,2026/09/28 04:31:20.818,59.27,1976,78,0x0000000000000000,86.9
1790569890,2026/09/28 04:31:30.871,67.70,1976,78,0x0000000000000000,88.1
# end 1790569890 clean
